Country Code,Country Name,Year,Electricity Access,Clean Cooking Access,Renewable Energy,GDP per Capita
ABW,Aruba,2000,91.7,,0.2,28104.895436286
ABW,Aruba,2001,100,,0.2,29007.738695877
ABW,Aruba,2002,100,,0.2,28535.463948022
ABW,Aruba,2003,100,,0.2,28525.807706384
ABW,Aruba,2004,100,,0.2,29959.774818958
ABW,Aruba,2005,100,,0.2,29081.706699790
ABW,Aruba,2006,100,,0.2,28885.911870047
ABW,Aruba,2007,100,,0.2,29556.838468655
ABW,Aruba,2008,100,,0.2,29870.664807701
ABW,Aruba,2009,100,,0.3,26204.059736198
ABW,Aruba,2010,93.4,,5.5,25429.218097485
ABW,Aruba,2011,100,,5.7,26093.054208323
ABW,Aruba,2012,100,,6.9,25444.733664669
ABW,Aruba,2013,100,,6.9,26680.141120634
ABW,Aruba,2014,100,,6.9,26773.822910239
ABW,Aruba,2015,100,,6.7,27458.220153751
ABW,Aruba,2016,100,,7,27587.249804048
ABW,Aruba,2017,100,,6.8,28548.890431774
ABW,Aruba,2018,100,,8.6,29419.208623316
ABW,Aruba,2019,100,,8.3,29700.363467057
ABW,Aruba,2020,100,,9.1,22718.229444501
ABW,Aruba,2021,100,,8.8,26303.039720237
ABW,Aruba,2022,99.9,,8.8,29198.990358483
ABW,Aruba,2023,100,,,31963.076450535
AFG,Afghanistan,2000,4.4,6.2,45,308.318269747
AFG,Afghanistan,2001,9.3,7.1,45.6,277.118051444
AFG,Afghanistan,2002,14.1,8.3,37.8,338.139973643
AFG,Afghanistan,2003,19,9.35,36.7,346.071627096
AFG,Afghanistan,2004,23.8,10.8,44.2,338.637273888
AFG,Afghanistan,2005,28.7,12.1,33.9,363.640141437
AFG,Afghanistan,2006,33.5,13.6,31.9,367.758311694
AFG,Afghanistan,2007,38.4,15.3,28.8,410.757728879
AFG,Afghanistan,2008,42.4,16.7,21.2,417.647282647
AFG,Afghanistan,2009,48.3,18.3,16.5,488.830652492
AFG,Afghanistan,2010,42.7,19.8,15.2,542.871030476
AFG,Afghanistan,2011,43.2,21.3,12.6,525.426982766
AFG,Afghanistan,2012,69.1,22.9,15.4,568.929021458
AFG,Afghanistan,2013,68,24.4,16.9,580.603833333
AFG,Afghanistan,2014,89.5,25.8,19.1,575.146245809
AFG,Afghanistan,2015,71.5,27.5,17.7,565.569730409
AFG,Afghanistan,2016,97.7,28.9,20.2,563.872336723
AFG,Afghanistan,2017,97.7,30.15,19.5,562.769574141
AFG,Afghanistan,2018,93.4,31.7,18.3,553.125151688
AFG,Afghanistan,2019,97.7,33.3,18.9,557.861533207
AFG,Afghanistan,2020,97.7,34.6,18.2,527.834554499
AFG,Afghanistan,2021,97.7,35.9,20,408.625855217
AFG,Afghanistan,2022,85.3,37.1,20,377.665627081
AFG,Afghanistan,2023,85.3,38.6,,378.066303123
AGO,Angola,2000,24.2,40.3,73.8,2172.463267187
AGO,Angola,2001,20,41,72.8,2189.173521580
AGO,Angola,2002,26.3,41.4,70.8,2404.977920717
AGO,Angola,2003,27.4,41.7,65.6,2403.404151572
AGO,Angola,2004,28.4,42.1,62.3,2583.324114615
AGO,Angola,2005,29.4,42.8,68.9,2843.396635799
AGO,Angola,2006,30.5,43.2,62.6,3065.055762442
AGO,Angola,2007,37.5,43.35,58.9,3336.363324655
AGO,Angola,2008,38.5,43.9,55.4,3559.195225125
AGO,Angola,2009,33.8,44.1,53,3494.807244665
AGO,Angola,2010,35,44.7,53.1,3540.791595687
AGO,Angola,2011,34.6,44.9,51.7,3528.168243737
AGO,Angola,2012,37.3,45.6,49,3682.352293231
AGO,Angola,2013,38.4,46.1,46.8,3716.297187276
AGO,Angola,2014,32,46.8,47.5,3746.816199789
AGO,Angola,2015,42,47,47.1,3641.728939203
AGO,Angola,2016,41.8,48,48.1,3505.596346818
AGO,Angola,2017,42.9,48.2,52.5,3378.075881026
AGO,Angola,2018,45.3,48.8,52.5,3246.878571410
AGO,Angola,2019,45.6,49.2,51,3105.599712427
AGO,Angola,2020,47,49.4,60.1,2847.242415782
AGO,Angola,2021,48.2,49.8,52.9,2788.167370867
AGO,Angola,2022,48.5,50,,2798.017173177
AGO,Angola,2023,51.1,50.2,,2748.951969542
ALB,Albania,2000,99.4,36.6,41.4,1991.914358671
ALB,Albania,2001,99.4,39.3,39,2188.918544514
ALB,Albania,2002,99.4,42.3,35.8,2297.108535139
ALB,Albania,2003,99.4,45.4,33.7,2428.689346536
ALB,Albania,2004,99.4,48.6,35.8,2567.297636871
ALB,Albania,2005,99.4,51.2,36.8,2712.869838303
ALB,Albania,2006,99.4,54.4,31.6,2894.360325802
ALB,Albania,2007,99.4,57.8,32,3105.879675639
ALB,Albania,2008,100,60.6,35.8,3345.981617615
ALB,Albania,2009,99.6,63.2,37.1,3459.246956467
ALB,Albania,2010,99.6,65.9,37,3579.824131810
ALB,Albania,2011,99.7,68.6,35.8,3677.894579377
ALB,Albania,2012,99.9,70.8,39.9,3771.847818620
ALB,Albania,2013,99.9,72.8,41.1,3895.899756219
ALB,Albania,2014,100,74.7,38.6,4045.119348849
ALB,Albania,2015,100,76.5,38.5,4199.539129254
ALB,Albania,2016,99.9,78,39.4,4431.556358142
ALB,Albania,2017,99.9,79.7,36.9,4648.230786607
ALB,Albania,2018,100,80.9,37.8,4893.823755387
ALB,Albania,2019,100,82.1,40.1,5072.436483547
ALB,Albania,2020,100,83.4,44.4,4980.616995247
ALB,Albania,2021,100,84.5,41.9,5511.757434029
ALB,Albania,2022,100,85.4,,5867.650962306
ALB,Albania,2023,100,86.1,,6204.435256121
AND,Andorra,2000,100,100,14.5,34113.817378395
AND,Andorra,2001,100,100,15.4,36790.103708602
AND,Andorra,2002,100,100,15.8,38084.484310859
AND,Andorra,2003,100,100,16.5,39620.320160516
AND,Andorra,2004,100,100,16.6,40054.321153142
AND,Andorra,2005,100,100,16.6,40528.17486238
AND,Andorra,2006,100,100,17.6,41322.052921385
AND,Andorra,2007,100,100,16.6,40789.158969775
AND,Andorra,2008,100,100,17,37775.126140434
AND,Andorra,2009,100,100,17.1,35604.384009820
AND,Andorra,2010,100,100,18.7,36277.264442533
AND,Andorra,2011,100,100,18.6,37637.486834287
AND,Andorra,2012,100,100,18.8,36206.978435645
AND,Andorra,2013,100,100,19.1,35684.169434774
AND,Andorra,2014,100,100,19.4,37300.624419710
AND,Andorra,2015,100,100,19,38654.934721721
AND,Andorra,2016,100,100,18.9,40085.020598622
AND,Andorra,2017,100,100,18,39361.062264870
AND,Andorra,2018,100,100,17.6,39242.144897510
AND,Andorra,2019,100,100,17.2,39346.275035865
AND,Andorra,2020,100,100,20.9,34536.649922256
AND,Andorra,2021,100,100,18.4,36929.019152864
AND,Andorra,2022,100,100,18.7,39780.396613079
AND,Andorra,2023,100,100,,40227.23352974
ARE,United Arab Emirates,2000,100,100,0.1,56939.360076800
ARE,United Arab Emirates,2001,100,100,0.1,54169.413570157
ARE,United Arab Emirates,2002,100,100,0.1,52216.831833818
ARE,United Arab Emirates,2003,100,100,0.1,53619.166287596
ARE,United Arab Emirates,2004,100,100,0.1,55611.437634412
ARE,United Arab Emirates,2005,100,100,0.1,55363.581819700
ARE,United Arab Emirates,2006,100,100,0.1,56629.971311755
ARE,United Arab Emirates,2007,100,100,0.1,52038.622939312
ARE,United Arab Emirates,2008,100,100,0.1,47922.694143047
ARE,United Arab Emirates,2009,100,100,0.1,42672.194622263
ARE,United Arab Emirates,2010,100,100,0.1,42328.84668186
ARE,United Arab Emirates,2011,100,100,0.1,43687.791942455
ARE,United Arab Emirates,2012,100,100,0.1,43958.577967071
ARE,United Arab Emirates,2013,100,100,0.1,44312.632046351
ARE,United Arab Emirates,2014,100,100,0.1,44257.665208545
ARE,United Arab Emirates,2015,100,100,0.1,44910.345886078
ARE,United Arab Emirates,2016,100,100,0.1,45168.495597391
ARE,United Arab Emirates,2017,100,100,0.2,43293.020236077
ARE,United Arab Emirates,2018,100,100,0.3,43377.802601486
ARE,United Arab Emirates,2019,100,100,0.7,43468.453470501
ARE,United Arab Emirates,2020,100,100,0.9,39878.466389639
ARE,United Arab Emirates,2021,100,100,1,40935.891548208
ARE,United Arab Emirates,2022,100,100,,41828.568692355
ARE,United Arab Emirates,2023,100,100,,41926.577349841
ARG,Argentina,2000,95.7,95.8,9.8,10631.650363903
ARG,Argentina,2001,95.5,96.3,11.5,10051.944846304
ARG,Argentina,2002,96.1,96.9,11.6,8861.561992823
ARG,Argentina,2003,96.3,97.2,10.8,9545.531941200
ARG,Argentina,2004,96.5,97.6,9.3,10302.446531643
ARG,Argentina,2005,96.7,98,9.6,11099.750919060
ARG,Argentina,2006,97,98.3,9.2,11870.279155930
ARG,Argentina,2007,97.2,98.6,7.7,12811.902120658
ARG,Argentina,2008,97.5,98.8,7.7,13197.357026703
ARG,Argentina,2009,97.8,99.05,8.6,12285.378465187
ARG,Argentina,2010,98.8,99.2,8.8,13387.155374846
ARG,Argentina,2011,99,99.4,8.8,14040.618912444
ARG,Argentina,2012,99.1,99.5,8.6,13754.425423560
ARG,Argentina,2013,99.3,99.6,8.9,13946.095083225
ARG,Argentina,2014,100,99.7,9.8,13456.131915915
ARG,Argentina,2015,99.7,99.8,9.4,13679.626498095
ARG,Argentina,2016,99.9,99.8,9.4,13265.886063912
ARG,Argentina,2017,100,99.8,10.4,13520.112984616
ARG,Argentina,2018,100,99.9,10.5,13058.328544995
ARG,Argentina,2019,100,99.9,10.7,12706.397810897
ARG,Argentina,2020,100,99.9,9.8,11393.050595788
ARG,Argentina,2021,100,99.9,9.2,12549.281169934
ARG,Argentina,2022,100,99.9,,13276.823211019
ARG,Argentina,2023,100,99.9,,12993.092887242
ARM,Armenia,2000,98.9,79.3,7.2,1229.215104361
ARM,Armenia,2001,100,82.2,5.4,1351.120726946
ARM,Armenia,2002,98,84.7,8.9,1535.204528852
ARM,Armenia,2003,99.1,87.1,9.8,1759.646848294
ARM,Armenia,2004,99.1,89.05,8.7,1955.222624592
ARM,Armenia,2005,99.8,90.8,6.5,2240.092732098
ARM,Armenia,2006,99.1,92.3,7.7,2551.435463585
ARM,Armenia,2007,99.2,93.4,7,2919.373493637
ARM,Armenia,2008,99.2,94.3,6.4,3141.331935008
ARM,Armenia,2009,99.3,95.2,7.8,2716.974362805
ARM,Armenia,2010,99.8,95.7,9.4,2796.081434280
ARM,Armenia,2011,99.5,96.3,8,2943.836871193
ARM,Armenia,2012,99.5,96.8,6.6,3159.758607869
ARM,Armenia,2013,99.4,97.1,6.8,3266.298829999
ARM,Armenia,2014,99.7,97.4,7.1,3393.092523269
ARM,Armenia,2015,100,97.6,10.7,3512.393502767
ARM,Armenia,2016,99.8,97.8,13.2,3533.885036070
ARM,Armenia,2017,99.7,98.1,12.6,3815.374742604
ARM,Armenia,2018,99.9,98.2,11.1,4027.833930110
ARM,Armenia,2019,100,98.4,10.3,4343.458395830
ARM,Armenia,2020,100,98.5,8.4,4032.090434550
ARM,Armenia,2021,100,98.6,9.1,4264.799615052
ARM,Armenia,2022,100,98.7,,4791.004817122
ARM,Armenia,2023,100,98.8,,5197.235090136
ASM,American Samoa,2000,,,0,
ASM,American Samoa,2001,,,0,
ASM,American Samoa,2002,,,0,13054.636432690
ASM,American Samoa,2003,,,0,13201.734751617
ASM,American Samoa,2004,,,0,13291.535662685
ASM,American Samoa,2005,,,0,13284.279112887
ASM,American Samoa,2006,,,0,12794.756502172
ASM,American Samoa,2007,,,0,13092.311139341
ASM,American Samoa,2008,,,0,12809.463307968
ASM,American Samoa,2009,,,0,12342.057538402
ASM,American Samoa,2010,,,0,12446.308626502
ASM,American Samoa,2011,,,0,12521.809505864
ASM,American Samoa,2012,,,0.1,12068.266737498
ASM,American Samoa,2013,,,0.2,11871.793719273
ASM,American Samoa,2014,,,0.2,12203.089471428
ASM,American Samoa,2015,,,0.2,12727.410265139
ASM,American Samoa,2016,,,0.2,12665.282992127
ASM,American Samoa,2017,,,0.3,11930.777123683
ASM,American Samoa,2018,,,0.3,12412.602407456
ASM,American Samoa,2019,,,0.4,12524.016025228
ASM,American Samoa,2020,,,0.4,13194.274740128
ASM,American Samoa,2021,,,0.4,13233.578481734
ASM,American Samoa,2022,,,0.4,13709.097489547
ASM,American Samoa,2023,,,,
ATG,Antigua and Barbuda,2000,97.7,100,0,15961.091835906
ATG,Antigua and Barbuda,2001,97.7,100,0,15003.438916903
ATG,Antigua and Barbuda,2002,100,100,0,14968.070301388
ATG,Antigua and Barbuda,2003,97.9,100,0,15703.934714549
ATG,Antigua and Barbuda,2004,97.9,100,0,16433.413054148
ATG,Antigua and Barbuda,2005,92.2,100,0,17301.213431752
ATG,Antigua and Barbuda,2006,100,100,0,19259.648651791
ATG,Antigua and Barbuda,2007,100,100,0,20770.268973284
ATG,Antigua and Barbuda,2008,100,100,0,20464.786306605
ATG,Antigua and Barbuda,2009,98.5,100,0,17746.700856041
ATG,Antigua and Barbuda,2010,98.7,100,0,16135.397384487
ATG,Antigua and Barbuda,2011,94.6,100,0.1,15633.909113182
ATG,Antigua and Barbuda,2012,100,100,0.1,15989.390019978
ATG,Antigua and Barbuda,2013,100,100,0.1,15748.195202423
ATG,Antigua and Barbuda,2014,100,100,0.1,15967.284996712
ATG,Antigua and Barbuda,2015,100,100,0.4,16077.634076941
ATG,Antigua and Barbuda,2016,100,100,0.4,16635.895232831
ATG,Antigua and Barbuda,2017,100,100,0.4,16992.932749524
ATG,Antigua and Barbuda,2018,100,100,0.7,18042.159643573
ATG,Antigua and Barbuda,2019,100,100,0.7,18525.258890717
ATG,Antigua and Barbuda,2020,100,100,0.9,14950.894239721
ATG,Antigua and Barbuda,2021,100,100,0.9,16084.721440605
ATG,Antigua and Barbuda,2022,100,100,0.9,17359.267481111
ATG,Antigua and Barbuda,2023,100,100,,17938.318682805
AUS,Australia,2000,100,100,8.4,45979.076565405
AUS,Australia,2001,100,100,8.4,46314.623529797
AUS,Australia,2002,100,100,8.7,47599.407928931
AUS,Australia,2003,100,100,7.2,48509.663218036
AUS,Australia,2004,100,100,6.7,50018.590448386
AUS,Australia,2005,100,100,6.7,50972.640519744
AUS,Australia,2006,100,100,6.8,51682.892523054
AUS,Australia,2007,100,100,7,52671.325846724
AUS,Australia,2008,100,100,6.8,53497.275355342
AUS,Australia,2009,100,100,7.1,53430.527478165
AUS,Australia,2010,100,100,8.2,53768.349733441
AUS,Australia,2011,100,100,8.3,54296.232132481
AUS,Australia,2012,100,100,8.3,55465.446287258
AUS,Australia,2013,100,100,9.2,55966.150927056
AUS,Australia,2014,100,100,9.3,56571.806252444
AUS,Australia,2015,100,100,9.4,56970.361302809
AUS,Australia,2016,100,100,9.6,57632.999592559
AUS,Australia,2017,100,100,9.9,57991.771347333
AUS,Australia,2018,100,100,9.8,58772.706315221
AUS,Australia,2019,100,100,10.3,59181.299790413
AUS,Australia,2020,100,100,11.2,58377.767051780
AUS,Australia,2021,100,100,12.3,59465.535671364
AUS,Australia,2022,100,100,,61200.458896478
AUS,Australia,2023,100,100,,61869.082498576
AUT,Austria,2000,100,100,26.4,38571.085878000
AUT,Austria,2001,100,100,25.5,38929.753800545
AUT,Austria,2002,100,100,24.7,39313.722510755
AUT,Austria,2003,100,100,22.6,39569.288556733
AUT,Austria,2004,100,100,23.2,40333.330718389
AUT,Austria,2005,100,100,24.4,40989.013177897
AUT,Austria,2006,100,100,26.6,42120.155700202
AUT,Austria,2007,100,100,29,43568.830224394
AUT,Austria,2008,100,100,29.7,44063.864201992
AUT,Austria,2009,100,100,31.3,42372.475825476
AUT,Austria,2010,100,100,31.1,43035.407353193
AUT,Austria,2011,100,100,31.6,44146.195680529
AUT,Austria,2012,100,100,34.4,44221.459953089
AUT,Austria,2013,100,100,34.6,43851.367549740
AUT,Austria,2014,100,100,35.7,43838.834589214
AUT,Austria,2015,100,100,34.8,43915.228020857
AUT,Austria,2016,100,100,34.6,44362.670280512
AUT,Austria,2017,100,100,34,45056.638591241
AUT,Austria,2018,100,100,34.1,45951.581916403
AUT,Austria,2019,100,100,34,46550.562245949
AUT,Austria,2020,100,100,35.8,43428.698313723
AUT,Austria,2021,100,100,36,45368.643433737
AUT,Austria,2022,100,100,,47332.424035797
AUT,Austria,2023,100,100,,46497.911464034
AZE,Azerbaijan,2000,98.9,70.1,2.1,1504.731067060
AZE,Azerbaijan,2001,98.6,73.8,1.8,1640.936645404
AZE,Azerbaijan,2002,100,77,2.4,1782.473191836
AZE,Azerbaijan,2003,98.8,80,2.9,1949.606084173
AZE,Azerbaijan,2004,99,82.8,3.1,2111.453383448
AZE,Azerbaijan,2005,99.1,85.3,3.4,2674.368856500
AZE,Azerbaijan,2006,99.5,87.6,2.9,3556.832128581
AZE,Azerbaijan,2007,99.5,89.35,3.8,4412.203261179
AZE,Azerbaijan,2008,99.7,91,3.1,4778.124527367
AZE,Azerbaijan,2009,99.9,92.2,3.3,5118.433954947
AZE,Azerbaijan,2010,99.9,93.5,4.4,5300.110487291
AZE,Azerbaijan,2011,99.9,94.4,3.5,5149.206659132
AZE,Azerbaijan,2012,100,95.2,2.8,5193.175011196
AZE,Azerbaijan,2013,100,95.9,2.5,5425.995597806
AZE,Azerbaijan,2014,100,96.4,2.1,5508.602656127
AZE,Azerbaijan,2015,100,96.9,2.3,5500.503646285
AZE,Azerbaijan,2016,100,97.3,1.9,5272.718171419
AZE,Azerbaijan,2017,100,97.6,1.9,5229.252599934
AZE,Azerbaijan,2018,100,97.9,1.9,5261.929382344
AZE,Azerbaijan,2019,100,98.2,1.7,5346.953186041
AZE,Azerbaijan,2020,100,98.4,1.3,5087.500227836
AZE,Azerbaijan,2021,100,98.6,1.3,5349.582260714
AZE,Azerbaijan,2022,100,98.8,,5599.585249710
AZE,Azerbaijan,2023,100,98.9,,5668.610213170
BDI,Burundi,2000,2.5,0.3,93.2,264.154407180
BDI,Burundi,2001,2.8,0.3,94.7,262.913885774
BDI,Burundi,2002,3.1,0.3,94.6,266.968141648
BDI,Burundi,2003,3.4,0.3,95.8,255.500823386
BDI,Burundi,2004,3.7,0.2,96,258.050009115
BDI,Burundi,2005,3.2,0.3,96,250.878933476
BDI,Burundi,2006,2.7,0.2,95.3,255.105582252
BDI,Burundi,2007,4.7,0.2,95.3,254.311725516
BDI,Burundi,2008,4.8,0.2,95,256.012461554
BDI,Burundi,2009,5.4,0.2,94.6,252.582019876
BDI,Burundi,2010,5.3,0.2,93.2,253.308577750
BDI,Burundi,2011,6.2,0.2,92.1,254.242110648
BDI,Burundi,2012,6.5,0.2,91.7,256.180393932
BDI,Burundi,2013,6.9,0.2,90.8,259.311117203
BDI,Burundi,2014,7,0.2,91.3,261.296721752
BDI,Burundi,2015,7.9,0.2,91.2,254.402585227
BDI,Burundi,2016,8.5,0.2,89.6,258.061970804
BDI,Burundi,2017,9.3,0.2,88.2,261.725839287
BDI,Burundi,2018,9.5,0.2,85.7,267.508692173
BDI,Burundi,2019,9.8,0.15,84.8,270.411005711
BDI,Burundi,2020,9.1,0.1,83.4,263.463876363
BDI,Burundi,2021,10.2,0.1,83.1,264.682651658
BDI,Burundi,2022,10.3,0.2,83,263.587550049
BDI,Burundi,2023,11.6,0.1,,264.843307945
BEL,Belgium,2000,100,100,1.4,35878.315358619
BEL,Belgium,2001,100,100,1.6,36148.288092431
BEL,Belgium,2002,100,100,1.7,36600.862592332
BEL,Belgium,2003,100,100,1.9,36826.269929609
BEL,Belgium,2004,100,100,2,37976.697296744
BEL,Belgium,2005,100,100,2.5,38645.260519336
BEL,Belgium,2006,100,100,2.9,39371.085827745
BEL,Belgium,2007,100,100,3.4,40520.084320701
BEL,Belgium,2008,100,100,4,40380.907500404
BEL,Belgium,2009,100,100,4.9,39293.637546825
BEL,Belgium,2010,100,100,6.2,39991.564620629
BEL,Belgium,2011,100,100,6.7,40236.959630856
BEL,Belgium,2012,100,100,7.7,40074.492800399
BEL,Belgium,2013,100,100,8.3,40007.899789141
BEL,Belgium,2014,100,100,9.1,40533.913502790
BEL,Belgium,2015,100,100,9.4,40893.804537772
BEL,Belgium,2016,100,100,9.2,41172.886283121
BEL,Belgium,2017,100,100,9.7,41619.328629169
BEL,Belgium,2018,100,100,10.7,42208.362565027
BEL,Belgium,2019,100,100,10.2,43006.404230886
BEL,Belgium,2020,100,100,12.3,40769.021807296
BEL,Belgium,2021,100,100,11.7,43140.967665297
BEL,Belgium,2022,100,100,,44516.002160801
BEL,Belgium,2023,100,100,,44828.227452124
BEN,Benin,2000,21.5,0.7,70.3,861.213292013
BEN,Benin,2001,21.9,0.9,66.9,879.854463774
BEN,Benin,2002,23.4,1.2,64,893.137100962
BEN,Benin,2003,24.3,1.5,61.7,896.146763202
BEN,Benin,2004,25.2,1.9,60.7,907.624431209
BEN,Benin,2005,26.1,2.3,59.2,893.915368700
BEN,Benin,2006,27.9,2.8,57.3,900.620535787
BEN,Benin,2007,28,3.3,54.5,926.740113754
BEN,Benin,2008,29,3.8,54.8,943.203380304
BEN,Benin,2009,30,4.2,52.8,936.565651072
BEN,Benin,2010,34.2,4.5,47.2,928.246655329
BEN,Benin,2011,36.9,4.7,48.7,927.716412837
BEN,Benin,2012,38.4,4.9,50.3,943.918771531
BEN,Benin,2013,34.7,5,52,982.399206291
BEN,Benin,2014,34.1,5.1,51,1014.433006213
BEN,Benin,2015,29.6,5.2,49.9,1002.418868796
BEN,Benin,2016,37,5.2,45.4,1006.039266330
BEN,Benin,2017,34.5,5.4,45.4,1032.904711942
BEN,Benin,2018,39,5.4,44,1071.504521569
BEN,Benin,2019,40,5.5,46.5,1114.173045264
BEN,Benin,2020,41,5.7,46.2,1126.654041222
BEN,Benin,2021,42,5.8,54.5,1176.377276373
BEN,Benin,2022,56.5,5.9,,1218.496689291
BEN,Benin,2023,57,6,,1263.621583364
BFA,Burkina Faso,2000,9.1,2.6,83.9,428.309796566
BFA,Burkina Faso,2001,9.5,2.9,81.7,442.914122870
BFA,Burkina Faso,2002,9.9,3.1,81.8,448.128856317
BFA,Burkina Faso,2003,11.4,3.4,80.8,468.263047790
BFA,Burkina Faso,2004,10.7,3.6,82,474.086412333
BFA,Burkina Faso,2005,11.1,3.9,85.4,499.192797571
BFA,Burkina Faso,2006,11.6,4.3,84.8,514.113131757
BFA,Burkina Faso,2007,12,4.8,82.9,519.261012184
BFA,Burkina Faso,2008,12.5,5,83.5,533.471299938
BFA,Burkina Faso,2009,12.6,5.5,83.3,533.470084832
BFA,Burkina Faso,2010,13.1,5.8,82.1,561.847221302
BFA,Burkina Faso,2011,14.8,6.4,81.4,581.603658737
BFA,Burkina Faso,2012,15.1,7.1,79.2,600.731343698
BFA,Burkina Faso,2013,15.4,7.6,78.7,616.741331164
BFA,Burkina Faso,2014,19.2,8.3,78.9,624.576885188
BFA,Burkina Faso,2015,16.2,9,78.8,630.124750752
BFA,Burkina Faso,2016,16.6,9.8,77.1,648.420480176
BFA,Burkina Faso,2017,17,10.6,74.6,669.276310328
BFA,Burkina Faso,2018,14.4,11.7,73.7,694.492813126
BFA,Burkina Faso,2019,17.6,12.5,72.7,717.021595097
BFA,Burkina Faso,2020,18.5,13.5,73.1,713.842177922
BFA,Burkina Faso,2021,19,14.6,71.2,745.472563435
BFA,Burkina Faso,2022,19.5,15.9,71.4,740.306319930
BFA,Burkina Faso,2023,21.7,17,,745.405334618
BGD,Bangladesh,2000,32,7.7,60.2,620.560472822
BGD,Bangladesh,2001,35,8,55.9,641.288922876
BGD,Bangladesh,2002,37.8,8.3,54.4,655.672139362
BGD,Bangladesh,2003,40.5,8.7,52.6,676.826252046
BGD,Bangladesh,2004,40.6,9.1,52,702.656357082
BGD,Bangladesh,2005,44.2,9.4,50.6,739.203718353
BGD,Bangladesh,2006,50.5,10,48.6,779.419570445
BGD,Bangladesh,2007,46.5,10.4,47.2,825.508229965
BGD,Bangladesh,2008,54.3,11,45.2,866.458157621
BGD,Bangladesh,2009,57.1,11.7,43.1,901.729626252
BGD,Bangladesh,2010,55.3,12.6,40.3,943.664228642
BGD,Bangladesh,2011,59.6,13.4,38.4,995.579947156
BGD,Bangladesh,2012,65.5,14.5,37.3,1050.391404041
BGD,Bangladesh,2013,61.5,15.5,37,1103.156959071
BGD,Bangladesh,2014,62.4,16.8,35.4,1159.407534760
BGD,Bangladesh,2015,74,18.1,33.1,1224.386476682
BGD,Bangladesh,2016,75.9,19.4,30.2,1299.830913608
BGD,Bangladesh,2017,88,20.6,28.1,1373.753637402
BGD,Bangladesh,2018,86.9,22,27,1462.250502557
BGD,Bangladesh,2019,92.2,23.1,26.1,1564.208024456
BGD,Bangladesh,2020,96.2,24.6,27.2,1604.665923474
BGD,Bangladesh,2021,99,25.9,25,1702.080284142
BGD,Bangladesh,2022,99.4,27.2,,1804.349346178
BGD,Bangladesh,2023,99.5,28.4,,1885.377336135
BGR,Bulgaria,2000,88.1,,8,3718.118959939
BGR,Bulgaria,2001,88.6,,7.2,3937.902851184
BGR,Bulgaria,2002,89.1,,8.7,4260.622519569
BGR,Bulgaria,2003,89.6,,9.2,4519.415326977
BGR,Bulgaria,2004,90.1,,9.6,4850.119171846
BGR,Bulgaria,2005,90.6,,9.8,5231.605386071
BGR,Bulgaria,2006,91.2,,10,5630.089072454
BGR,Bulgaria,2007,91.7,,8.8,6049.051367264
BGR,Bulgaria,2008,92.3,,9.9,6465.052310712
BGR,Bulgaria,2009,92.9,,11.6,6289.046666092
BGR,Bulgaria,2010,93.5,,14.3,6429.045992331
BGR,Bulgaria,2011,94.1,,13.2,6605.646167369
BGR,Bulgaria,2012,94.7,,15.6,6693.769830608
BGR,Bulgaria,2013,95.3,,18.2,6793.082535927
BGR,Bulgaria,2014,95.9,,17.1,6941.373198258
BGR,Bulgaria,2015,96.6,,17.9,7269.025865137
BGR,Bulgaria,2016,97.3,,17.7,7586.891746681
BGR,Bulgaria,2017,98.1,,17.1,7899.110565899
BGR,Bulgaria,2018,98.7,,19.6,8194.792963200
BGR,Bulgaria,2019,99.2,,19.3,8626.575026574
BGR,Bulgaria,2020,99.7,,21.1,8440.514169646
BGR,Bulgaria,2021,99.8,,20.4,9161.945417593
BGR,Bulgaria,2022,100,,,9598.358285716
BGR,Bulgaria,2023,100,,,9787.765105846
BHR,Bahrain,2000,100,100,0,25407.969405455
BHR,Bahrain,2001,100,100,0,25106.286974261
BHR,Bahrain,2002,100,100,0,24149.015601380
BHR,Bahrain,2003,100,100,0,23857.640357977
BHR,Bahrain,2004,100,100,0,23688.112105923
BHR,Bahrain,2005,100,100,0,23439.670435304
BHR,Bahrain,2006,100,100,0,23095.018133023
BHR,Bahrain,2007,100,100,0,23112.488805840
BHR,Bahrain,2008,100,100,0,23127.214804005
BHR,Bahrain,2009,100,100,0,22206.937198523
BHR,Bahrain,2010,100,100,0,22224.073616625
BHR,Bahrain,2011,100,100,0,23288.044939831
BHR,Bahrain,2012,100,100,0,23894.880444709
BHR,Bahrain,2013,100,100,0,24271.627881451
BHR,Bahrain,2014,100,100,0,24135.499130485
BHR,Bahrain,2015,100,100,0,23734.055114302
BHR,Bahrain,2016,100,100,0,23715.279132871
BHR,Bahrain,2017,100,100,0,23606.886750131
BHR,Bahrain,2018,100,100,0,24059.783864156
BHR,Bahrain,2019,100,100,0,24873.664006013
BHR,Bahrain,2020,100,100,0,23586.930958152
BHR,Bahrain,2021,100,100,0,24086.784780343
BHR,Bahrain,2022,100,100,,25234.40256182
BHR,Bahrain,2023,100,100,,25342.622664157
BHS,"Bahamas, The",2000,100,100,0,32424.727178672
BHS,"Bahamas, The",2001,100,100,0.4,32870.091830729
BHS,"Bahamas, The",2002,100,100,0.4,33374.602685914
BHS,"Bahamas, The",2003,100,100,1.5,32559.311554898
BHS,"Bahamas, The",2004,100,100,1.6,32444.073956757
BHS,"Bahamas, The",2005,100,100,1.7,33144.787879027
BHS,"Bahamas, The",2006,100,100,2,33541.850748701
BHS,"Bahamas, The",2007,100,100,3.5,33549.336000727
BHS,"Bahamas, The",2008,100,100,2,32331.824613509
BHS,"Bahamas, The",2009,100,100,1.5,30581.334219849
BHS,"Bahamas, The",2010,100,100,1.3,30657.431905966
BHS,"Bahamas, The",2011,100,100,1.4,30492.673852807
BHS,"Bahamas, The",2012,100,100,1.4,31553.491949065
BHS,"Bahamas, The",2013,100,100,1.4,30368.263124419
BHS,"Bahamas, The",2014,100,100,1.4,30658.534456372
BHS,"Bahamas, The",2015,100,100,1.4,30719.405417469
BHS,"Bahamas, The",2016,100,100,1.2,30152.161924602
BHS,"Bahamas, The",2017,100,100,1.1,30974.747726132
BHS,"Bahamas, The",2018,100,100,1.1,31537.242384196
BHS,"Bahamas, The",2019,100,100,1.1,31117.629913239
BHS,"Bahamas, The",2020,100,100,1.4,24791.670494511
BHS,"Bahamas, The",2021,100,100,1.1,29114.059772639
BHS,"Bahamas, The",2022,100,100,1.1,32186.457503924
BHS,"Bahamas, The",2023,100,100,,33009.645615121
BIH,Bosnia and Herzegovina,2000,99,53.8,19.4,2567.341370946
BIH,Bosnia and Herzegovina,2001,99.4,52.7,20.3,2617.182303508
BIH,Bosnia and Herzegovina,2002,98.5,51.6,21.2,2743.138786158
BIH,Bosnia and Herzegovina,2003,99,51,20.1,2855.683149398
BIH,Bosnia and Herzegovina,2004,99.1,50,20.1,3063.835434489
BIH,Bosnia and Herzegovina,2005,99.1,49.15,19.7,3217.813416153
BIH,Bosnia and Herzegovina,2006,99.4,47.7,18.1,3419.758874572
BIH,Bosnia and Herzegovina,2007,99.7,46.6,14.8,3665.089665295
BIH,Bosnia and Herzegovina,2008,99.3,46.3,14.3,3929.032977173
BIH,Bosnia and Herzegovina,2009,99.4,45.2,17.4,3877.535400785
BIH,Bosnia and Herzegovina,2010,99.5,44.95,19.6,3981.209856920
BIH,Bosnia and Herzegovina,2011,99.7,43.3,14.2,4094.253295419
BIH,Bosnia and Herzegovina,2012,99.7,43,15.3,4139.917327737
BIH,Bosnia and Herzegovina,2013,99.5,42.7,19.5,4306.731750722
BIH,Bosnia and Herzegovina,2014,99.9,42.1,23.6,4412.676178177
BIH,Bosnia and Herzegovina,2015,99.7,41.7,25.2,4662.258692194
BIH,Bosnia and Herzegovina,2016,100,41.6,23,4876.534714956
BIH,Bosnia and Herzegovina,2017,100,41.3,18.5,5099.816028564
BIH,Bosnia and Herzegovina,2018,100,40.85,35.4,5360.252010176
BIH,Bosnia and Herzegovina,2019,100,40.3,36.8,5583.297212765
BIH,Bosnia and Herzegovina,2020,100,40.2,37.7,5490.753666351
BIH,Bosnia and Herzegovina,2021,100,39.9,36.6,5995.541975905
BIH,Bosnia and Herzegovina,2022,100,39.3,,6327.162068492
BIH,Bosnia and Herzegovina,2023,100,39.5,,6493.324005145
BLR,Belarus,2000,89,92.7,5.7,2615.363767995
BLR,Belarus,2001,89.5,93.8,6.3,2753.033697070
BLR,Belarus,2002,90,94.9,6.5,2910.399374842
BLR,Belarus,2003,90.5,95.6,6.2,3137.262614306
BLR,Belarus,2004,91,96.4,6.3,3520.404526425
BLR,Belarus,2005,91.5,96.9,6.8,3877.717389113
BLR,Belarus,2006,92.1,97.5,7.2,4291.686471633
BLR,Belarus,2007,92.6,97.8,7.3,4682.206767190
BLR,Belarus,2008,93.2,98.2,7.1,5177.645347757
BLR,Belarus,2009,93.8,98.5,7.4,5200.774185554
BLR,Belarus,2010,94.4,98.8,7.3,5616.094117331
BLR,Belarus,2011,95,99,7.5,5941.689991562
BLR,Belarus,2012,95.6,99.2,7.2,6052.637370624
BLR,Belarus,2013,96.2,99.3,7,6115.432880987
BLR,Belarus,2014,96.8,99.4,6.7,6212.916674187
BLR,Belarus,2015,97.4,99.5,6.8,5967.055950588
BLR,Belarus,2016,98,99.5,6.7,5811.201591825
BLR,Belarus,2017,98.7,99.6,7.3,5964.896688346
BLR,Belarus,2018,99.3,99.7,7.2,6165.913200193
BLR,Belarus,2019,100,99.7,7.8,6267.735087435
BLR,Belarus,2020,100,99.7,8.4,6251.988989686
BLR,Belarus,2021,100,99.8,8.2,6457.730537063
BLR,Belarus,2022,100,99.7,,6206.619096854
BLR,Belarus,2023,100,99.7,,6497.784506836
BLZ,Belize,2000,79,79.6,34.5,5663.646323750
BLZ,Belize,2001,80.2,80.5,23.9,5764.990554911
BLZ,Belize,2002,81,81.2,25.7,5895.152350379
BLZ,Belize,2003,81.8,81.9,24.4,6274.474282793
BLZ,Belize,2004,82.6,82.4,26.3,6383.074324127
BLZ,Belize,2005,83.5,82.6,25.6,6337.123892224
BLZ,Belize,2006,91,83.1,32.7,6435.587673377
BLZ,Belize,2007,85.2,83.1,28,6465.828858460
BLZ,Belize,2008,86.1,83.3,29.8,6187.958850237
BLZ,Belize,2009,86.9,83.2,25.1,5997.684471564
BLZ,Belize,2010,89.9,83.4,29.4,5937.753983438
BLZ,Belize,2011,91.7,83.6,42.2,5802.243445315
BLZ,Belize,2012,90.9,83.5,47.9,5902.742346969
BLZ,Belize,2013,91.1,83.3,38,6013.078798954
BLZ,Belize,2014,91.5,83.4,37.4,6116.495788528
BLZ,Belize,2015,91.8,83.5,30.3,6154.622642304
BLZ,Belize,2016,93.3,83.4,33.3,6012.212969837
BLZ,Belize,2017,94.2,83.4,37.2,5767.619219638
BLZ,Belize,2018,91.7,83.3,35.5,5707.610599544
BLZ,Belize,2019,92.7,83.4,30.4,5864.146118271
BLZ,Belize,2020,96.8,83.2,31.4,5006.484532769
BLZ,Belize,2021,97.7,83.2,26.6,5839.401579560
BLZ,Belize,2022,98.6,83,30.8,6262.560882737
BLZ,Belize,2023,99.6,82.9,,6165.694148259
BMU,Bermuda,2000,100,,0.5,109502.763102809
BMU,Bermuda,2001,100,,0.5,116809.925253071
BMU,Bermuda,2002,100,,0.5,114574.433608566
BMU,Bermuda,2003,100,,0.5,118018.831592635
BMU,Bermuda,2004,100,,0.5,120432.12052555
BMU,Bermuda,2005,100,,0.5,122143.799577518
BMU,Bermuda,2006,100,,0.4,128662.931924261
BMU,Bermuda,2007,100,,0.5,132595.482654866
BMU,Bermuda,2008,100,,0.5,129525.177139097
BMU,Bermuda,2009,100,,0.4,121727.584908744
BMU,Bermuda,2010,100,,0.4,118382.908990645
BMU,Bermuda,2011,100,,0.4,113937.835700983
BMU,Bermuda,2012,100,,0.4,108040.575659203
BMU,Bermuda,2013,100,,1.5,107860.394791964
BMU,Bermuda,2014,100,,0.4,103941.982606956
BMU,Bermuda,2015,100,,0.6,104855.366822135
BMU,Bermuda,2016,100,,1.1,104190.876720334
BMU,Bermuda,2017,100,,0.6,107734.608357327
BMU,Bermuda,2018,100,,0.7,106843.163739391
BMU,Bermuda,2019,100,,0.8,106709.881238843
BMU,Bermuda,2020,100,,0.9,98846.445807964
BMU,Bermuda,2021,100,,0.9,103130.365845318
BMU,Bermuda,2022,100,,0.9,109412.251159598
BMU,Bermuda,2023,100,,,114244.681047132
BOL,Bolivia,2000,70,63.1,29.2,2014.190246341
BOL,Bolivia,2001,69.3,64.1,29,2013.845810946
BOL,Bolivia,2002,64,65,28.1,2029.669937060
BOL,Bolivia,2003,72.3,66,27,2050.071334191
BOL,Bolivia,2004,75.9,67.2,25.8,2099.990810739
BOL,Bolivia,2005,68.3,68.5,24.6,2156.186703536
BOL,Bolivia,2006,76.2,70,23.7,2221.427225889
BOL,Bolivia,2007,80.2,71.7,22.1,2283.427335353
BOL,Bolivia,2008,84.7,73.2,21.3,2383.250325475
BOL,Bolivia,2009,86.8,74.9,20.6,2422.575793802
BOL,Bolivia,2010,88,76.4,19.9,2481.407008383
BOL,Bolivia,2011,88.3,77.8,18.1,2568.520516744
BOL,Bolivia,2012,90.4,78.9,17.4,2657.238849784
BOL,Bolivia,2013,89.5,80,16,2793.514571241
BOL,Bolivia,2014,90,81.1,15,2900.902415715
BOL,Bolivia,2015,91.5,82.2,14.2,2996.012898113
BOL,Bolivia,2016,91.8,83.3,13.6,3077.570575828
BOL,Bolivia,2017,91.8,84.3,14.3,3160.164212476
BOL,Bolivia,2018,92.8,85.4,14.3,3204.536708380
BOL,Bolivia,2019,95.1,86.6,13.5,3207.386952311
BOL,Bolivia,2020,97.2,87.5,16.9,2765.092717886
BOL,Bolivia,2021,98.6,88.7,12.8,3011.551108253
BOL,Bolivia,2022,99.9,89.7,,3088.241261734
BOL,Bolivia,2023,99.8,90.6,,3122.770494662
BRA,Brazil,2000,94.4,89,42.7,6817.784240857
BRA,Brazil,2001,96,89.5,41.3,6823.033969999
BRA,Brazil,2002,96.7,90.1,42.9,6944.623374958
BRA,Brazil,2003,97,90.7,45.1,6941.440457451
BRA,Brazil,2004,96.8,91.2,45.2,7258.781851659
BRA,Brazil,2005,97.1,91.8,46.1,7409.569132327
BRA,Brazil,2006,97.6,92.2,46.7,7622.040071333
BRA,Brazil,2007,98.1,92.7,47.2,8003.254130960
BRA,Brazil,2008,98.5,93.1,47,8330.764598413
BRA,Brazil,2009,98.9,93.5,48.9,8246.097069951
BRA,Brazil,2010,98.6,94,46.8,8792.634361203
BRA,Brazil,2011,99.3,94.4,45.2,9067.993163480
BRA,Brazil,2012,99.5,94.8,43.5,9167.499239298
BRA,Brazil,2013,99.6,95,42.3,9366.739324344
BRA,Brazil,2014,99.7,95.4,41.7,9338.342782781
BRA,Brazil,2015,99.7,95.7,43.7,8936.196617121
BRA,Brazil,2016,99.7,95.8,45.4,8577.843766509
BRA,Brazil,2017,99.8,96.1,45.3,8628.253089080
BRA,Brazil,2018,99.7,96.2,46.9,8722.336303179
BRA,Brazil,2019,99.8,96.3,47.5,8771.440512922
BRA,Brazil,2020,99.7,96.45,50,8435.011432550
BRA,Brazil,2021,99.5,96.4,46.5,8799.229458109
BRA,Brazil,2022,100,96.5,,9032.084815663
BRA,Brazil,2023,99.8,96.5,,9288.027014701
BRB,Barbados,2000,100,100,11.9,22170.084671297
BRB,Barbados,2001,100,100,10.8,21615.800339173
BRB,Barbados,2002,100,100,9.8,21643.896490797
BRB,Barbados,2003,100,100,8.6,21979.292323003
BRB,Barbados,2004,99.9,100,8.7,22162.634404861
BRB,Barbados,2005,99.9,100,8.7,22918.543802860
BRB,Barbados,2006,100,100,8.8,24193.138434467
BRB,Barbados,2007,100,100,8.6,24579.089775259
BRB,Barbados,2008,100,100,7.6,24605.452323075
BRB,Barbados,2009,100,100,8.5,23250.801765935
BRB,Barbados,2010,100,100,8.2,21285.003939356
BRB,Barbados,2011,100,100,4.1,21200.194982592
BRB,Barbados,2012,100,100,3.8,20534.882587865
BRB,Barbados,2013,100,100,3.1,20521.120992851
BRB,Barbados,2014,100,100,3,20636.032718806
BRB,Barbados,2015,100,100,3,20429.474712355
BRB,Barbados,2016,100,100,2.8,20673.768233738
BRB,Barbados,2017,100,100,4.3,20766.551849113
BRB,Barbados,2018,100,100,4.9,20674.354784798
BRB,Barbados,2019,100,100,3.4,20687.646742791
BRB,Barbados,2020,100,100,4.7,17056.986866978
BRB,Barbados,2021,100,100,5.5,18395.615362207
BRB,Barbados,2022,100,100,5.5,21315.936325552
BRB,Barbados,2023,100,100,,21701.266027070
BRN,Brunei Darussalam,2000,100,100,0,37509.598384774
BRN,Brunei Darussalam,2001,100,100,0,37269.309921659
BRN,Brunei Darussalam,2002,100,100,0,37976.262757360
BRN,Brunei Darussalam,2003,100,100,0,38595.168851370
BRN,Brunei Darussalam,2004,100,100,0,37948.659082519
BRN,Brunei Darussalam,2005,100,100,0,37312.277879712
BRN,Brunei Darussalam,2006,100,100,0,38229.356568418
BRN,Brunei Darussalam,2007,100,100,0,36174.516515486
BRN,Brunei Darussalam,2008,100,100,0,34126.694156397
BRN,Brunei Darussalam,2009,100,100,0,32855.602160247
BRN,Brunei Darussalam,2010,100,100,0,33121.317824172
BRN,Brunei Darussalam,2011,100,100,0,33754.364078371
BRN,Brunei Darussalam,2012,100,100,0,33544.538945788
BRN,Brunei Darussalam,2013,100,100,0,32381.073979523
BRN,Brunei Darussalam,2014,100,100,0,31148.729740540
BRN,Brunei Darussalam,2015,100,100,0,30625.128774466
BRN,Brunei Darussalam,2016,100,100,0,29492.414592779
BRN,Brunei Darussalam,2017,100,100,0,29524.65912789
BRN,Brunei Darussalam,2018,100,100,0,29200.195202422
BRN,Brunei Darussalam,2019,100,100,0,29996.240722317
BRN,Brunei Darussalam,2020,100,100,0,30015.958850670
BRN,Brunei Darussalam,2021,100,100,0,29256.183367834
BRN,Brunei Darussalam,2022,100,100,,28549.175606047
BRN,Brunei Darussalam,2023,100,100,,28645.964539628
BTN,Bhutan,2000,31.1,26.45,91.4,1259.623764524
BTN,Bhutan,2001,40.2,30.3,90.2,1321.098782303
BTN,Bhutan,2002,44.1,34.1,89.7,1427.256933173
BTN,Bhutan,2003,41.1,38.2,89.7,1506.415275178
BTN,Bhutan,2004,51.9,42.5,90.9,1552.739151958
BTN,Bhutan,2005,59.8,46.7,88.7,1632.021695006
BTN,Bhutan,2006,59.7,50.6,91.6,1701.118781736
BTN,Bhutan,2007,71.8,54.9,92,1952.257346038
BTN,Bhutan,2008,67.6,58.6,87.8,2017.760189134
BTN,Bhutan,2009,71.5,62.4,87.8,2148.564803750
BTN,Bhutan,2010,73.3,65.8,84.8,2378.728107610
BTN,Bhutan,2011,81.8,69.1,84.9,2552.488710731
BTN,Bhutan,2012,91.5,72.2,82.8,2654.747989460
BTN,Bhutan,2013,87.4,74.9,81.7,2671.074602012
BTN,Bhutan,2014,91.4,77.7,82.1,2797.818839719
BTN,Bhutan,2015,95.4,80,81.6,2954.040819111
BTN,Bhutan,2016,99.3,82.2,80.8,3173.367732174
BTN,Bhutan,2017,97.7,84,79.7,3211.809032756
BTN,Bhutan,2018,100,85.7,80,3300.550064617
BTN,Bhutan,2019,100,87,81,3467.385989794
BTN,Bhutan,2020,100,88.3,83.9,3092.124283994
BTN,Bhutan,2021,100,89.5,81.8,3206.203669973
BTN,Bhutan,2022,100,90.6,82.5,3349.733096328
BTN,Bhutan,2023,100,91.6,,3480.513885232
BWA,Botswana,2000,26.5,44.7,38.5,5062.642891736
BWA,Botswana,2001,24.8,46.5,37.5,4971.963717942
BWA,Botswana,2002,27,48.2,36.1,5175.476553172
BWA,Botswana,2003,33.1,49.6,36.2,5320.440295139
BWA,Botswana,2004,35.3,50.9,34.3,5369.425167661
BWA,Botswana,2005,37.5,52.1,33,5514.217426647
BWA,Botswana,2006,39.7,53.1,31.8,5865.000265214
BWA,Botswana,2007,41.9,54.8,29,6085.635447613
BWA,Botswana,2008,44.5,55.9,27.8,6158.616293681
BWA,Botswana,2009,43.4,57.4,28.9,5179.413860715
BWA,Botswana,2010,52,58.3,29.9,5584.503432185
BWA,Botswana,2011,53.2,59.8,28.9,5850.078585755
BWA,Botswana,2012,56,60.5,27.8,5742.919244526
BWA,Botswana,2013,58,61.2,26.7,6284.976780026
BWA,Botswana,2014,60,62,25.8,6547.122541159
BWA,Botswana,2015,62.1,62.4,26.1,6141.203947266
BWA,Botswana,2016,64.2,63.1,26.7,6490.834635935
BWA,Botswana,2017,67.4,63.5,26.7,6662.576448055
BWA,Botswana,2018,68.3,64.1,25.6,6843.846120277
BWA,Botswana,2019,70.1,64.7,26.2,6951.731890511
BWA,Botswana,2020,71.8,65.1,27.7,6254.248062411
BWA,Botswana,2021,73.7,65.6,27.4,6895.911849431
BWA,Botswana,2022,75.9,66,,7159.586061827
BWA,Botswana,2023,76,66.4,,7269.051706645
CAF,Central African Republic,2000,6,0.6,88.9,437.168928415
CAF,Central African Republic,2001,5.7,0.6,88.9,446.658634192
CAF,Central African Republic,2002,6.1,0.5,89.2,452.808702217
CAF,Central African Republic,2003,6.6,0.5,90.2,418.240532290
CAF,Central African Republic,2004,7,0.5,90.6,433.825227770
CAF,Central African Republic,2005,7.4,0.5,91,427.968043155
CAF,Central African Republic,2006,7.8,0.5,90.8,439.294330903
CAF,Central African Republic,2007,8.4,0.5,90.9,450.762785402
CAF,Central African Republic,2008,7.5,0.5,93.6,450.313616886
CAF,Central African Republic,2009,9.4,0.5,93.9,492.215398915
CAF,Central African Republic,2010,9.8,0.5,93.8,519.141456408
CAF,Central African Republic,2011,10.4,0.5,93.3,532.382954939
CAF,Central African Republic,2012,11,0.6,93.1,553.729578315
CAF,Central African Republic,2013,11.5,0.6,95.1,349.821171689
CAF,Central African Republic,2014,12,0.6,94.8,351.561554912
CAF,Central African Republic,2015,12.7,0.6,92.9,366.322853938
CAF,Central African Republic,2016,13.4,0.7,92.1,376.858254120
CAF,Central African Republic,2017,14.1,0.7,91.6,387.357951317
CAF,Central African Republic,2018,14.6,0.7,91.4,395.020015456
CAF,Central African Republic,2019,14.3,0.8,91.3,401.825821614
CAF,Central African Republic,2020,15.4,0.8,90.9,398.834274122
CAF,Central African Republic,2021,15.7,0.9,90.9,396.020622932
CAF,Central African Republic,2022,15.7,1,90.9,398.915397956
CAF,Central African Republic,2023,17.6,1,,397.467795750
CAN,Canada,2000,100,100,20.3,37906.89821012
CAN,Canada,2001,100,100,19.8,38200.494502539
CAN,Canada,2002,100,100,20.1,38921.706405451
CAN,Canada,2003,100,100,19.7,39270.062908467
CAN,Canada,2004,100,100,20.4,40108.799026292
CAN,Canada,2005,100,100,21.6,41006.264144024
CAN,Canada,2006,100,100,21.5,41663.554158817
CAN,Canada,2007,100,100,21.6,42106.914718616
CAN,Canada,2008,100,100,21.6,42067.610977795
CAN,Canada,2009,100,100,22.2,40376.455933093
CAN,Canada,2010,100,100,21.4,41164.381248658
CAN,Canada,2011,100,100,21.5,42043.684204401
CAN,Canada,2012,100,100,21.8,42320.685653002
CAN,Canada,2013,100,100,22.2,42851.213587623
CAN,Canada,2014,100,100,22.2,43643.279491100
CAN,Canada,2015,100,100,22.3,43594.237908071
CAN,Canada,2016,100,100,22.1,43551.386355824
CAN,Canada,2017,100,100,22.8,44339.433221788
CAN,Canada,2018,100,100,22.3,44907.388799447
CAN,Canada,2019,100,100,22.4,45100.336805859
CAN,Canada,2020,100,100,23.9,42366.171093527
CAN,Canada,2021,100,100,23.8,44639.238117199
CAN,Canada,2022,100,100,,45883.005894189
CAN,Canada,2023,100,100,,45495.510089260
CHE,Switzerland,2000,100,100,18.2,74933.277007755
CHE,Switzerland,2001,100,100,18.7,75646.178114413
CHE,Switzerland,2002,100,100,18.2,75361.694160738
CHE,Switzerland,2003,100,100,18,74592.028469096
CHE,Switzerland,2004,100,100,18.1,75997.445315476
CHE,Switzerland,2005,100,100,18.7,77741.343610470
CHE,Switzerland,2006,100,100,18.1,80448.969678161
CHE,Switzerland,2007,100,100,19.3,82909.135829146
CHE,Switzerland,2008,100,100,19.6,83934.765722125
CHE,Switzerland,2009,100,100,20,81288.642957612
CHE,Switzerland,2010,100,100,20.6,83069.427637346
CHE,Switzerland,2011,100,100,20.6,83307.318099846
CHE,Switzerland,2012,100,100,21.9,83354.020748519
CHE,Switzerland,2013,100,100,21.8,83914.024508081
CHE,Switzerland,2014,100,100,22.2,85004.8134534
CHE,Switzerland,2015,100,100,23.9,85265.06205193
CHE,Switzerland,2016,100,100,24.1,85951.223414835
CHE,Switzerland,2017,100,100,25,86362.360972862
CHE,Switzerland,2018,100,100,24.2,88581.082693558
CHE,Switzerland,2019,100,100,24.8,88932.411930642
CHE,Switzerland,2020,100,100,26.4,86293.918344116
CHE,Switzerland,2021,100,100,27.7,90924.925676983
CHE,Switzerland,2022,100,100,,93360.440112464
CHE,Switzerland,2023,100,100,,92947.942444157
CHI,Channel Islands,2000,100,,,
CHI,Channel Islands,2001,100,,,
CHI,Channel Islands,2002,100,,,
CHI,Channel Islands,2003,100,,,
CHI,Channel Islands,2004,100,,,
CHI,Channel Islands,2005,100,,,
CHI,Channel Islands,2006,100,,,
CHI,Channel Islands,2007,100,,,
CHI,Channel Islands,2008,100,,,
CHI,Channel Islands,2009,100,,,67617.820540370
CHI,Channel Islands,2010,100,,,64722.983299030
CHI,Channel Islands,2011,100,,,65006.487128722
CHI,Channel Islands,2012,100,,,60861.900646050
CHI,Channel Islands,2013,100,,,60780.669022098
CHI,Channel Islands,2014,100,,,61892.808344571
CHI,Channel Islands,2015,100,,,61847.821223886
CHI,Channel Islands,2016,100,,,62434.185944422
CHI,Channel Islands,2017,100,,,63393.393869864
CHI,Channel Islands,2018,100,,,63859.982609661
CHI,Channel Islands,2019,100,,,64594.521390868
CHI,Channel Islands,2020,100,,,58636.703614336
CHI,Channel Islands,2021,100,,,64267.693001812
CHI,Channel Islands,2022,100,,,67508.938527666
CHI,Channel Islands,2023,100,,,69818.152811910
CHL,Chile,2000,97.9,100,31.4,8465.353032589
CHL,Chile,2001,97.1,100,32.1,8632.014824406
CHL,Chile,2002,97.3,100,33.1,8810.690527123
CHL,Chile,2003,98.8,100,31.6,9130.784262182
CHL,Chile,2004,97.5,100,31.4,9642.374786512
CHL,Chile,2005,97.7,100,32.3,10104.420839137
CHL,Chile,2006,99.4,100,32.9,10611.614401288
CHL,Chile,2007,98,100,30.5,11051.345071768
CHL,Chile,2008,98.2,100,30.8,11356.092210598
CHL,Chile,2009,99.6,100,31.5,11116.409344310
CHL,Chile,2010,99.5,100,27,11649.289709086
CHL,Chile,2011,99.6,100,28.8,12252.844107462
CHL,Chile,2012,100,100,30.3,12882.834417927
CHL,Chile,2013,99.6,100,30.2,13182.732961986
CHL,Chile,2014,100,100,27,13285.954036119
CHL,Chile,2015,99.7,100,25.1,13433.920298703
CHL,Chile,2016,100,100,24.6,13505.097711133
CHL,Chile,2017,99.7,100,24.1,13473.345853293
CHL,Chile,2018,100,100,25.5,13763.006884480
CHL,Chile,2019,100,100,25.3,13631.928488517
CHL,Chile,2020,100,100,26.7,12680.776152438
CHL,Chile,2021,100,100,24.2,14056.251601955
CHL,Chile,2022,100,100,,14275.409464621
CHL,Chile,2023,100,100,,14294.710663559
CHN,China,2000,96.7,40.3,29.6,2237.300479187
CHN,China,2001,97,41.6,28.4,2405.994118580
CHN,China,2002,97.2,42.8,27,2610.662750704
CHN,China,2003,97.4,44.1,23.9,2856.850532932
CHN,China,2004,97.7,45.7,20.2,3127.914448923
CHN,China,2005,97.9,47.4,17.4,3465.727670676
CHN,China,2006,98.2,49.1,16.4,3883.274643708
CHN,China,2007,98.5,51.2,14.9,4409.697094460
CHN,China,2008,98.8,53.2,14.1,4811.344863463
CHN,China,2009,99.1,55.3,13.4,5237.788099824
CHN,China,2010,99.7,57.9,12.3,5764.650123664
CHN,China,2011,99.9,60.3,11.3,6275.716342888
CHN,China,2012,99.9,63.1,11.5,6723.090037446
CHN,China,2013,100,65.9,11.5,7197.937319496
CHN,China,2014,100,69,11.9,7686.373695204
CHN,China,2015,100,71.6,12.2,8175.332850774
CHN,China,2016,100,74.2,12.6,8679.225288050
CHN,China,2017,100,76.9,13.1,9221.350456398
CHN,China,2018,100,79.5,13.5,9798.578905664
CHN,China,2019,100,81.6,14.3,10356.292489058
CHN,China,2020,100,83.8,14.9,10573.379406421
CHN,China,2021,100,85.6,15.2,11469.317451451
CHN,China,2022,100,87.2,,11830.298767861
CHN,China,2023,100,88.7,,12483.979110125
CIV,Cote d'Ivoire,2000,48.7,15.9,63.7,1717.953856512
CIV,Cote d'Ivoire,2001,49.7,15.9,64.7,1636.573187052
CIV,Cote d'Ivoire,2002,51.4,16.1,65.3,1551.279259028
CIV,Cote d'Ivoire,2003,51.5,16.1,70.3,1441.588017550
CIV,Cote d'Ivoire,2004,52.4,16.1,75.4,1451.865471419
CIV,Cote d'Ivoire,2005,58.9,16.3,77.9,1431.733202031
CIV,Cote d'Ivoire,2006,60.2,16.3,74.8,1437.774537986
CIV,Cote d'Ivoire,2007,55.3,16.8,76.3,1420.173895825
CIV,Cote d'Ivoire,2008,60.3,17.2,74.2,1454.627318001
CIV,Cote d'Ivoire,2009,57.3,17.8,73.7,1473.918369933
CIV,Cote d'Ivoire,2010,58.4,18.7,75.4,1540.529272702
CIV,Cote d'Ivoire,2011,55.8,19.4,79.1,1426.464638645
CIV,Cote d'Ivoire,2012,55.8,20.9,74.9,1503.434330467
CIV,Cote d'Ivoire,2013,61.5,22.4,72.2,1632.327127870
CIV,Cote d'Ivoire,2014,61.9,24,71.9,1742.536930012
CIV,Cote d'Ivoire,2015,62.6,25.9,64.5,1814.718550880
CIV,Cote d'Ivoire,2016,64.3,28,64,1889.277779499
CIV,Cote d'Ivoire,2017,65.6,30.2,62.5,1972.814317889
CIV,Cote d'Ivoire,2018,67.1,32.3,60.5,2013.323075985
CIV,Cote d'Ivoire,2019,68.6,34.7,61.1,2093.099943358
CIV,Cote d'Ivoire,2020,69.9,36.9,61.8,2055.084839964
CIV,Cote d'Ivoire,2021,71.1,39.35,58.2,2146.460475290
CIV,Cote d'Ivoire,2022,70.4,41.7,,2227.081978206
CIV,Cote d'Ivoire,2023,72.4,44.1,,2315.364347103
CMR,Cameroon,2000,41,10,84.6,1151.276893029
CMR,Cameroon,2001,46.2,10.8,85.3,1169.926704650
CMR,Cameroon,2002,44,11.8,85.2,1189.967078970
CMR,Cameroon,2003,45.1,12.7,85.3,1221.094461415
CMR,Cameroon,2004,47.1,13.7,85.5,1271.743268742
CMR,Cameroon,2005,47.2,14.6,86.3,1264.743452187
CMR,Cameroon,2006,49,15.6,85.5,1277.329907123
CMR,Cameroon,2007,48.2,16.5,80.8,1295.730674713
CMR,Cameroon,2008,50.6,17.5,80.8,1295.022112761
CMR,Cameroon,2009,51.7,18.4,79.2,1290.899613511
CMR,Cameroon,2010,52.8,19.2,78.7,1290.901374576
CMR,Cameroon,2011,53.7,20,78.6,1297.306496269
CMR,Cameroon,2012,55.2,20.8,78.6,1319.669616341
CMR,Cameroon,2013,56.3,21.4,77.7,1347.213063671
CMR,Cameroon,2014,56.8,22.1,76.9,1381.819384549
CMR,Cameroon,2015,58.6,22.8,78.1,1415.000097106
CMR,Cameroon,2016,59.8,23.6,78.8,1435.618307278
CMR,Cameroon,2017,60.9,24.35,79.2,1444.906829166
CMR,Cameroon,2018,62.2,25.3,78.7,1461.019699993
CMR,Cameroon,2019,63.2,26.3,78.9,1470.317852762
CMR,Cameroon,2020,64.3,27.4,78.9,1434.519137234
CMR,Cameroon,2021,65.4,28.4,79.2,1443.576002377
CMR,Cameroon,2022,71,29.4,,1458.661804317
CMR,Cameroon,2023,72,30.7,,1468.178370073
COD,"Congo, Dem. Rep.",2000,6.7,1,97.9,339.526822224
COD,"Congo, Dem. Rep.",2001,7.1,1.2,98.3,322.033920026
COD,"Congo, Dem. Rep.",2002,7.7,1.5,98.3,321.547848189
COD,"Congo, Dem. Rep.",2003,8.3,1.6,98,329.709536542
COD,"Congo, Dem. Rep.",2004,9,1.8,97.9,341.714925753
COD,"Congo, Dem. Rep.",2005,6,2,97.4,351.708486412
COD,"Congo, Dem. Rep.",2006,10.2,2.3,97.3,358.454382276
COD,"Congo, Dem. Rep.",2007,15.2,2.4,97.2,377.622830056
COD,"Congo, Dem. Rep.",2008,11.6,2.7,97,393.640517899
COD,"Congo, Dem. Rep.",2009,12.3,2.9,97,383.726254541
COD,"Congo, Dem. Rep.",2010,13,3.1,96.8,403.722373879
COD,"Congo, Dem. Rep.",2011,13.7,3.3,96.2,389.119308450
COD,"Congo, Dem. Rep.",2012,15.4,3.4,95.5,408.966232816
COD,"Congo, Dem. Rep.",2013,15.2,3.6,93.9,464.526715460
COD,"Congo, Dem. Rep.",2014,13.5,3.8,92.9,481.830241884
COD,"Congo, Dem. Rep.",2015,16.6,3.9,95.8,495.826633015
COD,"Congo, Dem. Rep.",2016,17.3,4,97,480.461377880
COD,"Congo, Dem. Rep.",2017,18,4.1,96.7,482.854682129
COD,"Congo, Dem. Rep.",2018,18.7,4.2,96.4,495.312105711
COD,"Congo, Dem. Rep.",2019,19.1,4.4,96.3,482.524295129
COD,"Congo, Dem. Rep.",2020,20.1,4.4,96.2,470.852950001
COD,"Congo, Dem. Rep.",2021,20.8,4.6,96.3,485.160805930
COD,"Congo, Dem. Rep.",2022,21.5,4.8,,513.512704372
COD,"Congo, Dem. Rep.",2023,22.1,5,,539.459126379
COG,"Congo, Rep.",2000,29.4,7.9,64.9,2057.019220236
COG,"Congo, Rep.",2001,30.3,8.5,61.2,2056.165059226
COG,"Congo, Rep.",2002,31.2,9.2,68.6,2100.168767146
COG,"Congo, Rep.",2003,32.1,9.9,62.1,2058.886836750
COG,"Congo, Rep.",2004,33,10.5,63.1,2058.884029469
COG,"Congo, Rep.",2005,33.8,11.4,63.1,2140.036862003
COG,"Congo, Rep.",2006,34.9,12.3,69.3,2226.023354738
COG,"Congo, Rep.",2007,35.8,13.4,60.2,2004.101039620
COG,"Congo, Rep.",2008,36.8,14.5,56.8,2061.558298806
COG,"Congo, Rep.",2009,37.1,15.55,55.9,2211.315723820
COG,"Congo, Rep.",2010,40,16.9,54.5,2332.285080560
COG,"Congo, Rep.",2011,40.8,18.4,64.3,2307.493843997
COG,"Congo, Rep.",2012,41.6,20.2,65.1,2467.061029068
COG,"Congo, Rep.",2013,42.5,22,62.3,2390.657549387
COG,"Congo, Rep.",2014,43.4,23.9,62.1,2488.681185490
COG,"Congo, Rep.",2015,44.3,25.8,64.2,2439.351894037
COG,"Congo, Rep.",2016,45.3,27.9,67.7,2174.193102512
COG,"Congo, Rep.",2017,46.2,29.8,69.8,2003.271210752
COG,"Congo, Rep.",2018,47,31.85,70.6,1909.956038212
COG,"Congo, Rep.",2019,47.7,33.7,69.8,1885.510808777
COG,"Congo, Rep.",2020,48.7,35.4,71.4,1725.510400500
COG,"Congo, Rep.",2021,49.7,37.5,71.4,1701.790604569
COG,"Congo, Rep.",2022,50.6,38.8,,1686.002343914
COG,"Congo, Rep.",2023,51.3,40.1,,1677.085492059
COL,Colombia,2000,95.2,78,27.9,4016.809517482
COL,Colombia,2001,98.5,78.9,27.1,4020.507897548
COL,Colombia,2002,94.9,79.8,28.6,4058.284935787
COL,Colombia,2003,95.1,80.6,30.6,4154.175285236
COL,Colombia,2004,95.3,81.2,29,4311.915912552
COL,Colombia,2005,96.8,81.9,28.9,4457.275374604
COL,Colombia,2006,95.7,82.5,30.6,4694.034429392
COL,Colombia,2007,96,83.1,31,4947.252608131
COL,Colombia,2008,96.8,83.7,30.8,5048.571872452
COL,Colombia,2009,96.1,84.5,31.4,5046.971217577
COL,Colombia,2010,96.8,85,30.6,5214.245476201
COL,Colombia,2011,96.7,85.8,29.6,5517.101108690
COL,Colombia,2012,97,86.5,29.6,5675.756179783
COL,Colombia,2013,97.8,87.1,32,5910.805923012
COL,Colombia,2014,97.8,88.1,32.1,6121.839820198
COL,Colombia,2015,98.2,88.7,31.1,6248.514905345
COL,Colombia,2016,98.4,89.2,30.5,6316.070677825
COL,Colombia,2017,98.5,89.7,32.2,6309.677452925
COL,Colombia,2018,98.5,90.1,30.4,6353.546428539
COL,Colombia,2019,99.4,90.6,31.5,6439.963598126
COL,Colombia,2020,99.7,90.9,32,5891.955232154
COL,Colombia,2021,100,91.4,29.7,6457.169218071
COL,Colombia,2022,100,91.5,,6856.725905054
COL,Colombia,2023,98.7,91.8,,6837.373920845
COM,Comoros,2000,39.8,0.5,69.9,1150.828710918
COM,Comoros,2001,42,0.7,69.5,1188.501390491
COM,Comoros,2002,44.8,0.8,70.3,1217.115343301
COM,Comoros,2003,46.5,1,64.4,1216.980694795
COM,Comoros,2004,48.7,1.2,63.5,1231.147799469
COM,Comoros,2005,51,1.4,65.7,1274.614709481
COM,Comoros,2006,53.2,1.7,61.8,1227.246694351
COM,Comoros,2007,55.5,2,74.4,1212.696617361
COM,Comoros,2008,57.8,2.3,73.4,1235.972804653
COM,Comoros,2009,60.1,2.7,68.5,1250.902371458
COM,Comoros,2010,69.7,3.2,66,1272.607162080
COM,Comoros,2011,69.3,3.6,69,1299.110934494
COM,Comoros,2012,69.3,4.1,68.3,1313.581875597
COM,Comoros,2013,69.4,4.5,63.6,1343.546832807
COM,Comoros,2014,71.8,5.1,68,1342.329585832
COM,Comoros,2015,74.1,5.5,67,1329.370482360
COM,Comoros,2016,76.4,6,64,1345.626165283
COM,Comoros,2017,78.7,6.6,59.5,1369.411802760
COM,Comoros,2018,81,7.1,57.7,1391.845704433
COM,Comoros,2019,83.3,7.7,55.3,1389.364880149
COM,Comoros,2020,85.6,8.3,50.8,1359.707089183
COM,Comoros,2021,87.9,9,41.2,1360.326633615
COM,Comoros,2022,89.9,9.7,39.3,1366.951349553
COM,Comoros,2023,89.8,10.4,,1383.642017596
CPV,Cabo Verde,2000,58.6,62.3,27.9,2037.317209127
CPV,Cabo Verde,2001,60.3,62.7,26,2051.217338881
CPV,Cabo Verde,2002,58.6,63,26,2127.708722965
CPV,Cabo Verde,2003,63.7,63.6,24.8,2186.895004228
CPV,Cabo Verde,2004,65.4,64.4,24.4,2379.796362241
CPV,Cabo Verde,2005,67,65.1,23.9,2514.167792553
CPV,Cabo Verde,2006,68.8,66,21.2,2683.839438569
CPV,Cabo Verde,2007,70.5,66.8,21,3056.971028512
CPV,Cabo Verde,2008,72.3,67.9,23.8,3238.441592875
CPV,Cabo Verde,2009,74.1,68.9,22.1,3159.586986940
CPV,Cabo Verde,2010,81.1,69.9,21.2,3194.616677342
CPV,Cabo Verde,2011,82.3,71.1,20.8,3309.201216439
CPV,Cabo Verde,2012,83.2,71.8,24.3,3341.742105484
CPV,Cabo Verde,2013,84.3,73.1,25.9,3361.093877022
CPV,Cabo Verde,2014,85.3,74.3,26.1,3383.842280979
CPV,Cabo Verde,2015,86.4,75.3,26.4,3415.062667309
CPV,Cabo Verde,2016,87.5,76.6,23.9,3560.140072953
CPV,Cabo Verde,2017,88.6,77.7,21.8,3719.713060479
CPV,Cabo Verde,2018,90.2,78.9,21.9,3853.679400352
CPV,Cabo Verde,2019,91.4,79.7,19.7,4115.902834694
CPV,Cabo Verde,2020,93.7,81,23.4,3255.936289841
CPV,Cabo Verde,2021,95.5,82.1,22.6,3471.655342179
CPV,Cabo Verde,2022,97.1,83,21.8,3997.767632507
CPV,Cabo Verde,2023,98.6,83.9,,4168.677484076
CRI,Costa Rica,2000,96.9,88.9,33,7726.519856175
CRI,Costa Rica,2001,98.2,89.3,32.1,7854.233975638
CRI,Costa Rica,2002,98.5,89.7,32.5,7989.559261061
CRI,Costa Rica,2003,98.7,90.1,33.3,8207.457478261
CRI,Costa Rica,2004,99,90.5,39.2,8445.529175774
CRI,Costa Rica,2005,99.1,90.8,41.7,8655.339676674
CRI,Costa Rica,2006,99.1,91.1,42.4,9160.294373134
CRI,Costa Rica,2007,99.2,91.4,41.2,9779.511502218
CRI,Costa Rica,2008,99.3,91.7,40.7,10104.909235200
CRI,Costa Rica,2009,99.4,92,40.7,9883.675686338
CRI,Costa Rica,2010,99,92.4,40.4,10285.085677767
CRI,Costa Rica,2011,99.2,92.8,38,10612.469496043
CRI,Costa Rica,2012,99.5,93.1,38.1,11001.519308440
CRI,Costa Rica,2013,99.6,93.6,37.8,11151.143793774
CRI,Costa Rica,2014,99.4,94,37.6,11422.673597244
CRI,Costa Rica,2015,99.4,94.3,38.3,11714.710612167
CRI,Costa Rica,2016,99.5,94.7,34.1,12084.435141999
CRI,Costa Rica,2017,99.6,95.1,33.3,12468.565484934
CRI,Costa Rica,2018,99.7,95.3,33.1,12708.804282836
CRI,Costa Rica,2019,99.7,95.6,33.4,12944.013449341
CRI,Costa Rica,2020,99.9,95.9,36.4,12322.235945853
CRI,Costa Rica,2021,100,96.1,34.2,13267.254950804
CRI,Costa Rica,2022,100,96.3,,13931.846161476
CRI,Costa Rica,2023,100,96.6,,14531.500513747
CUB,Cuba,2000,97,62.8,34.4,4112.261683507
CUB,Cuba,2001,96.2,67,34,4229.903094334
CUB,Cuba,2002,95.5,69.85,34.8,4277.395656424
CUB,Cuba,2003,96.5,72.9,33.6,4426.965995918
CUB,Cuba,2004,96.6,75.9,33.8,4670.188021380
CUB,Cuba,2005,96.8,78.6,26.3,5182.352836017
CUB,Cuba,2006,96.9,80.7,22,5799.411636686
CUB,Cuba,2007,97.1,82.55,18.6,6215.766037278
CUB,Cuba,2008,97.3,84.6,18.7,6469.085078477
CUB,Cuba,2009,97.6,86.2,19,6561.253050930
CUB,Cuba,2010,97.8,87.65,15.6,6716.490484971
CUB,Cuba,2011,98,88.8,19.2,6902.163975711
CUB,Cuba,2012,98.3,90.1,19.4,7109.248341856
CUB,Cuba,2013,98.5,91,18.2,7307.820044107
CUB,Cuba,2014,98.7,91.8,23.2,7392.483246330
CUB,Cuba,2015,99,92.6,21.1,7727.919972080
CUB,Cuba,2016,99.2,93.1,19.2,7774.069846262
CUB,Cuba,2017,99.4,93.7,22,7927.277694318
CUB,Cuba,2018,99.6,94.2,24,8120.431235583
CUB,Cuba,2019,99.8,94.5,23.1,8124.752820591
CUB,Cuba,2020,99.9,94.7,24.5,7252.288111798
CUB,Cuba,2021,100,94.9,20.9,7379.042752837
CUB,Cuba,2022,100,94.9,,7552.331522188
CUB,Cuba,2023,100,94.9,,7433.428853997
CUW,Curacao,2000,100,,0.1,21523.645897370
CUW,Curacao,2001,99.9,,0.6,22171.065546042
CUW,Curacao,2002,99.9,,0.6,22231.879309163
CUW,Curacao,2003,99.8,,0.6,21840.891316840
CUW,Curacao,2004,99.8,,0.6,21512.111603517
CUW,Curacao,2005,99.7,,0.6,21112.321922014
CUW,Curacao,2006,99.7,,0.6,20913.663039441
CUW,Curacao,2007,99.7,,0.6,21011.157062201
CUW,Curacao,2008,99.7,,0.5,21202.430511558
CUW,Curacao,2009,99.7,,0.5,20952.899845186
CUW,Curacao,2010,100,,0.5,20706.437457766
CUW,Curacao,2011,100,,0.5,20518.098608710
CUW,Curacao,2012,100,,0.6,20277.511191657
CUW,Curacao,2013,100,,1.1,19921.477063406
CUW,Curacao,2014,100,,1.4,19529.528670498
CUW,Curacao,2015,100,,1.3,19361.813000868
CUW,Curacao,2016,100,,1.4,18953.053741500
CUW,Curacao,2017,100,,1.9,18651.479814244
CUW,Curacao,2018,100,,2.5,18355.176713589
CUW,Curacao,2019,100,,2.5,17980.529817711
CUW,Curacao,2020,100,,2.8,14849.969847492
CUW,Curacao,2021,100,,2.8,15625.411322795
CUW,Curacao,2022,100,,,16772.814698915
CUW,Curacao,2023,100,,,17326.964548134
CYM,Cayman Islands,2000,100,,0,
CYM,Cayman Islands,2001,100,,0,
CYM,Cayman Islands,2002,100,,0,
CYM,Cayman Islands,2003,100,,0,
CYM,Cayman Islands,2004,100,,0,
CYM,Cayman Islands,2005,100,,0,
CYM,Cayman Islands,2006,100,,0,96066.629083236
CYM,Cayman Islands,2007,100,,0,96202.737941549
CYM,Cayman Islands,2008,100,,0,93115.316841631
CYM,Cayman Islands,2009,100,,0,84001.421565761
CYM,Cayman Islands,2010,100,,0,79483.097281360
CYM,Cayman Islands,2011,100,,0,78233.018755188
CYM,Cayman Islands,2012,100,,0,77074.389087251
CYM,Cayman Islands,2013,100,,0,76038.879554035
CYM,Cayman Islands,2014,100,,0,76104.621572742
CYM,Cayman Islands,2015,100,,0,76379.209510868
CYM,Cayman Islands,2016,100,,0,77031.864387362
CYM,Cayman Islands,2017,100,,0,77717.175205882
CYM,Cayman Islands,2018,100,,0,79305.769672996
CYM,Cayman Islands,2019,100,,0,80714.571822299
CYM,Cayman Islands,2020,100,,0,75199.644600628
CYM,Cayman Islands,2021,100,,0,77259.633109606
CYM,Cayman Islands,2022,100,,0,79942.119629025
CYM,Cayman Islands,2023,100,,,82906.545494395
CYP,Cyprus,2000,100,100,3.1,22383.955078125
CYP,Cyprus,2001,100,100,3,23019.240234375
CYP,Cyprus,2002,100,100,3.2,23604.177734375
CYP,Cyprus,2003,100,100,3.2,23930.7734375
CYP,Cyprus,2004,100,100,3.3,24799.63671875
CYP,Cyprus,2005,100,100,3.4,25631.35546875
CYP,Cyprus,2006,100,100,3.5,26395.490234375
CYP,Cyprus,2007,100,100,4.3,27156.806640625
CYP,Cyprus,2008,100,100,5.7,27449.212890625
CYP,Cyprus,2009,100,100,6.3,26183.673828125
CYP,Cyprus,2010,100,100,6.5,26090.037109375
CYP,Cyprus,2011,100,100,7.6,25538.76953125
CYP,Cyprus,2012,100,100,8.6,24285.484375
CYP,Cyprus,2013,100,100,9.7,22711.708984375
CYP,Cyprus,2014,100,100,9.5,22373.56640625
CYP,Cyprus,2015,100,100,10.4,23088.4296875
CYP,Cyprus,2016,100,100,10.3,24477.974609375
CYP,Cyprus,2017,100,100,10.9,25665.990234375
CYP,Cyprus,2018,100,100,12,26962.392578125
CYP,Cyprus,2019,100,100,12,28167.146484375
CYP,Cyprus,2020,100,100,15,26895.671875
CYP,Cyprus,2021,100,100,15.6,29517.05859375
CYP,Cyprus,2022,100,100,,31505.2109375
CYP,Cyprus,2023,100,100,,32022.01953125
CZE,Czechia,2000,100,100,5.9,12543.936434237
CZE,Czechia,2001,100,100,6.3,12958.466760753
CZE,Czechia,2002,100,100,7.3,13179.987809274
CZE,Czechia,2003,100,100,6.7,13618.934963316
CZE,Czechia,2004,100,100,7.1,14259.63342798
CZE,Czechia,2005,100,100,7.5,15147.721441761
CZE,Czechia,2006,100,100,7.9,16107.304250269
CZE,Czechia,2007,100,100,8.3,16892.542854974
CZE,Czechia,2008,100,100,9,17190.647033329
CZE,Czechia,2009,100,100,10.2,16272.808476672
CZE,Czechia,2010,100,100,10.9,16665.931782514
CZE,Czechia,2011,100,100,12.2,16926.284667443
CZE,Czechia,2012,100,100,12.8,16772.353922333
CZE,Czechia,2013,100,100,13.9,16759.780863564
CZE,Czechia,2014,100,100,14.8,17118.042557158
CZE,Czechia,2015,100,100,14.8,17931.598767077
CZE,Czechia,2016,100,100,14.8,18359.097810390
CZE,Czechia,2017,100,100,14.5,19257.693068091
CZE,Czechia,2018,100,100,14.7,19736.629526129
CZE,Czechia,2019,100,100,15.9,20360.059922181
CZE,Czechia,2020,100,100,17,19233.146954983
CZE,Czechia,2021,100,100,17.2,20373.878304342
CZE,Czechia,2022,100,100,,20627.348651011
CZE,Czechia,2023,100,100,,20272.587401733
DEU,Germany,2000,100,100,3.7,35104.130846784
DEU,Germany,2001,100,100,3.9,35618.514369849
DEU,Germany,2002,100,100,4.4,35477.515154430
DEU,Germany,2003,100,100,5.4,35270.022728427
DEU,Germany,2004,100,100,6.3,35687.637870854
DEU,Germany,2005,100,100,7.3,36024.094704702
DEU,Germany,2006,100,100,8.6,37459.261328042
DEU,Germany,2007,100,100,10.5,38593.074991051
DEU,Germany,2008,100,100,10.2,39009.847763636
DEU,Germany,2009,100,100,10.7,36940.407867266
DEU,Germany,2010,100,100,11.6,38526.737104270
DEU,Germany,2011,100,100,12.5,40722.484926824
DEU,Germany,2012,100,100,13.6,40834.508821846
DEU,Germany,2013,100,100,13.6,40884.892675903
DEU,Germany,2014,100,100,14,41602.466128167
DEU,Germany,2015,100,100,14.6,41929.754911072
DEU,Germany,2016,100,100,14.2,42516.933706310
DEU,Germany,2017,100,100,15.2,43543.480705055
DEU,Germany,2018,100,100,16,43905.855006197
DEU,Germany,2019,100,100,17.1,44235.265895468
DEU,Germany,2020,100,100,18.5,42372.872678425
DEU,Germany,2021,100,100,17.6,44011.019463167
DEU,Germany,2022,100,100,,44817.131633139
DEU,Germany,2023,100,100,,44368.992007488
DJI,Djibouti,2000,56,3.8,31.4,
DJI,Djibouti,2001,56.1,3.9,31.7,
DJI,Djibouti,2002,49.7,4.2,32.4,
DJI,Djibouti,2003,56.4,4.4,32.9,
DJI,Djibouti,2004,56.6,4.5,33.6,
DJI,Djibouti,2005,56.8,4.8,33.1,
DJI,Djibouti,2006,55.5,5,33,
DJI,Djibouti,2007,57.2,5.4,32.5,
DJI,Djibouti,2008,57.4,5.6,33.1,
DJI,Djibouti,2009,57.6,6,34.4,
DJI,Djibouti,2010,57.9,6.5,32.5,
DJI,Djibouti,2011,58.1,6.8,32,
DJI,Djibouti,2012,54.6,7.3,32.3,
DJI,Djibouti,2013,58.6,7.6,29.9,2140.137694423
DJI,Djibouti,2014,58.9,8,29.4,2253.140822498
DJI,Djibouti,2015,59.1,8.5,24.8,2376.125547199
DJI,Djibouti,2016,59.8,8.7,23.6,2502.851814494
DJI,Djibouti,2017,60.2,9,23.3,2596.451346983
DJI,Djibouti,2018,62.4,9.3,24.7,2677.165033445
DJI,Djibouti,2019,64.7,9.45,23.4,2781.943501135
DJI,Djibouti,2020,64.5,9.7,27.5,2773.406617801
DJI,Djibouti,2021,65.4,9.8,26.6,2854.159870351
DJI,Djibouti,2022,65,9.8,26.9,2959.786730113
DJI,Djibouti,2023,65.2,10,,3117.815538153
DMA,Dominica,2000,81.1,79.6,11.1,6879.597372739
DMA,Dominica,2001,82.1,80.7,9.4,6897.656740865
DMA,Dominica,2002,87.7,82,13.6,6676.972714680
DMA,Dominica,2003,84,82.9,10.6,7047.661895959
DMA,Dominica,2004,85,84,11.4,7323.853000828
DMA,Dominica,2005,86,84.8,10,7381.747285295
DMA,Dominica,2006,87,85.6,9.8,7698.537014838
DMA,Dominica,2007,88.1,86.5,7.8,8106.189518783
DMA,Dominica,2008,90.9,86.9,8,8682.573781798
DMA,Dominica,2009,90.2,87.5,7.5,8582.714814357
DMA,Dominica,2010,91.3,88.1,10.3,8574.273086822
DMA,Dominica,2011,90.1,88.3,13.8,8553.838467010
DMA,Dominica,2012,93.5,88.6,11.3,8532.343881173
DMA,Dominica,2013,94.6,89.1,11.4,8459.658698802
DMA,Dominica,2014,95.7,89.2,9.9,8576.263676236
DMA,Dominica,2015,96.7,89.2,8.7,8282.598747021
DMA,Dominica,2016,97.8,89,10.7,8499.522919031
DMA,Dominica,2017,98.9,88.65,9.7,7985.634110213
DMA,Dominica,2018,99.6,88.5,7.9,8261.164925532
DMA,Dominica,2019,99.9,88.2,7.6,8624.516959935
DMA,Dominica,2020,100,87.7,8.6,7302.944549513
DMA,Dominica,2021,100,87.1,8.8,7738.317300704
DMA,Dominica,2022,100,86.8,8.9,8590.922090698
DMA,Dominica,2023,100,86.2,,8946.988225880
DNK,Denmark,2000,100,100,10.7,49266.988275789
DNK,Denmark,2001,100,100,11.1,49557.150996223
DNK,Denmark,2002,100,100,11.9,49624.596535958
DNK,Denmark,2003,100,100,12.7,49708.090908411
DNK,Denmark,2004,100,100,14.4,50956.304539881
DNK,Denmark,2005,100,100,16.1,52015.184116902
DNK,Denmark,2006,100,100,15.3,53823.159029548
DNK,Denmark,2007,100,100,17.7,54113.977147134
DNK,Denmark,2008,100,100,18.5,53572.534656818
DNK,Denmark,2009,100,100,19.3,50635.911806199
DNK,Denmark,2010,100,100,21.2,51209.449275778
DNK,Denmark,2011,100,100,23.8,51667.531321043
DNK,Denmark,2012,100,100,26.9,51470.689845427
DNK,Denmark,2013,100,100,27,51970.390932481
DNK,Denmark,2014,100,100,30.2,52368.362596927
DNK,Denmark,2015,100,100,32.5,53094.013360757
DNK,Denmark,2016,100,100,32,54300.203962199
DNK,Denmark,2017,100,100,35,55601.014571779
DNK,Denmark,2018,100,100,34.6,56355.073308471
DNK,Denmark,2019,100,100,37.2,57114.622733635
DNK,Denmark,2020,100,100,39.5,55934.555594552
DNK,Denmark,2021,100,100,39.5,59312.815804377
DNK,Denmark,2022,100,100,,59108.744937407
DNK,Denmark,2023,100,100,,59026.984365100
DOM,Dominican Republic,2000,88.8,83.7,19.1,4123.105731631
DOM,Dominican Republic,2001,89.8,84.7,18.9,4158.984302824
DOM,Dominican Republic,2002,89.7,85.4,17.9,4280.801823974
DOM,Dominican Republic,2003,89.2,86,18.9,4162.666861177
DOM,Dominican Republic,2004,90.3,86.6,20.7,4212.010441218
DOM,Dominican Republic,2005,90.1,86.7,19.4,4549.249570089
DOM,Dominican Republic,2006,90.1,86.7,18,4904.717158394
DOM,Dominican Republic,2007,96.9,86.9,17.9,5204.785006523
DOM,Dominican Republic,2008,97.6,87,17.7,5308.926649668
DOM,Dominican Republic,2009,97.9,87.1,17.3,5294.649533744
DOM,Dominican Republic,2010,98.1,87.1,16.9,5666.456334302
DOM,Dominican Republic,2011,97.9,87.6,16.8,5773.574034592
DOM,Dominican Republic,2012,97.9,88,16.5,5860.298933210
DOM,Dominican Republic,2013,98.4,88.4,16.6,6075.033999727
DOM,Dominican Republic,2014,98.5,88.8,17.3,6430.278110513
DOM,Dominican Republic,2015,98.6,89.5,14.9,6800.953093955
DOM,Dominican Republic,2016,98.9,90.1,15.3,7177.753764755
DOM,Dominican Republic,2017,100,90.6,16.9,7379.399780671
DOM,Dominican Republic,2018,98.9,91.25,15.9,7818.705932405
DOM,Dominican Republic,2019,99,91.8,14.4,8117.046391858
DOM,Dominican Republic,2020,100,92.3,16,7395.873426240
DOM,Dominican Republic,2021,98.1,92.7,14.8,8344.905103124
DOM,Dominican Republic,2022,98.1,93.2,,8698.135920944
DOM,Dominican Republic,2023,99.6,93.5,,8809.963353859
DZA,Algeria,2000,98.6,96.5,0.4,3553.324205220
DZA,Algeria,2001,98.6,97,0.4,3610.006056320
DZA,Algeria,2002,98.6,97.45,0.5,3754.660815384
DZA,Algeria,2003,98.6,97.8,0.5,3945.898160940
DZA,Algeria,2004,98.6,98.1,0.4,4066.282048065
DZA,Algeria,2005,98.6,98.4,0.6,4223.602521339
DZA,Algeria,2006,98.7,98.6,0.4,4279.615471208
DZA,Algeria,2007,98.7,98.8,0.4,4339.250557728
DZA,Algeria,2008,99.3,99,0.3,4367.565380175
DZA,Algeria,2009,98.8,99.2,0.3,4336.100540529
DZA,Algeria,2010,98.9,99.2,0.3,4456.610274164
DZA,Algeria,2011,99,99.3,0.2,4501.354301335
DZA,Algeria,2012,98.8,99.4,0.2,4518.439789565
DZA,Algeria,2013,99.2,99.5,0.1,4543.234440068
DZA,Algeria,2014,99.3,99.5,0.1,4634.101491800
DZA,Algeria,2015,99.4,99.6,0.1,4685.059027290
DZA,Algeria,2016,99.4,99.6,0.1,4768.731400810
DZA,Algeria,2017,99.5,99.6,0.1,4742.900755325
DZA,Algeria,2018,99.6,99.7,0.2,4717.003588536
DZA,Algeria,2019,99.5,99.7,0.2,4672.664086786
DZA,Algeria,2020,99.7,99.7,0.1,4363.685337678
DZA,Algeria,2021,99.8,99.7,0.1,4456.746876378
DZA,Algeria,2022,100,99.7,,4544.466880604
DZA,Algeria,2023,100,99.7,,4660.405456879
ECU,Ecuador,2000,93.7,88.4,19.4,3953.398797284
ECU,Ecuador,2001,94,89.3,17.1,4049.000188995
ECU,Ecuador,2002,94.2,90.1,17.1,4174.897935800
ECU,Ecuador,2003,95,90.9,16.6,4220.212984666
ECU,Ecuador,2004,94.8,91.5,16.7,4430.237179842
ECU,Ecuador,2005,95.8,92,16.2,4589.328492035
ECU,Ecuador,2006,96.3,92.4,14.2,4706.980568238
ECU,Ecuador,2007,96.8,92.8,15.9,4715.303598426
ECU,Ecuador,2008,97.2,93.1,15.3,4939.902150218
ECU,Ecuador,2009,96.5,93.3,12.9,4909.336817057
ECU,Ecuador,2010,97.5,93.8,11.8,5022.203743872
ECU,Ecuador,2011,96.9,93.8,13.2,5359.457246156
ECU,Ecuador,2012,97.2,94,13.2,5579.856242822
ECU,Ecuador,2013,98,94.1,11.8,5893.321726830
ECU,Ecuador,2014,99,94.3,12.2,6055.041727615
ECU,Ecuador,2015,98.8,94.4,13.1,5976.159680565
ECU,Ecuador,2016,98.7,94.4,14.8,5849.135879337
ECU,Ecuador,2017,99.2,94.5,17,6104.272535218
ECU,Ecuador,2018,98.7,94.6,16.3,6063.095617878
ECU,Ecuador,2019,99.1,94.6,17.7,5971.389383867
ECU,Ecuador,2020,98.8,94.6,20.2,5355.689341964
ECU,Ecuador,2021,100,94.6,18.9,5815.094773909
ECU,Ecuador,2022,100,94.7,,6107.494950065
ECU,Ecuador,2023,98.7,94.7,,6165.409775557
EGY,"Egypt, Arab Rep.",2000,97.7,82.2,8.3,2458.608350032
EGY,"Egypt, Arab Rep.",2001,97.4,86.2,7.8,2492.034411889
EGY,"Egypt, Arab Rep.",2002,97.5,89.6,7.3,2498.481211943
EGY,"Egypt, Arab Rep.",2003,98.8,92.1,7.4,2524.804771958
EGY,"Egypt, Arab Rep.",2004,97.8,94.3,7.6,2574.423417896
EGY,"Egypt, Arab Rep.",2005,99.4,95.7,6.5,2635.703052266
EGY,"Egypt, Arab Rep.",2006,99,97,6.2,2761.624107683
EGY,"Egypt, Arab Rep.",2007,98.4,97.8,6,2902.065598033
EGY,"Egypt, Arab Rep.",2008,99.8,98.4,5.9,3052.212978459
EGY,"Egypt, Arab Rep.",2009,98.9,98.8,5.7,3135.096613057
EGY,"Egypt, Arab Rep.",2010,99.4,99.1,5.4,3233.845212493
EGY,"Egypt, Arab Rep.",2011,99.4,99.4,5.4,3222.376501114
EGY,"Egypt, Arab Rep.",2012,99.7,99.5,5.3,3220.991942012
EGY,"Egypt, Arab Rep.",2013,99.9,99.7,5.3,3216.378390245
EGY,"Egypt, Arab Rep.",2014,99.8,99.8,5.4,3235.662462355
EGY,"Egypt, Arab Rep.",2015,99.3,99.8,5.3,3306.981594141
EGY,"Egypt, Arab Rep.",2016,100,99.8,5.1,3381.222463077
EGY,"Egypt, Arab Rep.",2017,100,99.9,4.9,3452.909612460
EGY,"Egypt, Arab Rep.",2018,100,99.9,5,3568.639662864
EGY,"Egypt, Arab Rep.",2019,100,99.9,6.2,3701.244634495
EGY,"Egypt, Arab Rep.",2020,100,99.9,6.7,3770.869478685
EGY,"Egypt, Arab Rep.",2021,100,99.9,6.1,3837.319923253
EGY,"Egypt, Arab Rep.",2022,100,99.9,,4029.782954582
EGY,"Egypt, Arab Rep.",2023,100,99.9,,4111.311847902
ERI,Eritrea,2000,29.3,3.5,76.8,845.132430061
ERI,Eritrea,2001,30.3,3.9,74.8,893.268735439
ERI,Eritrea,2002,32.2,4.4,74.7,889.009113593
ERI,Eritrea,2003,32.4,4.8,75,830.379672283
ERI,Eritrea,2004,33.4,5.3,69.8,808.591420185
ERI,Eritrea,2005,34.5,5.7,74.7,809.794793469
ERI,Eritrea,2006,35.6,6.3,77.3,789.402432018
ERI,Eritrea,2007,36.7,6.8,79.1,789.072701743
ERI,Eritrea,2008,37.8,7.3,81.4,693.398874212
ERI,Eritrea,2009,38.9,7.7,81.7,702.430936481
ERI,Eritrea,2010,40.1,8.2,80.9,703.877374382
ERI,Eritrea,2011,41.2,8.5,77.1,751.374899795
ERI,Eritrea,2012,42.3,9.2,78.4,
ERI,Eritrea,2013,43.5,9.4,79.7,
ERI,Eritrea,2014,44.6,9.9,80.5,
ERI,Eritrea,2015,45.8,10.2,81.2,
ERI,Eritrea,2016,46.9,10.6,81.4,
ERI,Eritrea,2017,48,11,81.6,
ERI,Eritrea,2018,49.1,11.2,80.8,
ERI,Eritrea,2019,50.3,11.4,80.6,
ERI,Eritrea,2020,51.4,11.7,80.9,
ERI,Eritrea,2021,52.5,12,80.7,
ERI,Eritrea,2022,55.4,11.9,,
ERI,Eritrea,2023,54.4,12,,
ESP,Spain,2000,100,100,7.9,24106.881852937
ESP,Spain,2001,100,100,8.9,24878.378454399
ESP,Spain,2002,100,100,7.4,25205.315476904
ESP,Spain,2003,100,100,8.9,25481.165369011
ESP,Spain,2004,100,100,8,25825.310646332
ESP,Spain,2005,100,100,7.3,26294.447384391
ESP,Spain,2006,100,100,8.5,26899.092149711
ESP,Spain,2007,100,100,9,27338.79541774
ESP,Spain,2008,100,100,9.7,27112.526293889
ESP,Spain,2009,100,100,12.2,25860.814259265
ESP,Spain,2010,100,100,14.4,25766.251582574
ESP,Spain,2011,100,100,14.7,25510.557967883
ESP,Spain,2012,100,100,15.8,24763.568274484
ESP,Spain,2013,100,100,16.9,24498.555950794
ESP,Spain,2014,100,100,17.3,24947.851250591
ESP,Spain,2015,100,100,16.3,25982.441619777
ESP,Spain,2016,100,100,16.7,26719.244226862
ESP,Spain,2017,100,100,15.2,27426.281015093
ESP,Spain,2018,100,100,16.9,27956.722546648
ESP,Spain,2019,100,100,16.7,28301.439394956
ESP,Spain,2020,100,100,19.3,25077.019882928
ESP,Spain,2021,100,100,19,26705.362913896
ESP,Spain,2022,100,100,,28203.109341947
ESP,Spain,2023,100,100,,28558.631981750
EST,Estonia,2000,100,100,19.8,10006.769628094
EST,Estonia,2001,100,100,18.9,10662.945502033
EST,Estonia,2002,100,100,19.3,11474.662272192
EST,Estonia,2003,100,100,19.9,12424.044153569
EST,Estonia,2004,100,100,20,13348.528446332
EST,Estonia,2005,100,100,18.9,14703.617970777
EST,Estonia,2006,100,100,17.2,16234.515204142
EST,Estonia,2007,100,100,18.6,17543.466178572
EST,Estonia,2008,100,100,20.5,16688.997772178
EST,Estonia,2009,100,100,24.2,14274.851108679
EST,Estonia,2010,100,100,25.3,14657.939813612
EST,Estonia,2011,100,100,25.2,15820.922342204
EST,Estonia,2012,100,100,25,16460.684347900
EST,Estonia,2013,100,100,24.5,16809.532668378
EST,Estonia,2014,100,100,25.3,17413.686756021
EST,Estonia,2015,100,100,28.2,17722.155766952
EST,Estonia,2016,100,100,27.2,18264.987330428
EST,Estonia,2017,100,100,27.5,19270.814121051
EST,Estonia,2018,100,100,28.6,19914.345492288
EST,Estonia,2019,100,100,31.3,20579.875673238
EST,Estonia,2020,100,100,40.4,19946.945696898
EST,Estonia,2021,100,100,38,21570.665845527
EST,Estonia,2022,100,100,,21023.299493725
EST,Estonia,2023,100,100,,20126.373048696
ETH,Ethiopia,2000,12.7,0.8,95.5,247.505413660
ETH,Ethiopia,2001,10.2,0.9,94.6,260.042316081
ETH,Ethiopia,2002,11.9,1,94.5,256.066635884
ETH,Ethiopia,2003,13.5,1,94.2,243.076666020
ETH,Ethiopia,2004,15.2,1.1,94.1,267.923513392
ETH,Ethiopia,2005,14,1.2,94.7,290.833381425
ETH,Ethiopia,2006,18.6,1.3,94.5,313.013896722
ETH,Ethiopia,2007,20.3,1.5,94.1,338.799064654
ETH,Ethiopia,2008,22,1.7,94.1,364.642208156
ETH,Ethiopia,2009,23.7,1.9,94.2,385.632419711
ETH,Ethiopia,2010,25.5,2.2,94.1,421.898622379
ETH,Ethiopia,2011,23,2.6,93.6,455.909628649
ETH,Ethiopia,2012,29,3,93.3,481.639999910
ETH,Ethiopia,2013,30.8,3.4,92.4,518.324662208
ETH,Ethiopia,2014,27.2,3.8,91.4,556.362532244
ETH,Ethiopia,2015,29,4.3,91.5,597.912113219
ETH,Ethiopia,2016,42.9,4.7,90.4,636.835680951
ETH,Ethiopia,2017,44.3,5.2,90.8,678.985419158
ETH,Ethiopia,2018,44.8,5.6,90,705.968812073
ETH,Ethiopia,2019,48,5.9,89.3,744.702789740
ETH,Ethiopia,2020,51.1,6.2,90.7,768.705424485
ETH,Ethiopia,2021,54.2,6.5,90.6,790.657019602
ETH,Ethiopia,2022,55,6.9,,811.177729337
ETH,Ethiopia,2023,55.4,7.1,,842.446604882
FIN,Finland,2000,100,100,31.7,37872.602034350
FIN,Finland,2001,100,100,29.2,38784.130811573
FIN,Finland,2002,100,100,29.5,39343.069899763
FIN,Finland,2003,100,100,28.4,40038.983970228
FIN,Finland,2004,100,100,31.1,41521.962874476
FIN,Finland,2005,100,100,31.5,42529.350692088
FIN,Finland,2006,100,100,31.2,44069.395883472
FIN,Finland,2007,100,100,31.8,46213.689897574
FIN,Finland,2008,100,100,34.6,46359.873284405
FIN,Finland,2009,100,100,32.5,42412.513351353
FIN,Finland,2010,100,100,33.4,43556.538583437
FIN,Finland,2011,100,100,35.1,44391.453566798
FIN,Finland,2012,100,100,38.7,43507.934537158
FIN,Finland,2013,100,100,38.5,42883.638498642
FIN,Finland,2014,100,100,41.2,42502.488019986
FIN,Finland,2015,100,100,43.2,42560.345676710
FIN,Finland,2016,100,100,42.4,43529.676161697
FIN,Finland,2017,100,100,44.4,44862.220404205
FIN,Finland,2018,100,100,44.2,45337.240955058
FIN,Finland,2019,100,100,45.4,45898.570844895
FIN,Finland,2020,100,100,47.3,44690.980110307
FIN,Finland,2021,100,100,50.2,45792.045418087
FIN,Finland,2022,100,100,,46016.149210393
FIN,Finland,2023,100,100,,45196.481440014
FJI,Fiji,2000,76.8,28.4,50.1,3960.889034582
FJI,Fiji,2001,77.7,28.4,40.4,3998.797300080
FJI,Fiji,2002,79.6,28.6,49,4086.104329813
FJI,Fiji,2003,80,28.8,40.8,4087.724465361
FJI,Fiji,2004,80.6,29,35.7,4264.597258024
FJI,Fiji,2005,81.6,29.4,40,4255.450960250
FJI,Fiji,2006,82.6,29.9,39.1,4295.406770748
FJI,Fiji,2007,88.9,30.2,36,4223.448020676
FJI,Fiji,2008,86.2,31,42.1,4240.772648986
FJI,Fiji,2009,85.6,31.8,41.6,4164.293148156
FJI,Fiji,2010,92.4,32.9,28,4272.359162104
FJI,Fiji,2011,92.5,34.1,33.4,4375.580835141
FJI,Fiji,2012,92.6,35.7,33.3,4427.978415236
FJI,Fiji,2013,91.8,37,32.8,4630.351273849
FJI,Fiji,2014,93,38.6,33.2,4883.242993408
FJI,Fiji,2015,93.2,40.55,32.7,5097.531068647
FJI,Fiji,2016,93.4,42.1,27.7,5218.858245735
FJI,Fiji,2017,96,44.1,28.6,5500.678402801
FJI,Fiji,2018,95.1,45.8,25.8,5720.214457529
FJI,Fiji,2019,96.1,47.9,26.5,5701.104345324
FJI,Fiji,2020,97.1,49.5,31.8,4721.122812873
FJI,Fiji,2021,92.1,51,29.7,4507.333530133
FJI,Fiji,2022,92,52.8,28.4,5291.516924395
FJI,Fiji,2023,99.3,54.1,,5761.569478910
FRA,France,2000,100,100,9.3,33255.137964234
FRA,France,2001,100,100,9.4,33640.673800257
FRA,France,2002,100,100,8.7,33753.578297976
FRA,France,2003,100,100,8.8,33840.617572010
FRA,France,2004,100,100,8.9,34557.147111158
FRA,France,2005,100,100,8.6,34946.037249470
FRA,France,2006,100,100,8.5,35645.416242712
FRA,France,2007,100,100,9.4,36322.168514100
FRA,France,2008,100,100,10.5,36257.365893094
FRA,France,2009,100,100,11.2,35052.851077268
FRA,France,2010,100,100,11.9,35578.196801018
FRA,France,2011,100,100,10.6,36269.956153089
FRA,France,2012,100,100,12.3,36161.291825347
FRA,France,2013,100,100,13.4,36256.086680981
FRA,France,2014,100,100,13.2,36444.394908915
FRA,France,2015,100,100,13.3,36702.432373338
FRA,France,2016,100,100,14.2,36920.534284691
FRA,France,2017,100,100,14.1,37580.597932936
FRA,France,2018,100,100,15.2,38062.443596141
FRA,France,2019,100,100,15.5,38705.207294062
FRA,France,2020,100,100,16.8,35709.204592593
FRA,France,2021,100,100,16.2,38030.857168518
FRA,France,2022,100,100,,38868.330333056
FRA,France,2023,100,100,,39319.415222729
FRO,Faroe Islands,2000,100,,2.8,
FRO,Faroe Islands,2001,100,,2.6,
FRO,Faroe Islands,2002,100,,3.4,
FRO,Faroe Islands,2003,100,,3.1,
FRO,Faroe Islands,2004,100,,3.4,
FRO,Faroe Islands,2005,100,,3.8,
FRO,Faroe Islands,2006,100,,4.3,
FRO,Faroe Islands,2007,100,,4.5,
FRO,Faroe Islands,2008,100,,4.5,44623.031587198
FRO,Faroe Islands,2009,100,,5.1,42379.085117604
FRO,Faroe Islands,2010,100,,3.4,42334.391628988
FRO,Faroe Islands,2011,100,,5,43947.157062582
FRO,Faroe Islands,2012,100,,4.7,47304.845172820
FRO,Faroe Islands,2013,100,,4.5,50121.791968457
FRO,Faroe Islands,2014,100,,6.5,52645.876995773
FRO,Faroe Islands,2015,100,,7.5,52638.266821845
FRO,Faroe Islands,2016,100,,6.3,52758.462646154
FRO,Faroe Islands,2017,100,,6,53832.102275280
FRO,Faroe Islands,2018,100,,5.9,54432.525765807
FRO,Faroe Islands,2019,100,,5.4,56031.662870129
FRO,Faroe Islands,2020,100,,5.3,54305.791882333
FRO,Faroe Islands,2021,100,,5.1,56275.530661412
FRO,Faroe Islands,2022,100,,7.9,57784.722370291
FRO,Faroe Islands,2023,100,,,59067.563744630
FSM,"Micronesia, Fed. Sts.",2000,46,10.8,1.3,2735.195656928
FSM,"Micronesia, Fed. Sts.",2001,48.4,10.7,1.4,2777.024664892
FSM,"Micronesia, Fed. Sts.",2002,50.1,10.8,1.6,2787.274132761
FSM,"Micronesia, Fed. Sts.",2003,51.8,10.9,0.9,2840.524490689
FSM,"Micronesia, Fed. Sts.",2004,53.5,10.9,1,2758.745903901
FSM,"Micronesia, Fed. Sts.",2005,55.2,11,1.4,2847.482295255
FSM,"Micronesia, Fed. Sts.",2006,57,11.1,1.4,2853.207137328
FSM,"Micronesia, Fed. Sts.",2007,58.7,11.1,1.2,2827.530721062
FSM,"Micronesia, Fed. Sts.",2008,60.5,11.25,1.4,2779.829711131
FSM,"Micronesia, Fed. Sts.",2009,62.2,11.6,1.1,2841.467459461
FSM,"Micronesia, Fed. Sts.",2010,64.5,11.7,2,2901.246047982
FSM,"Micronesia, Fed. Sts.",2011,66.3,11.8,1.6,3006.539762370
FSM,"Micronesia, Fed. Sts.",2012,67.8,12.1,1.4,2952.587096568
FSM,"Micronesia, Fed. Sts.",2013,69.4,12.1,1.4,2837.157467291
FSM,"Micronesia, Fed. Sts.",2014,71.2,12.5,1.5,2757.396548789
FSM,"Micronesia, Fed. Sts.",2015,73,12.7,1.7,2869.862761691
FSM,"Micronesia, Fed. Sts.",2016,74.8,12.7,1.9,2896.472822455
FSM,"Micronesia, Fed. Sts.",2017,76.5,12.9,1.7,2945.601473845
FSM,"Micronesia, Fed. Sts.",2018,78.3,12.9,2,2946.058278464
FSM,"Micronesia, Fed. Sts.",2019,80.1,13.1,2,3043.077189890
FSM,"Micronesia, Fed. Sts.",2020,81.9,13.3,2,2963.443605290
FSM,"Micronesia, Fed. Sts.",2021,83.6,13.3,2.1,3035.922517792
FSM,"Micronesia, Fed. Sts.",2022,85.3,13.3,2,2928.524642460
FSM,"Micronesia, Fed. Sts.",2023,86.9,13.3,,2948.077209753
GAB,Gabon,2000,73.6,64.1,72.8,7596.099706505
GAB,Gabon,2001,77.2,66,72.4,7556.769953149
GAB,Gabon,2002,77.8,67.8,79.8,7338.756206136
GAB,Gabon,2003,78.5,69.3,83.6,7301.671544428
GAB,Gabon,2004,79.2,71.1,85.8,7148.987134475
GAB,Gabon,2005,81.6,72.6,85.2,7130.225057718
GAB,Gabon,2006,80.5,74.4,86.2,6724.081489773
GAB,Gabon,2007,81.3,76.1,87.3,6908.673991630
GAB,Gabon,2008,82,77.6,87.3,6468.385233576
GAB,Gabon,2009,82.7,79,87.9,6264.836114802
GAB,Gabon,2010,89.3,80.5,85.8,6481.496120736
GAB,Gabon,2011,88.7,81.8,79.7,6699.233946065
GAB,Gabon,2012,89.3,83,75.5,6803.226680792
GAB,Gabon,2013,86.4,84.1,82.2,6938.257538622
GAB,Gabon,2014,87.1,85.2,81.3,6998.605454396
GAB,Gabon,2015,87.3,86,81.9,7047.126546344
GAB,Gabon,2016,88.1,87.1,81.5,6991.325144674
GAB,Gabon,2017,86.3,87.7,90.2,6840.059593478
GAB,Gabon,2018,89.6,88.8,90.3,6724.596142911
GAB,Gabon,2019,90.3,89.4,90.2,6817.568794688
GAB,Gabon,2020,91.1,90,91.3,6534.279665294
GAB,Gabon,2021,91.8,90.5,91.3,6479.049006925
GAB,Gabon,2022,93.5,91,,6527.482079019
GAB,Gabon,2023,94.1,91.4,,6541.253686180
GBR,United Kingdom,2000,100,100,1,39297.136631727
GBR,United Kingdom,2001,100,100,0.8,40082.135935682
GBR,United Kingdom,2002,100,100,1,40594.932929345
GBR,United Kingdom,2003,100,100,0.9,41706.830393013
GBR,United Kingdom,2004,100,100,1.1,42434.820902364
GBR,United Kingdom,2005,100,100,1.4,43320.562868444
GBR,United Kingdom,2006,100,100,1.6,43944.998579907
GBR,United Kingdom,2007,100,100,1.8,44882.141312304
GBR,United Kingdom,2008,100,100,2.4,44508.287463148
GBR,United Kingdom,2009,100,100,3,42146.509587996
GBR,United Kingdom,2010,100,100,3.2,42762.720840223
GBR,United Kingdom,2011,100,100,4,42791.093431347
GBR,United Kingdom,2012,100,100,4.2,43136.700679600
GBR,United Kingdom,2013,100,100,5.2,43585.873177228
GBR,United Kingdom,2014,100,100,6.6,44628.572457822
GBR,United Kingdom,2015,100,100,7.7,45256.040227057
GBR,United Kingdom,2016,100,100,7.7,45888.709961456
GBR,United Kingdom,2017,100,100,8.8,47019.451042000
GBR,United Kingdom,2018,100,100,10.2,47516.209977032
GBR,United Kingdom,2019,100,100,11.4,47866.914035408
GBR,United Kingdom,2020,100,100,13.6,42985.039214825
GBR,United Kingdom,2021,100,100,12.2,46491.506883669
GBR,United Kingdom,2022,100,100,,48410.095170282
GBR,United Kingdom,2023,100,100,,47911.154013483
GEO,Georgia,2000,99.8,46,47.2,1561.198676388
GEO,Georgia,2001,99.8,47,53.1,1661.830191064
GEO,Georgia,2002,99.9,48.6,56.8,1768.597011689
GEO,Georgia,2003,100,50.4,55.3,1977.461433387
GEO,Georgia,2004,99.9,52.4,54.5,2105.004728438
GEO,Georgia,2005,97.9,54.15,41.5,2321.600842852
GEO,Georgia,2006,100,56.3,37.2,2554.812535039
GEO,Georgia,2007,100,58.4,36.2,2891.137023318
GEO,Georgia,2008,100,60.9,36.3,2970.158582824
GEO,Georgia,2009,100,63.05,36.7,2887.256079359
GEO,Georgia,2010,100,66.1,39.1,3090.065136623
GEO,Georgia,2011,100,68.5,31.5,3362.103003197
GEO,Georgia,2012,100,71.3,28.7,3609.780798626
GEO,Georgia,2013,100,74,32.4,3806.506006491
GEO,Georgia,2014,100,76.9,30.7,3960.350800919
GEO,Georgia,2015,100,79.4,27.5,4086.622346596
GEO,Georgia,2016,100,81.7,27.2,4225.091549048
GEO,Georgia,2017,100,84.1,27.5,4442.507441274
GEO,Georgia,2018,99.9,86.3,27.4,4713.653548453
GEO,Georgia,2019,100,87.9,24.7,4975.811481948
GEO,Georgia,2020,100,89.6,23.4,4659.609253182
GEO,Georgia,2021,100,90.9,25.2,5175.198651858
GEO,Georgia,2022,100,92.2,,5736.304495786
GEO,Georgia,2023,100,93.2,,6180.620602343
GHA,Ghana,2000,43.7,6.2,71.6,1022.275207146
GHA,Ghana,2001,44.8,6.9,69.3,1035.226660533
GHA,Ghana,2002,46.8,7.6,65.7,1052.465916444
GHA,Ghana,2003,48.3,8.3,64.5,1077.699908666
GHA,Ghana,2004,50.8,9,62.4,1108.304753536
GHA,Ghana,2005,41.2,10,61.4,1143.311789343
GHA,Ghana,2006,55.1,10.8,58.6,1185.265707386
GHA,Ghana,2007,56.9,11.8,54.5,1205.317058042
GHA,Ghana,2008,60.5,12.9,57.3,1282.634168867
GHA,Ghana,2009,61.1,14,51.9,1311.630537601
GHA,Ghana,2010,64.2,15.3,51.9,1381.227950351
GHA,Ghana,2011,64.1,16.3,50.1,1537.818340193
GHA,Ghana,2012,56.5,17.5,46.5,1640.540720880
GHA,Ghana,2013,70.7,18.8,46.2,1718.597047700
GHA,Ghana,2014,78.3,19.9,47.7,1726.369301346
GHA,Ghana,2015,74,21.4,44,1722.772828336
GHA,Ghana,2016,79.3,22.7,45.2,1740.811019029
GHA,Ghana,2017,79,23.9,45.3,1841.446361532
GHA,Ghana,2018,80.4,25.3,42.1,1915.453232378
GHA,Ghana,2019,83.5,26.9,42.6,1999.553722202
GHA,Ghana,2020,85.4,28.3,40,1970.194114604
GHA,Ghana,2021,86.3,29.9,39,2030.048665010
GHA,Ghana,2022,85.1,31.5,,2067.208958555
GHA,Ghana,2023,89.5,32.8,,2091.813355965
GIB,Gibraltar,2000,99.9,,0,
GIB,Gibraltar,2001,99.9,,0,
GIB,Gibraltar,2002,99.8,,0,
GIB,Gibraltar,2003,99.8,,0,
GIB,Gibraltar,2004,99.7,,0,
GIB,Gibraltar,2005,99.7,,0,
GIB,Gibraltar,2006,99.7,,0,
GIB,Gibraltar,2007,99.7,,0,
GIB,Gibraltar,2008,99.7,,0,
GIB,Gibraltar,2009,100,,0,
GIB,Gibraltar,2010,100,,0,
GIB,Gibraltar,2011,99.8,,0,
GIB,Gibraltar,2012,99.9,,0,
GIB,Gibraltar,2013,99.9,,0,
GIB,Gibraltar,2014,99.9,,0,
GIB,Gibraltar,2015,100,,0,
GIB,Gibraltar,2016,100,,0,
GIB,Gibraltar,2017,100,,0,
GIB,Gibraltar,2018,100,,0,
GIB,Gibraltar,2019,100,,0,
GIB,Gibraltar,2020,100,,0,
GIB,Gibraltar,2021,100,,0,
GIB,Gibraltar,2022,100,,,
GIB,Gibraltar,2023,100,,,
GIN,Guinea,2000,15.2,0.7,85.5,614.137235084
GIN,Guinea,2001,16.4,0.8,84.8,628.320554865
GIN,Guinea,2002,17.7,0.8,84.3,650.554963973
GIN,Guinea,2003,18.9,0.8,83.5,644.071217909
GIN,Guinea,2004,20.2,0.8,83.2,645.182843391
GIN,Guinea,2005,20.2,0.8,81.6,651.359606872
GIN,Guinea,2006,22.8,0.8,81.1,645.472001924
GIN,Guinea,2007,24.1,0.8,80.4,673.698997421
GIN,Guinea,2008,25.4,0.8,80.2,684.775780377
GIN,Guinea,2009,26.7,0.8,79.2,660.756701330
GIN,Guinea,2010,28.1,0.8,75.7,675.736917328
GIN,Guinea,2011,29.5,0.8,74.8,696.199991396
GIN,Guinea,2012,26.2,0.8,76.4,719.505916795
GIN,Guinea,2013,32.2,0.8,78.5,729.833143236
GIN,Guinea,2014,33.5,0.8,78.6,738.272274481
GIN,Guinea,2015,34.9,0.8,76.2,747.356966759
GIN,Guinea,2016,33.5,0.9,75.3,807.236421044
GIN,Guinea,2017,35.4,0.9,72,867.907502578
GIN,Guinea,2018,45,0.9,73.2,899.907328045
GIN,Guinea,2019,42.2,0.9,68.3,926.422219549
GIN,Guinea,2020,44.7,1,65.8,945.570903390
GIN,Guinea,2021,46.8,1,66.8,973.646890096
GIN,Guinea,2022,47.7,1,66.6,987.502501465
GIN,Guinea,2023,51.1,1,,1016.880948003
GMB,"Gambia, The",2000,34.3,3.6,62.9,659.911237641
GMB,"Gambia, The",2001,29.9,3.6,59.6,679.539755948
GMB,"Gambia, The",2002,31.5,3.5,61,640.038932136
GMB,"Gambia, The",2003,27.8,3.5,62.4,665.834222326
GMB,"Gambia, The",2004,34.8,3.4,61.2,693.563314497
GMB,"Gambia, The",2005,30.5,3.3,61.7,658.676285443
GMB,"Gambia, The",2006,38.1,3.2,60.2,636.596026909
GMB,"Gambia, The",2007,39.8,3,57.3,637.209305975
GMB,"Gambia, The",2008,41.5,2.9,56.3,657.675679192
GMB,"Gambia, The",2009,43.2,2.8,53.9,681.433469087
GMB,"Gambia, The",2010,46.8,2.6,56.6,701.014524591
GMB,"Gambia, The",2011,48.3,2.4,56.2,625.464360271
GMB,"Gambia, The",2012,49.9,2.3,57,639.139881889
GMB,"Gambia, The",2013,51.5,2.2,59.3,638.522368532
GMB,"Gambia, The",2014,53,2.2,53.2,611.879472952
GMB,"Gambia, The",2015,54.7,2.1,49,619.536364296
GMB,"Gambia, The",2016,56.4,2,48.6,615.193365494
GMB,"Gambia, The",2017,56.2,1.9,48,628.777299273
GMB,"Gambia, The",2018,60.3,1.9,48.1,658.127833259
GMB,"Gambia, The",2019,62.1,1.8,47.4,682.797642940
GMB,"Gambia, The",2020,62.2,1.7,49.8,670.758642891
GMB,"Gambia, The",2021,63.7,1.7,48.6,689.493239557
GMB,"Gambia, The",2022,65.4,1.7,47.7,710.686979216
GMB,"Gambia, The",2023,66.9,1.6,,735.612384063
GNB,Guinea-Bissau,2000,,1.4,91.2,571.094015179
GNB,Guinea-Bissau,2001,,1.3,91.2,585.837980688
GNB,Guinea-Bissau,2002,1.3,1.2,91,594.040535152
GNB,Guinea-Bissau,2003,2.6,1.2,89,579.092506822
GNB,Guinea-Bissau,2004,3.9,1.2,88.6,572.526464627
GNB,Guinea-Bissau,2005,5.2,1.2,88.5,595.942555602
GNB,Guinea-Bissau,2006,14.5,1.2,88.3,597.257151722
GNB,Guinea-Bissau,2007,7.9,1.1,87.9,597.482020936
GNB,Guinea-Bissau,2008,9.3,1.15,88.4,608.958620497
GNB,Guinea-Bissau,2009,4.7,1.1,87.9,608.202131880
GNB,Guinea-Bissau,2010,6,1.2,87.8,625.904027291
GNB,Guinea-Bissau,2011,13.5,1.1,87.9,658.953470528
GNB,Guinea-Bissau,2012,14.9,1.1,87.8,630.668623028
GNB,Guinea-Bissau,2013,16.3,1.1,87.7,634.095456089
GNB,Guinea-Bissau,2014,17.2,1.1,87.3,623.610159103
GNB,Guinea-Bissau,2015,20.1,1.1,87.2,645.066837207
GNB,Guinea-Bissau,2016,22.9,1.1,86.8,663.242608032
GNB,Guinea-Bissau,2017,26,1.1,86.8,677.466131311
GNB,Guinea-Bissau,2018,28.4,1.1,86.6,686.456819840
GNB,Guinea-Bissau,2019,30.9,1,86.2,706.298562875
GNB,Guinea-Bissau,2020,33.4,1,87.2,710.275830756
GNB,Guinea-Bissau,2021,35.8,0.95,87.4,729.396882758
GNB,Guinea-Bissau,2022,37.4,0.9,87.4,752.149255217
GNB,Guinea-Bissau,2023,40.5,0.8,,769.504652462
GNQ,Equatorial Guinea,2000,64.8,18.9,45.9,3839.086427371
GNQ,Equatorial Guinea,2001,64.9,19.05,46.1,5882.850503066
GNQ,Equatorial Guinea,2002,64.9,19.5,31.3,6604.005463108
GNQ,Equatorial Guinea,2003,64.9,19.9,29.5,7082.654891869
GNQ,Equatorial Guinea,2004,64.9,20.6,7.2,9208.605667072
GNQ,Equatorial Guinea,2005,65,21.05,7.1,10212.454505150
GNQ,Equatorial Guinea,2006,65.1,21.3,7,10521.999677483
GNQ,Equatorial Guinea,2007,65.1,21.9,8.5,11594.917206846
GNQ,Equatorial Guinea,2008,65.2,21.9,7.2,13048.070305017
GNQ,Equatorial Guinea,2009,65.4,22.6,9.2,12627.862381545
GNQ,Equatorial Guinea,2010,66.1,22.9,5.7,10984.324393243
GNQ,Equatorial Guinea,2011,66.1,23.3,5.6,11203.907367909
GNQ,Equatorial Guinea,2012,65.7,23.9,4.4,11650.719627088
GNQ,Equatorial Guinea,2013,65.9,23.6,3.7,10731.645572919
GNQ,Equatorial Guinea,2014,66,23.9,4.9,10363.487247355
GNQ,Equatorial Guinea,2015,66.1,24.2,5.5,9068.910032386
GNQ,Equatorial Guinea,2016,66.2,24.1,4.8,7971.834019046
GNQ,Equatorial Guinea,2017,66.4,23.8,5,7259.109364548
GNQ,Equatorial Guinea,2018,66.5,23.7,4.8,6578.900397657
GNQ,Equatorial Guinea,2019,66.6,23.3,7.4,6018.120663219
GNQ,Equatorial Guinea,2020,66.7,23,6.5,5575.262415115
GNQ,Equatorial Guinea,2021,66.8,22.8,5.2,5487.924792020
GNQ,Equatorial Guinea,2022,67,22.7,4.2,5524.243124186
GNQ,Equatorial Guinea,2023,66.9,22.1,,4992.260768146
GRC,Greece,2000,100,100,7.8,18002.906461398
GRC,Greece,2001,100,100,7.1,18742.423578069
GRC,Greece,2002,100,100,7.3,19548.367744740
GRC,Greece,2003,100,100,7.6,20632.255704194
GRC,Greece,2004,100,100,7.8,21688.105095956
GRC,Greece,2005,100,100,8,21880.526583580
GRC,Greece,2006,100,100,8.5,23220.532441920
GRC,Greece,2007,100,100,8.1,23973.693609131
GRC,Greece,2008,100,100,8.3,23923.880073131
GRC,Greece,2009,100,100,9.2,22878.134664440
GRC,Greece,2010,100,100,11.4,21547.724178239
GRC,Greece,2011,100,100,11.4,19448.255802525
GRC,Greece,2012,100,100,14.2,17924.662049689
GRC,Greece,2013,100,100,16.6,17644.876663502
GRC,Greece,2014,100,100,16.4,17903.525244001
GRC,Greece,2015,100,100,17.5,17980.729823814
GRC,Greece,2016,100,100,16.4,18049.928997892
GRC,Greece,2017,100,100,16.4,18352.088446126
GRC,Greece,2018,100,100,17.9,18769.038962198
GRC,Greece,2019,100,100,18.5,19216.675957978
GRC,Greece,2020,100,100,20.1,17486.951333323
GRC,Greece,2021,100,100,21.5,19231.288880352
GRC,Greece,2022,100,100,,20550.504915830
GRC,Greece,2023,100,100,,21050.864811158
GRD,Grenada,2000,86,92.2,10.5,6677.126523092
GRD,Grenada,2001,86.3,92.6,10.4,6509.516603134
GRD,Grenada,2002,86.6,92.9,10.5,6707.368735328
GRD,Grenada,2003,86.9,93.1,10.4,7309.785470946
GRD,Grenada,2004,87.2,93.2,10.6,7233.294944350
GRD,Grenada,2005,87.5,93.1,10.6,8162.912321247
GRD,Grenada,2006,87.9,93.2,10.4,7808.243583234
GRD,Grenada,2007,88.2,93.2,9.9,8257.362256827
GRD,Grenada,2008,90,93,10.8,8307.492214918
GRD,Grenada,2009,89,92.8,10.5,7733.129906001
GRD,Grenada,2010,89.4,92.5,10.8,7670.711658277
GRD,Grenada,2011,88.8,92.3,11.4,7695.376160173
GRD,Grenada,2012,90.2,92,11.5,7559.562848396
GRD,Grenada,2013,90.6,91.5,10.8,7688.752977013
GRD,Grenada,2014,91,91,11,8206.628621123
GRD,Grenada,2015,91.4,90.5,10.5,8694.124380057
GRD,Grenada,2016,91.8,89.9,10.4,8983.683973379
GRD,Grenada,2017,92.2,89.3,10.2,9357.407288836
GRD,Grenada,2018,92.3,88.7,10.7,9744.169195772
GRD,Grenada,2019,93,87.9,10.4,9785.560402406
GRD,Grenada,2020,93.4,87.2,10.3,8413.283355004
GRD,Grenada,2021,93.7,86.3,10.2,8782.321934261
GRD,Grenada,2022,94.2,85.1,10,9406.193376432
GRD,Grenada,2023,94.4,84.2,,9817.863835839
GRL,Greenland,2000,100,,9.2,31623.059150194
GRL,Greenland,2001,100,,8.7,31914.171096448
GRL,Greenland,2002,100,,9.5,31483.607478009
GRL,Greenland,2003,100,,9.5,32787.968035521
GRL,Greenland,2004,100,,6.7,34961.935609726
GRL,Greenland,2005,100,,7,36681.805589062
GRL,Greenland,2006,100,,7.1,38828.852494322
GRL,Greenland,2007,100,,6.9,39896.875364094
GRL,Greenland,2008,100,,6.9,42527.666846977
GRL,Greenland,2009,100,,8.8,42899.744198586
GRL,Greenland,2010,100,,10.1,43481.516108781
GRL,Greenland,2011,100,,10.2,42994.879087474
GRL,Greenland,2012,100,,10.1,43655.700466426
GRL,Greenland,2013,100,,11.2,43338.383924691
GRL,Greenland,2014,100,,12.5,45545.142941492
GRL,Greenland,2015,100,,13.1,44536.354970538
GRL,Greenland,2016,100,,12.4,46561.783143401
GRL,Greenland,2017,100,,11.3,46597.945247035
GRL,Greenland,2018,100,,11.4,47012.986035028
GRL,Greenland,2019,100,,10.9,48170.789695551
GRL,Greenland,2020,100,,11.8,48169.940695739
GRL,Greenland,2021,100,,11.6,48709.933975890
GRL,Greenland,2022,100,,11.7,49679.336541490
GRL,Greenland,2023,100,,,49929.775542861
GTM,Guatemala,2000,73.3,40.5,62.7,3165.933886028
GTM,Guatemala,2001,73.7,39.9,61.3,3166.205024443
GTM,Guatemala,2002,78.7,39.3,63.8,3213.269907632
GTM,Guatemala,2003,78.5,38.6,64.3,3222.156221115
GTM,Guatemala,2004,77.2,38.1,66.1,3250.205611945
GTM,Guatemala,2005,78.3,37.7,65.2,3284.811284217
GTM,Guatemala,2006,83.7,37.4,64.7,3388.151650820
GTM,Guatemala,2007,80.7,36.9,63.3,3527.779956212
GTM,Guatemala,2008,81.9,36.7,66.5,3569.930315412
GTM,Guatemala,2009,83.1,36.7,65.3,3516.193955797
GTM,Guatemala,2010,84.3,36.9,67.1,3546.627509299
GTM,Guatemala,2011,84,37,67.1,3621.375826448
GTM,Guatemala,2012,86.8,37.5,67.4,3655.574902994
GTM,Guatemala,2013,88.1,38.3,67.2,3717.304579603
GTM,Guatemala,2014,85.5,38.9,66.2,3809.615843328
GTM,Guatemala,2015,90.5,39.7,63.3,3893.505332991
GTM,Guatemala,2016,91.8,40.6,63.2,3924.778964302
GTM,Guatemala,2017,93.3,41.3,65,3972.740592627
GTM,Guatemala,2018,94.2,42.3,64,4040.212143747
GTM,Guatemala,2019,95.4,43,62.8,4139.122063386
GTM,Guatemala,2020,96.6,43.7,65.5,4005.839163607
GTM,Guatemala,2021,97.9,44.8,62.1,4268.628644615
GTM,Guatemala,2022,99.1,45.5,,4383.903261605
GTM,Guatemala,2023,100,46.5,,4469.055146529
GUM,Guam,2000,100,,0.4,
GUM,Guam,2001,100,,0.4,
GUM,Guam,2002,100,,0.4,29576.221681311
GUM,Guam,2003,100,,0.5,29685.953174566
GUM,Guam,2004,100,,0.5,31483.814194956
GUM,Guam,2005,100,,0.4,32520.372956535
GUM,Guam,2006,100,,0.4,31242.462900947
GUM,Guam,2007,100,,0.4,31385.047516211
GUM,Guam,2008,100,,0.4,31941.270602587
GUM,Guam,2009,100,,0.5,31988.722935825
GUM,Guam,2010,100,,0.5,32644.148405621
GUM,Guam,2011,100,,0.5,32665.378748338
GUM,Guam,2012,100,,0.5,33404.931763691
GUM,Guam,2013,100,,0.6,34044.319041546
GUM,Guam,2014,100,,0.7,34755.269110730
GUM,Guam,2015,100,,2.3,35165.701464479
GUM,Guam,2016,100,,4.4,35373.848314342
GUM,Guam,2017,100,,3.9,35850.902552051
GUM,Guam,2018,100,,4.5,35731.220374308
GUM,Guam,2019,100,,4.5,36830.126441097
GUM,Guam,2020,100,,4.6,32884.885264679
GUM,Guam,2021,100,,4.5,33239.484632787
GUM,Guam,2022,100,,6.7,34627.986278184
GUM,Guam,2023,100,,,
GUY,Guyana,2000,74.6,100,30.4,3759.607897000
GUY,Guyana,2001,75.1,100,31,3847.094618514
GUY,Guyana,2002,75.7,100,34.2,3894.871074152
GUY,Guyana,2003,76.2,100,34.6,3873.041236843
GUY,Guyana,2004,76.8,100,35.5,3937.114353045
GUY,Guyana,2005,77.5,100,34.7,3867.933081586
GUY,Guyana,2006,73.4,100,36.8,4076.779817157
GUY,Guyana,2007,78.5,100,33.1,4382.104496668
GUY,Guyana,2008,79.1,100,32.6,4472.345178897
GUY,Guyana,2009,77.6,100,31.3,4649.341447928
GUY,Guyana,2010,83.3,100,30.6,4860.091109806
GUY,Guyana,2011,84.2,100,32.8,5133.895398136
GUY,Guyana,2012,85.1,100,28.7,5403.798994289
GUY,Guyana,2013,86,100,26.9,5573.342179046
GUY,Guyana,2014,86.9,100,24,5635.717041179
GUY,Guyana,2015,88,100,25,5640.415605695
GUY,Guyana,2016,89,100,21.3,5818.616822046
GUY,Guyana,2017,90,100,22.1,5997.182714268
GUY,Guyana,2018,90.9,100,16.8,6080.906121327
GUY,Guyana,2019,91.6,100,11.3,6278.630540796
GUY,Guyana,2020,92.3,100,12,9010.610004699
GUY,Guyana,2021,92.9,100,13.2,10711.997337415
GUY,Guyana,2022,93,100,12.1,17365.333642864
GUY,Guyana,2023,98.9,100,,23101.353828274
HKG,"Hong Kong SAR, China",2000,100,,0,26933.213075470
HKG,"Hong Kong SAR, China",2001,100,,0.1,26885.405327560
HKG,"Hong Kong SAR, China",2002,100,,0.1,27210.050236465
HKG,"Hong Kong SAR, China",2003,100,,0.1,28097.097139731
HKG,"Hong Kong SAR, China",2004,100,,0.1,30304.290161960
HKG,"Hong Kong SAR, China",2005,100,,0.1,32401.355862657
HKG,"Hong Kong SAR, China",2006,100,,0.1,34458.003234809
HKG,"Hong Kong SAR, China",2007,100,,0.1,36371.643423399
HKG,"Hong Kong SAR, China",2008,100,,0.1,36924.052964390
HKG,"Hong Kong SAR, China",2009,100,,0.1,35938.578391742
HKG,"Hong Kong SAR, China",2010,100,,0.1,38090.015442013
HKG,"Hong Kong SAR, China",2011,100,,0.5,39656.318451013
HKG,"Hong Kong SAR, China",2012,100,,0.2,39887.819265057
HKG,"Hong Kong SAR, China",2013,100,,0.3,40959.977634925
HKG,"Hong Kong SAR, China",2014,100,,0.2,41796.859315009
HKG,"Hong Kong SAR, China",2015,100,,0.2,42432.161974044
HKG,"Hong Kong SAR, China",2016,100,,0.2,43087.553712813
HKG,"Hong Kong SAR, China",2017,100,,0.2,44380.817675315
HKG,"Hong Kong SAR, China",2018,100,,0.2,45280.497189208
HKG,"Hong Kong SAR, China",2019,100,,0.2,44195.274114291
HKG,"Hong Kong SAR, China",2020,100,,0.3,41451.298958628
HKG,"Hong Kong SAR, China",2021,100,,0.4,44530.921383376
HKG,"Hong Kong SAR, China",2022,100,,,43281.006730965
HKG,"Hong Kong SAR, China",2023,100,,,43518.931178992
HND,Honduras,2000,67.4,30.3,55.2,1789.477985126
HND,Honduras,2001,64.2,31.9,50.4,1789.188160321
HND,Honduras,2002,63.1,33.2,49.8,1807.973055473
HND,Honduras,2003,65.1,34.7,47.9,1842.297500188
HND,Honduras,2004,67.1,36,46.7,1908.909500505
HND,Honduras,2005,68.9,37.6,51.4,1975.856479132
HND,Honduras,2006,71.3,38.7,52.2,2056.534914692
HND,Honduras,2007,73.5,39.6,50.6,2134.195406395
HND,Honduras,2008,76.4,40.8,50,2175.147094031
HND,Honduras,2009,78.3,41.6,50.5,2076.308598956
HND,Honduras,2010,81,42.5,53.6,2108.473144596
HND,Honduras,2011,82.2,43.35,50.9,2144.562655405
HND,Honduras,2012,83.6,44,49.3,2188.393788179
HND,Honduras,2013,87.2,44.7,51.1,2205.401267281
HND,Honduras,2014,88.7,45.4,52.2,2229.247722322
HND,Honduras,2015,90,46,50.8,2271.202659803
HND,Honduras,2016,91.6,46.7,52.7,2315.729830582
HND,Honduras,2017,86.5,47,45.6,2383.373984397
HND,Honduras,2018,91.6,47.7,48.9,2430.135036578
HND,Honduras,2019,91.1,48.35,46.2,2447.616492822
HND,Honduras,2020,93.1,48.9,50.2,2189.431686682
HND,Honduras,2021,94.1,49.3,45.9,2423.766349169
HND,Honduras,2022,94.4,50.05,,2482.223849047
HND,Honduras,2023,95.6,50.3,,2527.273663332
HRV,Croatia,2000,100,100,26.8,8880.477891264
HRV,Croatia,2001,100,100,26.9,9515.927144764
HRV,Croatia,2002,100,100,24.6,10062.060251677
HRV,Croatia,2003,100,100,24.8,10619.335187499
HRV,Croatia,2004,99.9,100,26.6,11059.127415516
HRV,Croatia,2005,99.9,100,26.8,11522.944604729
HRV,Croatia,2006,99.8,100,25.5,12104.294721936
HRV,Croatia,2007,99.8,100,22.7,12718.200249898
HRV,Croatia,2008,100,100,24.1,12970.514371230
HRV,Croatia,2009,100,100,27.2,12099.704522837
HRV,Croatia,2010,100,100,29.8,11965.141495668
HRV,Croatia,2011,100,100,27.2,11993.133716646
HRV,Croatia,2012,100,100,29.4,11780.585349125
HRV,Croatia,2013,100,100,32.8,11838.455438860
HRV,Croatia,2014,100,100,33.6,11862.781570627
HRV,Croatia,2015,100,100,33.1,12283.875029918
HRV,Croatia,2016,100,100,31.8,12848.473748279
HRV,Croatia,2017,100,100,29.8,13485.371136058
HRV,Croatia,2018,100,100,32.8,14061.059740292
HRV,Croatia,2019,100,100,31.6,14641.873557849
HRV,Croatia,2020,100,100,32.4,13545.740228943
HRV,Croatia,2021,100,100,34.1,15395.286160513
HRV,Croatia,2022,100,100,,16618.333378618
HRV,Croatia,2023,100,100,,17225.450451570
HTI,Haiti,2000,33.7,2.6,80.8,1342.894904505
HTI,Haiti,2001,31.5,2.7,80.9,1314.114196940
HTI,Haiti,2002,33.1,2.8,79.1,1304.529381039
HTI,Haiti,2003,31.6,3,79,1326.471610422
HTI,Haiti,2004,34.1,3.1,81.1,1286.902821282
HTI,Haiti,2005,34.5,3.3,81.1,1304.333037312
HTI,Haiti,2006,33.9,3.4,81.4,1305.038138156
HTI,Haiti,2007,35.5,3.4,79.3,1343.611114220
HTI,Haiti,2008,36.1,3.5,79.6,1356.534001400
HTI,Haiti,2009,36.6,3.6,80.3,1412.896535234
HTI,Haiti,2010,37.2,3.6,79,1317.583893397
HTI,Haiti,2011,37.8,3.7,79,1369.169212559
HTI,Haiti,2012,37.9,3.8,82.2,1354.885461245
HTI,Haiti,2013,38.9,3.8,80.4,1392.382047369
HTI,Haiti,2014,39.6,3.8,77.8,1411.768348022
HTI,Haiti,2015,40.8,3.9,76.1,1411.126847468
HTI,Haiti,2016,40.4,4,76.1,1416.748818797
HTI,Haiti,2017,43.3,4.1,76.2,1432.672286095
HTI,Haiti,2018,44.4,4,76.2,1437.352519283
HTI,Haiti,2019,45.4,4.2,76.4,1394.421140711
HTI,Haiti,2020,46.3,4.2,76.3,1331.697785069
HTI,Haiti,2021,47.2,4.4,76.7,1292.719549636
HTI,Haiti,2022,49.3,4.4,,1256.721435924
HTI,Haiti,2023,51.3,4.5,,1219.118716458
HUN,Hungary,2000,100,100,5.2,8979.735786029
HUN,Hungary,2001,100,100,5.1,9365.953931930
HUN,Hungary,2002,100,100,5.2,9836.940650833
HUN,Hungary,2003,100,100,5,10253.723920764
HUN,Hungary,2004,100,100,4.6,10786.488199150
HUN,Hungary,2005,99.9,100,7.3,11272.734542812
HUN,Hungary,2006,99.9,100,7.9,11734.454472981
HUN,Hungary,2007,100,100,9,11791.707441688
HUN,Hungary,2008,100,100,9,11929.720986770
HUN,Hungary,2009,100,100,12.3,11142.885928524
HUN,Hungary,2010,100,100,13.5,11287.368666611
HUN,Hungary,2011,100,100,14.7,11536.357899677
HUN,Hungary,2012,100,100,16.5,11440.762271883
HUN,Hungary,2013,100,100,17.2,11729.572079850
HUN,Hungary,2014,100,100,15.7,12287.377944103
HUN,Hungary,2015,100,100,15.6,12782.941257797
HUN,Hungary,2016,100,100,15.3,13145.655988556
HUN,Hungary,2017,100,100,14.6,13734.244280434
HUN,Hungary,2018,100,100,13.6,14533.778314431
HUN,Hungary,2019,100,100,13.6,15290.808546633
HUN,Hungary,2020,100,100,14.8,14664.297119538
HUN,Hungary,2021,100,100,15.3,15787.953542756
HUN,Hungary,2022,100,100,,16487.797393594
HUN,Hungary,2023,100,100,,16375.046272419
IDN,Indonesia,2000,86.3,6.7,45.6,1828.102659684
IDN,Indonesia,2001,86.3,7.7,44.3,1868.591723073
IDN,Indonesia,2002,87.6,9.2,44.7,1926.374358681
IDN,Indonesia,2003,87.9,11,43,1991.918205065
IDN,Indonesia,2004,89,13.3,41.5,2065.706174708
IDN,Indonesia,2005,84.8,16.3,41.6,2155.447801592
IDN,Indonesia,2006,90.6,20,40.1,2244.080222620
IDN,Indonesia,2007,91.1,24.6,40,2355.152856533
IDN,Indonesia,2008,92.7,29.4,41.1,2464.601934183
IDN,Indonesia,2009,93.6,34.9,38.2,2546.219697078
IDN,Indonesia,2010,94.2,40.3,36,2670.812909895
IDN,Indonesia,2011,94.8,46.1,32.4,2799.624687903
IDN,Indonesia,2012,96,51.5,30.1,2930.518445323
IDN,Indonesia,2013,96.5,57,30.6,3055.242460065
IDN,Indonesia,2014,97,61.9,29.3,3170.721030114
IDN,Indonesia,2015,97.5,66.8,26.6,3288.222697255
IDN,Indonesia,2016,97.6,71.3,27.8,3416.810051710
IDN,Indonesia,2017,98.1,75.3,25.2,3553.519992623
IDN,Indonesia,2018,98.5,78.7,22,3701.321554619
IDN,Indonesia,2019,98.8,81.85,19.8,3850.903217390
IDN,Indonesia,2020,97,84.6,21.9,3739.449065632
IDN,Indonesia,2021,99.2,86.9,20.2,3850.688772539
IDN,Indonesia,2022,100,88.8,,4024.912252884
IDN,Indonesia,2023,99.4,90.6,,4192.644010342
IMN,Isle of Man,2000,100,,,46274.970969140
IMN,Isle of Man,2001,100,,,48252.763849828
IMN,Isle of Man,2002,100,,1.5,50714.582470338
IMN,Isle of Man,2003,100,,1.1,53224.352775780
IMN,Isle of Man,2004,100,,6.3,55464.022099336
IMN,Isle of Man,2005,100,,2.7,58201.599083818
IMN,Isle of Man,2006,100,,3.3,62075.760160499
IMN,Isle of Man,2007,100,,1.9,66029.975590718
IMN,Isle of Man,2008,100,,1.3,68520.682562494
IMN,Isle of Man,2009,100,,1.9,69192.025822169
IMN,Isle of Man,2010,100,,1.9,70747.841758718
IMN,Isle of Man,2011,100,,2.9,71727.505508270
IMN,Isle of Man,2012,100,,3.5,77009.297861201
IMN,Isle of Man,2013,100,,2.1,80383.827308853
IMN,Isle of Man,2014,100,,1.9,84778.580663935
IMN,Isle of Man,2015,100,,2.2,84753.518742273
IMN,Isle of Man,2016,100,,1.9,90783.764724539
IMN,Isle of Man,2017,100,,1.9,93200.310808386
IMN,Isle of Man,2018,100,,2,95040.406174894
IMN,Isle of Man,2019,100,,1.9,95110.138599074
IMN,Isle of Man,2020,100,,2,86595.067609928
IMN,Isle of Man,2021,100,,3.2,89873.542009357
IMN,Isle of Man,2022,100,,2.7,86100.567291704
IMN,Isle of Man,2023,100,,,84315.137992954
IND,India,2000,60.3,22.7,46.9,756.704109533
IND,India,2001,62,23.8,47.1,778.507377522
IND,India,2002,62.3,24.9,45.8,793.615912901
IND,India,2003,65.4,26.2,45.6,841.278894562
IND,India,2004,64.4,27.3,44.9,892.596614581
IND,India,2005,68.8,28.3,44.2,947.732565644
IND,India,2006,67.9,29.3,43.2,1008.232753448
IND,India,2007,72.3,30.7,41.5,1069.246968122
IND,India,2008,74.1,31.9,39.4,1086.506052510
IND,India,2009,75,33.6,37.4,1155.101632738
IND,India,2010,76.3,35,36.2,1235.159391329
IND,India,2011,79.5,36.95,35,1281.610543549
IND,India,2012,79.9,39.3,34.8,1333.096265576
IND,India,2013,83.1,42.4,34.9,1399.453798028
IND,India,2014,85.1,44.8,33.9,1484.316406830
IND,India,2015,88,48.4,33.4,1583.998159080
IND,India,2016,89.6,51.8,33,1694.465349738
IND,India,2017,91.8,55.3,32.5,1788.697703185
IND,India,2018,95.7,59,32.9,1883.357727051
IND,India,2019,95.9,62.7,33.5,1936.030677411
IND,India,2020,96.5,66.5,36.1,1806.501105839
IND,India,2021,99.6,70.2,34.9,1965.309434375
IND,India,2022,99.2,73.4,,2098.211244761
IND,India,2023,99.5,76.7,,2229.714912230
IRL,Ireland,2000,100,100,2,42599.480392132
IRL,Ireland,2001,100,100,2,44151.153603256
IRL,Ireland,2002,100,100,2.2,45974.488198884
IRL,Ireland,2003,100,100,2,46594.862026762
IRL,Ireland,2004,100,100,2.3,48856.323858740
IRL,Ireland,2005,100,100,2.9,50547.212372976
IRL,Ireland,2006,100,100,3.2,51656.819485589
IRL,Ireland,2007,100,100,3.5,52849.694842946
IRL,Ireland,2008,100,100,4.2,49461.159428135
IRL,Ireland,2009,100,100,5.3,46466.379426922
IRL,Ireland,2010,100,100,5.3,46991.646467395
IRL,Ireland,2011,100,100,7,47539.918173997
IRL,Ireland,2012,100,100,6.9,47147.160466942
IRL,Ireland,2013,100,100,7.7,47928.034648701
IRL,Ireland,2014,100,100,8.8,52044.620118189
IRL,Ireland,2015,100,100,9.5,64250.138518126
IRL,Ireland,2016,100,100,8.6,64205.979777351
IRL,Ireland,2017,100,100,10.1,69748.622103401
IRL,Ireland,2018,100,100,10.8,74029.055061144
IRL,Ireland,2019,100,100,12.3,76485.635854651
IRL,Ireland,2020,100,100,13.7,80927.936475395
IRL,Ireland,2021,100,100,12.7,92781.232215079
IRL,Ireland,2022,100,100,,97793.536667170
IRL,Ireland,2023,100,100,,93541.964367838
IRN,"Iran, Islamic Rep.",2000,97.9,90.9,0.4,3885.301833606
IRN,"Iran, Islamic Rep.",2001,98.1,92,0.5,3917.299354890
IRN,"Iran, Islamic Rep.",2002,98.1,92.8,0.7,4198.953560807
IRN,"Iran, Islamic Rep.",2003,98.2,93.7,0.8,4511.431340345
IRN,"Iran, Islamic Rep.",2004,98.3,94.55,0.7,4607.451690882
IRN,"Iran, Islamic Rep.",2005,98.4,95.1,1.4,4650.358414907
IRN,"Iran, Islamic Rep.",2006,98.4,95.6,1.4,4778.793458473
IRN,"Iran, Islamic Rep.",2007,98.7,96,1.3,5084.717960436
IRN,"Iran, Islamic Rep.",2008,98.8,96.4,0.7,5035.940085336
IRN,"Iran, Islamic Rep.",2009,99.7,96.7,0.8,5023.893143629
IRN,"Iran, Islamic Rep.",2010,99.4,96.9,0.9,5249.061333698
IRN,"Iran, Islamic Rep.",2011,99.5,96.9,0.9,5321.758707445
IRN,"Iran, Islamic Rep.",2012,99.5,97.1,0.9,5058.646378118
IRN,"Iran, Islamic Rep.",2013,99.8,97,1,4916.972919485
IRN,"Iran, Islamic Rep.",2014,100,97,0.9,5093.203197022
IRN,"Iran, Islamic Rep.",2015,100,97,0.9,4952.733555322
IRN,"Iran, Islamic Rep.",2016,100,97,1,5312.617249542
IRN,"Iran, Islamic Rep.",2017,99.9,96.9,1,5395.239839860
IRN,"Iran, Islamic Rep.",2018,100,96.8,1,5127.224953670
IRN,"Iran, Islamic Rep.",2019,100,96.5,1,4952.456690811
IRN,"Iran, Islamic Rep.",2020,100,96.4,0.9,5132.824307621
IRN,"Iran, Islamic Rep.",2021,100,96.2,0.9,5300.622719619
IRN,"Iran, Islamic Rep.",2022,100,95.9,,5465.314475394
IRN,"Iran, Islamic Rep.",2023,100,95.7,,5687.843962687
IRQ,Iraq,2000,96.8,64.4,0.4,4172.780251052
IRQ,Iraq,2001,96.9,69.6,0.3,4116.094053203
IRQ,Iraq,2002,97.1,74.5,0.3,3660.925275072
IRQ,Iraq,2003,97.2,78.8,0.3,2250.069901234
IRQ,Iraq,2004,97.3,82.8,0.4,3354.265887567
IRQ,Iraq,2005,97.4,85.9,2.4,3310.863444740
IRQ,Iraq,2006,97.6,88.8,2.6,3471.987446986
IRQ,Iraq,2007,98.1,90.9,2,3565.580540790
IRQ,Iraq,2008,97.9,92.7,1.1,3781.780017128
IRQ,Iraq,2009,98.1,94.2,1.2,3768.172843290
IRQ,Iraq,2010,98.4,95.4,1.7,3881.943270453
IRQ,Iraq,2011,98,96.3,1.1,4030.016868610
IRQ,Iraq,2012,99.3,97.1,1.3,4387.904690587
IRQ,Iraq,2013,99,97.7,1.5,4504.826875374
IRQ,Iraq,2014,99.2,98.1,1,4446.973432349
IRQ,Iraq,2015,99.4,98.5,0.8,4440.141892524
IRQ,Iraq,2016,99.7,98.7,0.9,4932.927291144
IRQ,Iraq,2017,99.9,98.9,0.5,4736.327108099
IRQ,Iraq,2018,99.9,99.1,0.5,4749.009218369
IRQ,Iraq,2019,100,99.3,0.9,4898.148976686
IRQ,Iraq,2020,100,99.3,1.1,4213.998437661
IRQ,Iraq,2021,100,99.4,1.1,4182.500640458
IRQ,Iraq,2022,100,99.4,,4412.997331465
IRQ,Iraq,2023,100,99.5,,4337.087053242
ISL,Iceland,2000,100,100,60.7,43472.336995131
ISL,Iceland,2001,100,100,62.1,44545.982273846
ISL,Iceland,2002,100,100,61.9,44389.556060491
ISL,Iceland,2003,100,100,61.9,45088.922608238
ISL,Iceland,2004,100,100,61.9,48101.711641574
ISL,Iceland,2005,100,100,62.7,50674.441140665
ISL,Iceland,2006,100,100,64.2,52306.128485789
ISL,Iceland,2007,100,100,67.6,55457.360161450
ISL,Iceland,2008,100,100,74,55360.813601241
ISL,Iceland,2009,100,100,74.7,50581.084616734
ISL,Iceland,2010,100,100,76,49528.486473341
ISL,Iceland,2011,100,100,77.1,50058.830266514
ISL,Iceland,2012,100,100,77.7,50375.411705420
ISL,Iceland,2013,100,100,76.8,51696.087650733
ISL,Iceland,2014,100,100,77.6,52102.575810195
ISL,Iceland,2015,100,100,78,53505.696407934
ISL,Iceland,2016,100,100,80.9,56049.292867204
ISL,Iceland,2017,100,100,80.8,56657.980032280
ISL,Iceland,2018,100,100,81.4,57731.652363951
ISL,Iceland,2019,100,100,81.7,57118.845277720
ISL,Iceland,2020,100,100,82.9,52464.307324059
ISL,Iceland,2021,100,100,82.4,54285.020920324
ISL,Iceland,2022,100,100,,57626.253371759
ISL,Iceland,2023,100,100,,59951.753773969
ISR,Israel,2000,100,100,6,29411.499942879
ISR,Israel,2001,100,100,6.3,28804.039634197
ISR,Israel,2002,100,100,6.5,28186.554816775
ISR,Israel,2003,100,100,6.5,28079.325396694
ISR,Israel,2004,100,100,6.7,28870.008086806
ISR,Israel,2005,100,100,7,29600.146724333
ISR,Israel,2006,100,100,6.9,30707.435814097
ISR,Israel,2007,100,100,6.7,32071.310740416
ISR,Israel,2008,100,100,8.9,32519.762446157
ISR,Israel,2009,100,100,8.5,32139.114649092
ISR,Israel,2010,100,100,8.6,33307.104431620
ISR,Israel,2011,100,100,9.1,34499.950926283
ISR,Israel,2012,100,100,2.9,34685.091598101
ISR,Israel,2013,100,100,3.3,35436.291287327
ISR,Israel,2014,100,100,3.7,36055.08530225
ISR,Israel,2015,100,100,3.7,36138.13561386
ISR,Israel,2016,100,100,4,37044.011862376
ISR,Israel,2017,100,100,3.9,37911.021728116
ISR,Israel,2018,100,100,3.8,38695.010007971
ISR,Israel,2019,100,100,4.5,39322.038041422
ISR,Israel,2020,100,100,5.6,37938.380935475
ISR,Israel,2021,100,100,6.2,40788.239178520
ISR,Israel,2022,100,100,,42539.274876669
ISR,Israel,2023,100,100,,42131.741567581
ITA,Italy,2000,100,100,5.1,32609.66746283
ITA,Italy,2001,100,100,5.4,33243.599343976
ITA,Italy,2002,100,100,5.6,33267.447448205
ITA,Italy,2003,100,100,6.2,33110.169849481
ITA,Italy,2004,100,100,5.9,33348.974482046
ITA,Italy,2005,100,100,6.7,33407.675471647
ITA,Italy,2006,100,100,7.5,33873.049368009
ITA,Italy,2007,100,100,8.7,34159.910924407
ITA,Italy,2008,100,100,10.8,33550.634080006
ITA,Italy,2009,100,100,12.5,31587.063841631
ITA,Italy,2010,100,100,12.8,31928.554362110
ITA,Italy,2011,100,100,11.9,32039.503249432
ITA,Italy,2012,100,100,14.4,30953.414744743
ITA,Italy,2013,100,100,16.3,30330.022159967
ITA,Italy,2014,100,100,17.1,30325.028779392
ITA,Italy,2015,100,100,16.6,30639.882975143
ITA,Italy,2016,100,100,16.1,31077.679267521
ITA,Italy,2017,100,100,16.4,31635.52277108
ITA,Italy,2018,100,100,17.1,31963.641714882
ITA,Italy,2019,100,100,17.3,32180.434101743
ITA,Italy,2020,100,100,18.7,29469.798923863
ITA,Italy,2021,100,100,17.5,32267.709105020
ITA,Italy,2022,100,100,,33891.886652622
ITA,Italy,2023,100,100,,34221.718292827
JAM,Jamaica,2000,84.4,74,9.3,5197.396922107
JAM,Jamaica,2001,87.7,75.9,7.9,5234.027443978
JAM,Jamaica,2002,86.7,77.5,8,5305.876586972
JAM,Jamaica,2003,86.5,79,8.1,5467.174069882
JAM,Jamaica,2004,87.2,80.3,6.4,5507.201351100
JAM,Jamaica,2005,88,81.7,5.4,5525.735778337
JAM,Jamaica,2006,88.7,82.7,4.8,5656.668035800
JAM,Jamaica,2007,89.4,83.9,5.3,5710.538784468
JAM,Jamaica,2008,92,84.6,5.9,5639.589748734
JAM,Jamaica,2009,91,85.6,7.4,5372.142341695
JAM,Jamaica,2010,92.2,86.3,8.9,5271.572214779
JAM,Jamaica,2011,91.1,87.4,9.8,5339.621701888
JAM,Jamaica,2012,93.1,88,12.2,5284.008525576
JAM,Jamaica,2013,93.9,88.6,11.4,5289.884385461
JAM,Jamaica,2014,93.3,89.2,11.9,5307.191653808
JAM,Jamaica,2015,94.9,89.8,12.1,5339.307182568
JAM,Jamaica,2016,96.6,90.4,11.1,5472.283140230
JAM,Jamaica,2017,97.4,91.05,11,5586.136572313
JAM,Jamaica,2018,98.2,91.5,8.9,5717.876211075
JAM,Jamaica,2019,98.9,91.9,9.2,5814.792753117
JAM,Jamaica,2020,99.7,92.4,11.7,5317.841450340
JAM,Jamaica,2021,100,92.8,10.5,5607.453782539
JAM,Jamaica,2022,100,93,,5965.461274649
JAM,Jamaica,2023,97.7,93,,6127.907712634
JOR,Jordan,2000,99,99.8,2.1,3725.495447093
JOR,Jordan,2001,99,99.8,2.1,3841.985118467
JOR,Jordan,2002,99.5,99.8,2.1,3979.403886540
JOR,Jordan,2003,99,99.8,2,4054.226126098
JOR,Jordan,2004,99.2,99.8,1.8,4296.623673709
JOR,Jordan,2005,99,99.9,1.7,4532.962482585
JOR,Jordan,2006,100,99.9,2.3,4596.569093535
JOR,Jordan,2007,98.8,99.9,2.3,4681.170067669
JOR,Jordan,2008,100,99.9,2.7,4902.383480738
JOR,Jordan,2009,99.4,99.9,2.8,5043.626387293
JOR,Jordan,2010,100,99.9,3,5066.497200277
JOR,Jordan,2011,99.6,99.9,3,5085.980050254
JOR,Jordan,2012,99.5,99.9,2.9,5135.032793959
JOR,Jordan,2013,99.7,99.9,3.1,5007.761620672
JOR,Jordan,2014,99.8,99.9,3.1,4703.399449868
JOR,Jordan,2015,99.9,99.9,3.2,4441.618960138
JOR,Jordan,2016,100,99.9,4.7,4326.172615715
JOR,Jordan,2017,100,99.8,5.3,4335.925126895
JOR,Jordan,2018,99.9,99.8,7.2,4320.029787425
JOR,Jordan,2019,99.9,99.8,8.5,4313.807914266
JOR,Jordan,2020,99.9,99.7,10.7,4188.212400957
JOR,Jordan,2021,99.9,99.6,11.5,4266.379029899
JOR,Jordan,2022,100,99.5,,4309.614328568
JOR,Jordan,2023,100,99.4,,4373.380884824
JPN,Japan,2000,100,100,3.7,31779.378845903
JPN,Japan,2001,100,100,3.5,31793.126948549
JPN,Japan,2002,100,100,3.7,31746.243010571
JPN,Japan,2003,100,100,4.2,32115.581078537
JPN,Japan,2004,100,100,4.3,32783.129283549
JPN,Japan,2005,100,100,4,33385.917959033
JPN,Japan,2006,100,100,4.4,33880.689009346
JPN,Japan,2007,100,100,4.3,34426.693712487
JPN,Japan,2008,100,100,4.4,34008.591514736
JPN,Japan,2009,100,100,4.5,31993.858805371
JPN,Japan,2010,100,100,4.7,33311.287238188
JPN,Japan,2011,100,100,4.8,33306.180225972
JPN,Japan,2012,100,100,4.7,33909.491185524
JPN,Japan,2013,100,100,5,34636.692474617
JPN,Japan,2014,100,100,5.6,34996.879675663
JPN,Japan,2015,100,100,6.2,35664.644611061
JPN,Japan,2016,100,100,6.4,35934.446788666
JPN,Japan,2017,100,100,6.9,36547.735743731
JPN,Japan,2018,100,100,7.3,36899.384707943
JPN,Japan,2019,100,100,7.8,36837.258365311
JPN,Japan,2020,100,100,8.5,35363.299695179
JPN,Japan,2021,100,100,8.8,36792.556429474
JPN,Japan,2022,100,100,,37448.350482485
JPN,Japan,2023,100,100,,37902.549220441
KAZ,Kazakhstan,2000,99.6,84.2,2.5,4269.330167828
KAZ,Kazakhstan,2001,99.7,85.3,2.4,4822.528628027
KAZ,Kazakhstan,2002,99.8,86.4,2.8,5267.699032026
KAZ,Kazakhstan,2003,99.9,87.1,2.3,5724.431992481
KAZ,Kazakhstan,2004,100,87.5,1.9,6233.294393733
KAZ,Kazakhstan,2005,100,88.6,2.1,6787.411554879
KAZ,Kazakhstan,2006,99.8,89.2,2.1,7450.396870626
KAZ,Kazakhstan,2007,100,89.7,1.8,8036.875998115
KAZ,Kazakhstan,2008,100,90.2,1.1,8216.521815896
KAZ,Kazakhstan,2009,100,90.7,1.3,8218.399125560
KAZ,Kazakhstan,2010,100,91.5,1.4,8704.706554846
KAZ,Kazakhstan,2011,99.8,92.1,1.4,9223.302133631
KAZ,Kazakhstan,2012,100,92.2,1.3,9531.914776171
KAZ,Kazakhstan,2013,100,92.8,1.2,9959.725869305
KAZ,Kazakhstan,2014,100,93,1.3,10226.710053968
KAZ,Kazakhstan,2015,100,93.3,1.7,10196.122625598
KAZ,Kazakhstan,2016,100,93.5,2.1,10151.423313302
KAZ,Kazakhstan,2017,100,93.8,2,10404.271864632
KAZ,Kazakhstan,2018,100,94,1.9,10670.212014828
KAZ,Kazakhstan,2019,100,94,1.9,10989.684071839
KAZ,Kazakhstan,2020,100,94.2,1.8,10565.035981623
KAZ,Kazakhstan,2021,100,94.2,2,10873.391527528
KAZ,Kazakhstan,2022,100,94.1,,11058.348241341
KAZ,Kazakhstan,2023,100,94.2,,11453.395272536
KEN,Kenya,2000,15.2,1.7,76.8,1195.412968517
KEN,Kenya,2001,17,2.1,78.3,1202.293487600
KEN,Kenya,2002,18.9,2.5,78.8,1171.426251735
KEN,Kenya,2003,16,3,81.6,1169.144336741
KEN,Kenya,2004,22.6,3.4,80.3,1191.254436046
KEN,Kenya,2005,24.5,3.9,79.2,1223.447384720
KEN,Kenya,2006,26.4,4.5,77.6,1263.541646662
KEN,Kenya,2007,28.3,5.1,78.2,1309.910929482
KEN,Kenya,2008,30.3,5.8,78.2,1273.772261031
KEN,Kenya,2009,23,6.4,75.6,1276.735034861
KEN,Kenya,2010,19.2,7.1,74,1340.164674089
KEN,Kenya,2011,36.2,7.9,74.7,1370.580008745
KEN,Kenya,2012,38.1,8.8,76.2,1396.301787098
KEN,Kenya,2013,40.1,9.9,74.3,1413.941425226
KEN,Kenya,2014,36,11.2,71.8,1450.593382023
KEN,Kenya,2015,41.6,12.6,69.2,1489.119597773
KEN,Kenya,2016,53.1,14.2,68.3,1517.977960577
KEN,Kenya,2017,55.8,16.1,68.1,1542.337739734
KEN,Kenya,2018,61.2,18,68.7,1596.690459149
KEN,Kenya,2019,69.7,20.6,68.1,1645.709617779
KEN,Kenya,2020,71.5,23.05,69,1609.334140783
KEN,Kenya,2021,76.5,25.8,67.7,1698.895782714
KEN,Kenya,2022,76,28.5,,1747.531988044
KEN,Kenya,2023,76.2,31.6,,1811.216518384
KGZ,Kyrgyz Republic,2000,99.6,53.3,35.2,718.342832398
KGZ,Kyrgyz Republic,2001,99.5,54.9,36,749.423779562
KGZ,Kyrgyz Republic,2002,100,57,28.3,742.443001118
KGZ,Kyrgyz Republic,2003,99.4,58.5,30.5,786.350474964
KGZ,Kyrgyz Republic,2004,99.3,60.5,27.7,831.482103944
KGZ,Kyrgyz Republic,2005,99.4,62.5,28,820.709519438
KGZ,Kyrgyz Republic,2006,98.9,64.5,27.8,837.138026647
KGZ,Kyrgyz Republic,2007,99.5,66.4,24.5,900.027964897
KGZ,Kyrgyz Republic,2008,99.5,68.2,22,966.409971185
KGZ,Kyrgyz Republic,2009,99.5,69.7,24.7,981.220904666
KGZ,Kyrgyz Republic,2010,99,71.3,25.6,962.764789829
KGZ,Kyrgyz Republic,2011,98.3,72.4,26,1005.483178181
KGZ,Kyrgyz Republic,2012,99.8,73.7,22.4,985.847286597
KGZ,Kyrgyz Republic,2013,98.9,74.5,24.8,1069.784044387
KGZ,Kyrgyz Republic,2014,99.8,75.5,26.6,1088.582142295
KGZ,Kyrgyz Republic,2015,98.7,76.3,23.5,1105.651938443
KGZ,Kyrgyz Republic,2016,99.7,76.6,22.2,1128.316161282
KGZ,Kyrgyz Republic,2017,100,77.4,24.7,1157.182757581
KGZ,Kyrgyz Republic,2018,100,77.8,23.4,1175.071277875
KGZ,Kyrgyz Republic,2019,99.9,78.1,28.3,1201.877014297
KGZ,Kyrgyz Republic,2020,99.9,78.6,30,1093.328564614
KGZ,Kyrgyz Republic,2021,99.7,78.9,27.6,1132.554678128
KGZ,Kyrgyz Republic,2022,99.7,79.1,,1212.178127218
KGZ,Kyrgyz Republic,2023,100,79.6,,1298.257244822
KHM,Cambodia,2000,16.6,3.4,81.6,598.561915252
KHM,Cambodia,2001,9.5,4,80.5,632.833573981
KHM,Cambodia,2002,13.1,4.6,81,662.188341283
KHM,Cambodia,2003,19.3,5.2,79.9,719.333494241
KHM,Cambodia,2004,14.2,5.9,80.7,775.847139031
KHM,Cambodia,2005,20.5,6.6,79.2,866.340290123
KHM,Cambodia,2006,27.5,7.5,78,947.065220051
KHM,Cambodia,2007,20.2,8.4,74.8,1030.231176208
KHM,Cambodia,2008,26.4,9.2,74.1,1090.574758061
KHM,Cambodia,2009,25.6,10.3,68,1117.258341945
KHM,Cambodia,2010,31.1,11.7,64.8,1155.852368567
KHM,Cambodia,2011,37.4,13.1,64,1221.388398525
KHM,Cambodia,2012,42.3,14.7,64.4,1295.252714779
KHM,Cambodia,2013,50.9,16.4,65,1376.295575959
KHM,Cambodia,2014,56.1,18.5,63.7,1464.531158669
KHM,Cambodia,2015,62.7,21.1,60.6,1547.320104444
KHM,Cambodia,2016,68.8,23.8,58,1645.466715781
KHM,Cambodia,2017,89.1,27.1,56.3,1753.935305047
KHM,Cambodia,2018,80.7,31.1,58.1,1884.283748171
KHM,Cambodia,2019,84,35.5,53,2008.320940067
KHM,Cambodia,2020,86.4,40.6,51.4,1908.634275183
KHM,Cambodia,2021,82.5,46.3,52.4,1938.764367417
KHM,Cambodia,2022,92.3,52.15,,2011.274333133
KHM,Cambodia,2023,95,58,,2085.057484621
KIR,Kiribati,2000,55.6,0.7,54.7,1555.582048121
KIR,Kiribati,2001,57.3,0.8,56.4,1477.951776212
KIR,Kiribati,2002,59,0.9,53,1467.992732417
KIR,Kiribati,2003,60.7,1,50.5,1415.545778693
KIR,Kiribati,2004,62.4,1.2,50.5,1378.958369672
KIR,Kiribati,2005,69.7,1.4,48.5,1368.997287658
KIR,Kiribati,2006,68.8,1.6,48.1,1419.387230314
KIR,Kiribati,2007,67.7,1.9,48.4,1433.357478056
KIR,Kiribati,2008,69.4,2.2,49.7,1361.835997756
KIR,Kiribati,2009,64.2,2.5,50.4,1340.276056002
KIR,Kiribati,2010,63.2,3,50.1,1328.787764388
KIR,Kiribati,2011,74.9,3.5,50.5,1348.060236987
KIR,Kiribati,2012,76.7,4.1,48.7,1405.502934497
KIR,Kiribati,2013,78.8,4.7,46.2,1493.491486764
KIR,Kiribati,2014,83.4,5.5,48,1492.850820048
KIR,Kiribati,2015,90.6,6.3,47.5,1639.852747407
KIR,Kiribati,2016,92.6,7.1,48.1,1731.437020017
KIR,Kiribati,2017,85.7,8.3,42.5,1768.878748419
KIR,Kiribati,2018,87.5,9.4,42.3,1802.348507147
KIR,Kiribati,2019,89.3,10.7,42.2,1834.426278248
KIR,Kiribati,2020,91,11.9,42.2,1779.629730249
KIR,Kiribati,2021,92.8,13.3,42.2,1895.613629572
KIR,Kiribati,2022,94.4,14.6,41.9,1960.154758450
KIR,Kiribati,2023,95.9,16.4,,1990.146059221
KNA,St. Kitts and Nevis,2000,95.4,100,26.4,14039.028112533
KNA,St. Kitts and Nevis,2001,93.5,100,26,14610.909961051
KNA,St. Kitts and Nevis,2002,95.8,100,24.3,14727.390882932
KNA,St. Kitts and Nevis,2003,96,100,26.3,14100.306796723
KNA,St. Kitts and Nevis,2004,96.3,100,22,14619.795111247
KNA,St. Kitts and Nevis,2005,96.5,100,25.3,16000.565892983
KNA,St. Kitts and Nevis,2006,96.7,100,0,16457.862237207
KNA,St. Kitts and Nevis,2007,97,100,0,16508.143708132
KNA,St. Kitts and Nevis,2008,97.3,100,0,18325.761267028
KNA,St. Kitts and Nevis,2009,97.6,100,0,17671.254706974
KNA,St. Kitts and Nevis,2010,99.8,100,1,17688.069010341
KNA,St. Kitts and Nevis,2011,100,100,0.9,17958.681397705
KNA,St. Kitts and Nevis,2012,100,100,1.3,17770.496364058
KNA,St. Kitts and Nevis,2013,100,100,1.4,18773.892689840
KNA,St. Kitts and Nevis,2014,100,100,1.6,20187.806197548
KNA,St. Kitts and Nevis,2015,100,100,1.6,20328.800353011
KNA,St. Kitts and Nevis,2016,100,100,1.7,21133.657591441
KNA,St. Kitts and Nevis,2017,100,100,1.3,21191.604708370
KNA,St. Kitts and Nevis,2018,100,100,1.3,21635.497214648
KNA,St. Kitts and Nevis,2019,100,100,1.3,22297.764499570
KNA,St. Kitts and Nevis,2020,100,100,1.6,18918.826345661
KNA,St. Kitts and Nevis,2021,100,100,1.6,19031.821191060
KNA,St. Kitts and Nevis,2022,100,100,1.5,21050.758653729
KNA,St. Kitts and Nevis,2023,100,100,,21664.033398470
KOR,"Korea, Rep.",2000,100,100,0.7,17763.135341730
KOR,"Korea, Rep.",2001,100,100,0.7,18460.428819383
KOR,"Korea, Rep.",2002,100,100,0.7,19775.380065514
KOR,"Korea, Rep.",2003,100,100,0.8,20278.040642118
KOR,"Korea, Rep.",2004,100,100,0.8,21244.813680053
KOR,"Korea, Rep.",2005,100,100,0.9,22123.761306685
KOR,"Korea, Rep.",2006,100,100,0.9,23162.186011130
KOR,"Korea, Rep.",2007,100,100,1,24391.765101345
KOR,"Korea, Rep.",2008,100,100,1.1,24934.539636769
KOR,"Korea, Rep.",2009,100,100,1.2,25009.914831200
KOR,"Korea, Rep.",2010,100,100,1.3,26623.048712293
KOR,"Korea, Rep.",2011,100,100,1.4,27393.455357272
KOR,"Korea, Rep.",2012,100,100,1.6,27944.056419005
KOR,"Korea, Rep.",2013,100,100,1.9,28732.711152033
KOR,"Korea, Rep.",2014,100,100,2.9,29470.673299166
KOR,"Korea, Rep.",2015,100,100,2.7,30171.790654522
KOR,"Korea, Rep.",2016,100,100,2.6,31005.407287639
KOR,"Korea, Rep.",2017,100,100,2.8,31979.902730247
KOR,"Korea, Rep.",2018,100,100,3.2,32852.888748894
KOR,"Korea, Rep.",2019,100,100,3.2,33496.311381564
KOR,"Korea, Rep.",2020,100,100,3.6,33215.929892811
KOR,"Korea, Rep.",2021,100,100,3.6,34792.939721460
KOR,"Korea, Rep.",2022,100,100,,35809.013810514
KOR,"Korea, Rep.",2023,100,100,,36347.703639255
KWT,Kuwait,2000,100,100,0,31341.978081942
KWT,Kuwait,2001,100,100,0,30573.428422420
KWT,Kuwait,2002,100,100,0,30702.216206812
KWT,Kuwait,2003,100,100,0,35169.633573786
KWT,Kuwait,2004,100,100,0,37918.540582924
KWT,Kuwait,2005,100,100,0,40451.255165697
KWT,Kuwait,2006,100,100,0,41137.969927672
KWT,Kuwait,2007,100,100,0,41113.869394273
KWT,Kuwait,2008,100,100,0,39852.512911570
KWT,Kuwait,2009,100,100,0,35124.085394103
KWT,Kuwait,2010,100,100,0,32568.498175450
KWT,Kuwait,2011,100,100,0,33545.346271839
KWT,Kuwait,2012,100,100,0,33578.330965196
KWT,Kuwait,2013,100,100,0,32311.180000854
KWT,Kuwait,2014,100,100,0,31073.153730062
KWT,Kuwait,2015,100,100,0,29882.212649570
KWT,Kuwait,2016,100,100,0,29454.442638883
KWT,Kuwait,2017,100,100,0,27048.370693596
KWT,Kuwait,2018,100,100,0,26706.019166086
KWT,Kuwait,2019,100,100,0.1,26580.226474161
KWT,Kuwait,2020,100,100,0.1,25541.537898791
KWT,Kuwait,2021,100,100,0.1,26203.261725786
KWT,Kuwait,2022,100,100,,26579.832164688
KWT,Kuwait,2023,100,100,,24722.814370186
LAO,Lao PDR,2000,42.6,1.3,81.5,917.228038618
LAO,Lao PDR,2001,45.3,1.4,81.1,954.123505415
LAO,Lao PDR,2002,46.3,1.5,80.2,994.492241964
LAO,Lao PDR,2003,48,1.7,78.7,1038.711927678
LAO,Lao PDR,2004,53.5,1.8,74,1088.760347288
LAO,Lao PDR,2005,57.2,2.1,73.9,1148.681538521
LAO,Lao PDR,2006,57,2.3,69.8,1228.089276199
LAO,Lao PDR,2007,55,2.6,70.7,1301.085975499
LAO,Lao PDR,2008,66,2.9,69.3,1381.737542240
LAO,Lao PDR,2009,67.4,3.2,66.4,1463.337966685
LAO,Lao PDR,2010,70.2,3.5,64.8,1564.910683116
LAO,Lao PDR,2011,70,3.9,63.6,1666.400861899
LAO,Lao PDR,2012,76.4,4.3,62.4,1774.635852037
LAO,Lao PDR,2013,79.3,4.8,58.6,1890.278612949
LAO,Lao PDR,2014,82.5,5.2,58.2,2006.311954444
LAO,Lao PDR,2015,89.7,5.7,53.3,2121.013390974
LAO,Lao PDR,2016,89,6.3,51.7,2234.760987418
LAO,Lao PDR,2017,93.6,6.9,50.6,2351.574417476
LAO,Lao PDR,2018,92.9,7.4,50.2,2459.978746362
LAO,Lao PDR,2019,98.4,8.1,50.5,2554.956380192
LAO,Lao PDR,2020,99.3,8.8,50.6,2529.746226988
LAO,Lao PDR,2021,100,9.6,51.5,2556.589126404
LAO,Lao PDR,2022,100,10.3,49.2,2589.050151916
LAO,Lao PDR,2023,96.5,11.1,,2648.887266080
LBN,Lebanon,2000,99.3,,4.9,5958.978367503
LBN,Lebanon,2001,99.3,,4.6,6085.760414201
LBN,Lebanon,2002,99.3,,5.7,6207.241338937
LBN,Lebanon,2003,99.2,,7,6319.765182986
LBN,Lebanon,2004,99.9,,6.1,6633.752580024
LBN,Lebanon,2005,99.2,,6.4,6707.180246353
LBN,Lebanon,2006,99.4,,6.4,6696.374282006
LBN,Lebanon,2007,97.8,,7.3,7179.345200923
LBN,Lebanon,2008,99.9,,5.1,7701.298230280
LBN,Lebanon,2009,99.3,,4.3,8375.488512528
LBN,Lebanon,2010,99.5,,5.7,8955.543361847
LBN,Lebanon,2011,99.7,,6.2,8936.200274627
LBN,Lebanon,2012,99.5,,5.6,8920.805698467
LBN,Lebanon,2013,99.6,,5.9,8443.538565288
LBN,Lebanon,2014,99.7,,4.2,7830.415111334
LBN,Lebanon,2015,99.7,,4.2,7714.109999880
LBN,Lebanon,2016,99.8,,4,8019.141691343
LBN,Lebanon,2017,99.9,,4,8305.574054257
LBN,Lebanon,2018,99.7,,4.7,8388.723512383
LBN,Lebanon,2019,100,,5.1,8064.048734162
LBN,Lebanon,2020,100,,6.3,6440.828430929
LBN,Lebanon,2021,100,,6.8,5973.419338930
LBN,Lebanon,2022,100,,,5909.036515550
LBN,Lebanon,2023,100,,,5834.634157394
LBR,Liberia,2000,,0.5,91.3,754.850917361
LBR,Liberia,2001,,0.5,91.6,754.422355762
LBR,Liberia,2002,,0.5,91.1,762.716393927
LBR,Liberia,2003,,0.5,90.3,528.567395543
LBR,Liberia,2004,,0.4,89.6,535.995882066
LBR,Liberia,2005,,0.4,87.8,539.665378842
LBR,Liberia,2006,,0.4,87.6,551.377446612
LBR,Liberia,2007,3,0.4,89.8,574.609394349
LBR,Liberia,2008,1.3,0.3,91.8,591.185378142
LBR,Liberia,2009,1.9,0.4,91.8,603.256211078
LBR,Liberia,2010,5.3,0.4,88.6,621.783295072
LBR,Liberia,2011,4.1,0.4,87.1,646.908727017
LBR,Liberia,2012,9.3,0.4,86.2,674.360011422
LBR,Liberia,2013,9.8,0.4,87.5,717.007280359
LBR,Liberia,2014,9.4,0.4,91.2,707.157694930
LBR,Liberia,2015,15.2,0.4,91.9,692.590082351
LBR,Liberia,2016,17.7,0.5,92.8,668.031513176
LBR,Liberia,2017,24.2,0.5,93.6,671.260899835
LBR,Liberia,2018,22.8,0.5,94.4,665.875439637
LBR,Liberia,2019,23.1,0.5,89.7,636.699384825
LBR,Liberia,2020,27.6,0.6,93,605.025475431
LBR,Liberia,2021,29.8,0.7,93.2,621.927983063
LBR,Liberia,2022,31.8,0.8,92.8,638.005183858
LBR,Liberia,2023,32.5,0.8,,653.329188343
LBY,Libya,2000,99.8,,2,10853.805951653
LBY,Libya,2001,96.9,,2.9,10467.877614601
LBY,Libya,2002,95.2,,2.9,10170.309577634
LBY,Libya,2003,93.5,,2.9,11267.062762355
LBY,Libya,2004,91.8,,2.8,11529.108664622
LBY,Libya,2005,90.1,,2.7,12628.896152656
LBY,Libya,2006,88.4,,2.9,13176.775891190
LBY,Libya,2007,86.8,,3.1,13712.960258397
LBY,Libya,2008,85.1,,2.9,13403.000464591
LBY,Libya,2009,83.5,,2.6,12549.085434552
LBY,Libya,2010,81.9,,2.5,12913.933493939
LBY,Libya,2011,80.3,,3.2,6569.594775790
LBY,Libya,2012,78.7,,2.6,12599.258882136
LBY,Libya,2013,77.1,,2.4,10126.314927806
LBY,Libya,2014,75.5,,2.3,7644.248439474
LBY,Libya,2015,73.8,,2.9,7458.489177564
LBY,Libya,2016,72.2,,2.8,7236.164099235
LBY,Libya,2017,70.6,,2.9,9435.600600400
LBY,Libya,2018,67,,2.9,10020.916575136
LBY,Libya,2019,68.5,,3,8768.410487459
LBY,Libya,2020,69.4,,3.2,6102.798640325
LBY,Libya,2021,70.2,,3.1,7731.354481526
LBY,Libya,2022,70,,,7002.681892964
LBY,Libya,2023,73.2,,,7630.496649282
LCA,St. Lucia,2000,86,84.9,24,9198.938943522
LCA,St. Lucia,2001,89.9,86.5,22.2,8795.545820907
LCA,St. Lucia,2002,87.7,88.1,21.7,8755.459393531
LCA,St. Lucia,2003,88.5,89.7,20,9054.067783745
LCA,St. Lucia,2004,89.3,91,18.4,9637.378013903
LCA,St. Lucia,2005,90.1,92.2,18.4,9527.584694305
LCA,St. Lucia,2006,90.9,93.1,16.9,10045.650403259
LCA,St. Lucia,2007,91.8,94,16.3,10147.443245994
LCA,St. Lucia,2008,92.7,94.7,15.5,10583.431017260
LCA,St. Lucia,2009,93.5,95.1,15.1,10219.802401156
LCA,St. Lucia,2010,94.2,95.4,13.2,10191.314682769
LCA,St. Lucia,2011,95.4,95.6,12.9,10576.897974360
LCA,St. Lucia,2012,95.3,95.8,12.4,10517.277763553
LCA,St. Lucia,2013,97.2,95.7,12.1,10279.415509600
LCA,St. Lucia,2014,98.1,95.5,11.7,10369.938256651
LCA,St. Lucia,2015,99,95.4,11.5,10334.986082392
LCA,St. Lucia,2016,99.8,95.1,11.2,10644.161291341
LCA,St. Lucia,2017,99.9,94.6,10.2,10960.484351248
LCA,St. Lucia,2018,100,94.3,10.2,11233.888357846
LCA,St. Lucia,2019,100,94,10,11077.947982381
LCA,St. Lucia,2020,100,93.5,10,8512.818398735
LCA,St. Lucia,2021,100,93,9.7,9447.300592446
LCA,St. Lucia,2022,100,92.7,9.7,11258.611079056
LCA,St. Lucia,2023,100,92.1,,11665.682604782
LIE,Liechtenstein,2000,100,,54,
LIE,Liechtenstein,2001,100,,51.6,
LIE,Liechtenstein,2002,100,,51.3,
LIE,Liechtenstein,2003,100,,50.2,
LIE,Liechtenstein,2004,100,,50.3,
LIE,Liechtenstein,2005,100,,49.9,
LIE,Liechtenstein,2006,100,,50.8,
LIE,Liechtenstein,2007,100,,53.4,
LIE,Liechtenstein,2008,100,,53,
LIE,Liechtenstein,2009,100,,55.1,
LIE,Liechtenstein,2010,100,,52.3,
LIE,Liechtenstein,2011,100,,55.3,
LIE,Liechtenstein,2012,100,,55.5,
LIE,Liechtenstein,2013,100,,53.5,
LIE,Liechtenstein,2014,100,,55,
LIE,Liechtenstein,2015,100,,55.5,167187.15730982
LIE,Liechtenstein,2016,100,,55.8,
LIE,Liechtenstein,2017,100,,55.3,
LIE,Liechtenstein,2018,100,,56.8,
LIE,Liechtenstein,2019,100,,56.1,
LIE,Liechtenstein,2020,100,,55.2,
LIE,Liechtenstein,2021,100,,53.6,
LIE,Liechtenstein,2022,100,,56.9,
LIE,Liechtenstein,2023,100,,,
LKA,Sri Lanka,2000,70.3,16.4,64.2,1956.933100212
LKA,Sri Lanka,2001,63.6,17.3,62.9,1896.482513853
LKA,Sri Lanka,2002,80.7,17.8,62.1,1951.225224182
LKA,Sri Lanka,2003,75,18.5,61.3,2052.030447014
LKA,Sri Lanka,2004,76.5,18.9,61.6,2149.106281928
LKA,Sri Lanka,2005,78.1,19.5,60.1,2268.688008528
LKA,Sri Lanka,2006,82,19.9,62.2,2426.348728268
LKA,Sri Lanka,2007,80,20.2,60.2,2573.543617194
LKA,Sri Lanka,2008,82.9,20.5,61.6,2708.585937244
LKA,Sri Lanka,2009,87.1,21.1,63.5,2787.273504637
LKA,Sri Lanka,2010,85.3,22,61.9,2993.014109603
LKA,Sri Lanka,2011,87.8,22.7,56.4,3232.373497864
LKA,Sri Lanka,2012,87,23.4,52.9,3484.790483927
LKA,Sri Lanka,2013,90.2,24.2,56.9,3728.935859621
LKA,Sri Lanka,2014,92.7,25.4,54.2,3929.920613079
LKA,Sri Lanka,2015,94.3,26.3,51.3,4057.715827165
LKA,Sri Lanka,2016,97.5,27.4,45.1,4214.741172174
LKA,Sri Lanka,2017,97.5,28.6,45.8,4436.007891310
LKA,Sri Lanka,2018,99.6,30,47.9,4493.035746175
LKA,Sri Lanka,2019,99.8,31,46.1,4455.781887881
LKA,Sri Lanka,2020,100,32.1,49.3,4227.233145302
LKA,Sri Lanka,2021,100,33.2,48.8,4357.972249786
LKA,Sri Lanka,2022,100,34.2,,4033.145603067
LKA,Sri Lanka,2023,100,35.4,,3977.135649951
LSO,Lesotho,2000,4.3,15.9,56.7,725.263668708
LSO,Lesotho,2001,1.3,17.6,56.5,752.243212494
LSO,Lesotho,2002,3.4,19,56.2,760.033443180
LSO,Lesotho,2003,5.4,20.5,55.9,798.540500554
LSO,Lesotho,2004,6.8,22.1,55.4,817.793597897
LSO,Lesotho,2005,9.6,23.6,55.3,853.960500630
LSO,Lesotho,2006,9.7,25.3,55.5,893.750686627
LSO,Lesotho,2007,13.9,26.6,55.3,927.268633273
LSO,Lesotho,2008,16,28.2,55,971.881366821
LSO,Lesotho,2009,17,29.8,54,952.747929747
LSO,Lesotho,2010,17,31.3,53,995.233432452
LSO,Lesotho,2011,22.5,32.8,42.3,1031.997215643
LSO,Lesotho,2012,20.6,34.3,40.8,1086.390348163
LSO,Lesotho,2013,26.9,35.9,46.1,1093.953234893
LSO,Lesotho,2014,27.8,37.5,43.2,1100.049936842
LSO,Lesotho,2015,31.8,39.1,46,1121.198513425
LSO,Lesotho,2016,35.1,40.8,45.1,1147.587488017
LSO,Lesotho,2017,33.7,42.6,41.5,1097.821668128
LSO,Lesotho,2018,47,44.4,42.5,1068.444629134
LSO,Lesotho,2019,44.6,46.2,41.6,1040.993510141
LSO,Lesotho,2020,47.5,48.1,43.2,944.834128375
LSO,Lesotho,2021,50.4,49.8,33.6,955.221236302
LSO,Lesotho,2022,50,51.8,34.9,967.519285983
LSO,Lesotho,2023,57.3,53.8,,973.116561961
LTU,Lithuania,2000,99.5,100,17.2,6384.308654264
LTU,Lithuania,2001,99.5,100,17.6,6854.525128267
LTU,Lithuania,2002,99.4,100,17.9,7374.097971012
LTU,Lithuania,2003,99.4,100,18.1,8218.693362898
LTU,Lithuania,2004,99.4,100,18.1,8851.925989223
LTU,Lithuania,2005,99.4,100,17.5,9692.868537633
LTU,Lithuania,2006,99.4,100,17.5,10577.214552287
LTU,Lithuania,2007,99.4,100,17.1,11889.354523466
LTU,Lithuania,2008,99.4,100,18.3,12324.519733139
LTU,Lithuania,2009,99.5,100,20.1,10612.920404458
LTU,Lithuania,2010,99.7,100,21.5,10884.116185258
LTU,Lithuania,2011,99.7,100,22.7,11836.720038403
LTU,Lithuania,2012,100,100,23.9,12516.618406567
LTU,Lithuania,2013,100,100,26.3,13145.806930997
LTU,Lithuania,2014,100,100,27.7,13753.189598230
LTU,Lithuania,2015,100,100,29,14269.803987829
LTU,Lithuania,2016,100,100,31.5,14823.107153522
LTU,Lithuania,2017,100,100,33.8,15695.999328846
LTU,Lithuania,2018,100,100,33.7,16604.902144081
LTU,Lithuania,2019,100,100,33.5,17431.723908159
LTU,Lithuania,2020,100,100,31.7,17443.65526328
LTU,Lithuania,2021,100,100,33.2,18572.289505109
LTU,Lithuania,2022,100,100,,18873.842752727
LTU,Lithuania,2023,100,100,,18748.930264719
LUX,Luxembourg,2000,100,100,6.8,92533.139375648
LUX,Luxembourg,2001,100,100,3.4,94249.162585348
LUX,Luxembourg,2002,100,100,1.3,96275.032131487
LUX,Luxembourg,2003,100,100,1.3,97603.402813728
LUX,Luxembourg,2004,100,100,1.4,100296.956996628
LUX,Luxembourg,2005,100,100,1.9,101226.109631791
LUX,Luxembourg,2006,100,100,2.1,105618.332853323
LUX,Luxembourg,2007,100,100,3.6,112422.146493735
LUX,Luxembourg,2008,100,100,4,110096.656683086
LUX,Luxembourg,2009,100,100,3.7,104576.122195434
LUX,Luxembourg,2010,100,100,3.7,106545.854916218
LUX,Luxembourg,2011,100,100,3.8,105292.012346074
LUX,Luxembourg,2012,100,100,4.2,104489.298083328
LUX,Luxembourg,2013,100,100,5.7,105340.41498623
LUX,Luxembourg,2014,100,100,6.8,105585.401767492
LUX,Luxembourg,2015,100,100,9.1,105462.012584423
LUX,Luxembourg,2016,100,100,13.5,108351.452194449
LUX,Luxembourg,2017,100,100,15.3,107142.05542835
LUX,Luxembourg,2018,100,100,16,106788.661202756
LUX,Luxembourg,2019,100,100,16.4,107591.899505248
LUX,Luxembourg,2020,100,100,20.8,105274.182260744
LUX,Luxembourg,2021,100,100,20.5,110873.115269021
LUX,Luxembourg,2022,100,100,,107467.123965307
LUX,Luxembourg,2023,100,100,,105422.764660192
LVA,Latvia,2000,99.9,100,35.8,6336.382967080
LVA,Latvia,2001,99.9,100,35.4,6833.435432316
LVA,Latvia,2002,99.8,100,34.4,7443.229446591
LVA,Latvia,2003,99.8,100,34.3,8149.001836001
LVA,Latvia,2004,99.7,100,36.1,8957.233935551
LVA,Latvia,2005,99.7,100,36.3,10106.262615773
LVA,Latvia,2006,99.6,100,34,11507.464826566
LVA,Latvia,2007,99.7,100,33.1,12810.040950254
LVA,Latvia,2008,99.7,100,33.7,12506.694504101
LVA,Latvia,2009,100,100,38.4,10675.425174228
LVA,Latvia,2010,99.8,100,33.1,10500.866622301
LVA,Latvia,2011,99.8,100,35.5,11018.515242158
LVA,Latvia,2012,100,100,40.4,11971.010746652
LVA,Latvia,2013,100,100,39.6,12353.538613530
LVA,Latvia,2014,100,100,40.2,12731.677195934
LVA,Latvia,2015,100,100,38.1,13321.975314062
LVA,Latvia,2016,100,100,38.5,13787.336744002
LVA,Latvia,2017,100,100,42.6,14382.861272713
LVA,Latvia,2018,100,100,41,15120.069817180
LVA,Latvia,2019,100,100,41.5,15328.385993330
LVA,Latvia,2020,100,100,43.8,14900.729571887
LVA,Latvia,2021,100,100,44,16070.168003232
LVA,Latvia,2022,100,100,,16421.3748596
LVA,Latvia,2023,100,100,,16229.384452025
MAC,"Macao SAR, China",2000,100,,0.2,31772.630253166
MAC,"Macao SAR, China",2001,100,,0.9,32441.676018358
MAC,"Macao SAR, China",2002,100,,1.4,34967.891456181
MAC,"Macao SAR, China",2003,100,,2.4,38581.697618932
MAC,"Macao SAR, China",2004,100,,2.5,47665.933038664
MAC,"Macao SAR, China",2005,100,,2.3,49470.940295748
MAC,"Macao SAR, China",2006,100,,2.8,53240.204575028
MAC,"Macao SAR, China",2007,100,,3.4,58376.117604728
MAC,"Macao SAR, China",2008,100,,4.7,58146.328584671
MAC,"Macao SAR, China",2009,100,,3,59528.835015949
MAC,"Macao SAR, China",2010,100,,5.5,74195.057776234
MAC,"Macao SAR, China",2011,100,,6.4,88168.971369909
MAC,"Macao SAR, China",2012,100,,11.1,93192.885853941
MAC,"Macao SAR, China",2013,100,,16.6,99054.498028972
MAC,"Macao SAR, China",2014,100,,11.4,92383.843491528
MAC,"Macao SAR, China",2015,100,,5.4,69902.960574123
MAC,"Macao SAR, China",2016,100,,5.4,68391.341549192
MAC,"Macao SAR, China",2017,100,,3.9,75650.126184045
MAC,"Macao SAR, China",2018,100,,8.4,79178.650629056
MAC,"Macao SAR, China",2019,100,,8.4,75724.607828026
MAC,"Macao SAR, China",2020,100,,11,33853.776155011
MAC,"Macao SAR, China",2021,100,,13.6,41634.238613990
MAC,"Macao SAR, China",2022,100,,11,34000.713412831
MAC,"Macao SAR, China",2023,100,,,59474.396425161
MAF,St. Martin (French part),2000,100,,,
MAF,St. Martin (French part),2001,99.9,,,
MAF,St. Martin (French part),2002,99.9,,,
MAF,St. Martin (French part),2003,99.8,,,
MAF,St. Martin (French part),2004,99.8,,,
MAF,St. Martin (French part),2005,99.7,,,
MAF,St. Martin (French part),2006,99.7,,,
MAF,St. Martin (French part),2007,99.7,,,
MAF,St. Martin (French part),2008,99.7,,,
MAF,St. Martin (French part),2009,99.7,,,
MAF,St. Martin (French part),2010,100,,,
MAF,St. Martin (French part),2011,100,,,
MAF,St. Martin (French part),2012,100,,,
MAF,St. Martin (French part),2013,100,,,
MAF,St. Martin (French part),2014,100,,,
MAF,St. Martin (French part),2015,100,,,
MAF,St. Martin (French part),2016,100,,,
MAF,St. Martin (French part),2017,100,,,
MAF,St. Martin (French part),2018,100,,,
MAF,St. Martin (French part),2019,100,,,
MAF,St. Martin (French part),2020,100,,,
MAF,St. Martin (French part),2021,100,,,
MAF,St. Martin (French part),2022,100,,,
MAF,St. Martin (French part),2023,100,,,
MAR,Morocco,2000,69.8,89.8,15.5,1957.141357422
MAR,Morocco,2001,71.6,90.9,15.3,2078.966064453
MAR,Morocco,2002,73.3,91.7,15.1,2127.507080078
MAR,Morocco,2003,75.1,92.4,16.1,2229.576171875
MAR,Morocco,2004,78.2,93.3,22.4,2301.081787109
MAR,Morocco,2005,78.6,94,20,2342.154785156
MAR,Morocco,2006,96.5,94.7,18.2,2489.992919922
MAR,Morocco,2007,82.2,95.3,16.6,2540.615234375
MAR,Morocco,2008,84.1,95.7,14.4,2648.585693359
MAR,Morocco,2009,85.9,96.3,14.2,2710.666503906
MAR,Morocco,2010,95.7,96.6,13.9,2767.042236328
MAR,Morocco,2011,96.1,96.9,11.8,2879.539306641
MAR,Morocco,2012,96.4,97.3,10.9,2927.450439453
MAR,Morocco,2013,97.2,97.5,11.6,3008.185546875
MAR,Morocco,2014,97.3,97.7,11.1,3051.458984375
MAR,Morocco,2015,97.3,97.9,11.2,3146.247802734
MAR,Morocco,2016,97.8,98,11.1,3124.425048828
MAR,Morocco,2017,100,98,10.4,3242.644287109
MAR,Morocco,2018,98.1,98.1,10.9,3304.711914062
MAR,Morocco,2019,99.6,98.3,10.7,3364.739501953
MAR,Morocco,2020,100,98.2,11.1,3090.894287109
MAR,Morocco,2021,100,98.1,10.9,3309.130859375
MAR,Morocco,2022,100,98.1,,3334.911621094
MAR,Morocco,2023,100,98.1,,3421.217041016
MCO,Monaco,2000,100,100,,120456.449755199
MCO,Monaco,2001,100,100,,123122.065080301
MCO,Monaco,2002,100,100,,124481.821747795
MCO,Monaco,2003,100,100,,126022.179894764
MCO,Monaco,2004,100,100,,129403.344170518
MCO,Monaco,2005,100,100,,132253.156279139
MCO,Monaco,2006,100,100,,140615.112736683
MCO,Monaco,2007,100,100,,162028.404533603
MCO,Monaco,2008,100,100,,163243.675530457
MCO,Monaco,2009,100,100,,142375.465128834
MCO,Monaco,2010,100,100,,141814.720026733
MCO,Monaco,2011,100,100,,148272.642343465
MCO,Monaco,2012,100,100,,146472.609057682
MCO,Monaco,2013,100,100,,157167.901201149
MCO,Monaco,2014,100,100,,165288.122704322
MCO,Monaco,2015,100,100,,170437.021128628
MCO,Monaco,2016,100,100,,173120.108465128
MCO,Monaco,2017,100,100,,165781.701248644
MCO,Monaco,2018,100,100,,173041.679774743
MCO,Monaco,2019,100,100,,185582.66851648
MCO,Monaco,2020,100,100,,161262.850134167
MCO,Monaco,2021,100,100,,194674.686164262
MCO,Monaco,2022,100,100,,214359.505134575
MCO,Monaco,2023,100,100,,225884.077199125
MDA,Moldova,2000,98.7,63.1,5.7,1346.915671766
MDA,Moldova,2001,98.8,67.1,5.6,1432.276892823
MDA,Moldova,2002,99,70.3,5.8,1547.574212316
MDA,Moldova,2003,98.8,74.3,5.9,1654.366293032
MDA,Moldova,2004,99.1,77.9,4.8,1781.191453237
MDA,Moldova,2005,98.6,81,4.3,1919.445507637
MDA,Moldova,2006,98.9,84,5,2017.177300629
MDA,Moldova,2007,99,86.3,4.4,2082.512600977
MDA,Moldova,2008,99.1,88.6,4.9,2249.225897194
MDA,Moldova,2009,99.2,90.3,4.8,2116.943575441
MDA,Moldova,2010,99.3,91.9,20,2269.511161460
MDA,Moldova,2011,99.4,93.2,20.4,2402.944463061
MDA,Moldova,2012,99.5,94.3,22.1,2389.086661475
MDA,Moldova,2013,99.6,95.1,23.8,2605.850299861
MDA,Moldova,2014,99.8,95.8,24.3,2737.801850566
MDA,Moldova,2015,99.9,96.3,24.7,2749.551370543
MDA,Moldova,2016,99.9,96.8,25.3,2910.954868724
MDA,Moldova,2017,100,97.2,26.1,3085.333058443
MDA,Moldova,2018,100,97.5,25.3,3267.996104287
MDA,Moldova,2019,100,97.7,22,3438.677326707
MDA,Moldova,2020,100,97.9,22.3,3188.916916027
MDA,Moldova,2021,100,98.1,21.4,3688.167294421
MDA,Moldova,2022,100,98.2,,3610.143153447
MDA,Moldova,2023,100,98.3,,3758.368819408
MDG,Madagascar,2000,12.6,1.2,82.2,465.529509827
MDG,Madagascar,2001,14.8,1.2,84.1,478.405614950
MDG,Madagascar,2002,14,1.2,87.2,406.701222136
MDG,Madagascar,2003,20.3,1.1,84.8,433.601040301
MDG,Madagascar,2004,15.3,1.1,84.3,443.278654986
MDG,Madagascar,2005,16,1.1,84.9,450.955230911
MDG,Madagascar,2006,16.8,1.1,85.9,461.540337898
MDG,Madagascar,2007,17.5,1.1,86.2,473.785462328
MDG,Madagascar,2008,18.3,1,86.4,490.963935390
MDG,Madagascar,2009,17.4,1,87.2,457.789754866
MDG,Madagascar,2010,12.3,1,86.7,447.417143031
MDG,Madagascar,2011,14.3,1,84.5,441.755158414
MDG,Madagascar,2012,18.7,1,83.3,442.641500124
MDG,Madagascar,2013,12.9,1,81.4,440.674658904
MDG,Madagascar,2014,23,1,82.2,443.343869908
MDG,Madagascar,2015,23.8,1,83.9,445.320069481
MDG,Madagascar,2016,22.9,1,83.8,451.156594331
MDG,Madagascar,2017,24.1,1.1,81.9,456.851859574
MDG,Madagascar,2018,36.5,1.2,84.2,459.330367800
MDG,Madagascar,2019,31,1.2,82.5,467.277413496
MDG,Madagascar,2020,32,1.3,84.7,422.924255422
MDG,Madagascar,2021,35.1,1.4,83.6,431.599103078
MDG,Madagascar,2022,36.1,1.5,83.1,438.438112102
MDG,Madagascar,2023,39.4,1.6,,445.874102052
MDV,Maldives,2000,83.8,23.95,2.3,7037.085461046
MDV,Maldives,2001,87.5,32.1,2.3,6647.650382004
MDV,Maldives,2002,88.3,41.5,1.8,7012.255688732
MDV,Maldives,2003,89.1,52,2.2,7845.293074093
MDV,Maldives,2004,90,62.1,1.7,8174.416073012
MDV,Maldives,2005,90.9,71,2,7141.883770499
MDV,Maldives,2006,91.7,78.3,1.6,8620.728146782
MDV,Maldives,2007,92.6,83.7,1.5,8933.171663639
MDV,Maldives,2008,93.6,87.9,1.5,9396.497336105
MDV,Maldives,2009,99.9,91,1.5,8313.409836972
MDV,Maldives,2010,99,93.3,1.4,8569.524946007
MDV,Maldives,2011,99.1,95,1.3,9005.813913751
MDV,Maldives,2012,99.2,96.4,1.2,8907.661348682
MDV,Maldives,2013,99.4,97.1,1.3,9213.327914425
MDV,Maldives,2014,100,97.9,1.2,9612.078618067
MDV,Maldives,2015,99.8,98.5,1.5,9644.906550281
MDV,Maldives,2016,100,98.8,1.2,9909.076697234
MDV,Maldives,2017,99.8,99.1,1.3,10263.299114767
MDV,Maldives,2018,100,99.3,1.3,10793.894132537
MDV,Maldives,2019,100,99.5,1.3,11194.925374806
MDV,Maldives,2020,100,99.6,1.6,7295.602209565
MDV,Maldives,2021,100,99.7,1.4,9759.221936071
MDV,Maldives,2022,100,99.8,1.2,10939.996327174
MDV,Maldives,2023,100,99.8,,11439.536434287
MEX,Mexico,2000,98,82.6,12.2,9581.969702028
MEX,Mexico,2001,97.1,83.4,11.3,9398.350743479
MEX,Mexico,2002,97.9,83.9,10.7,9242.278861224
MEX,Mexico,2003,97.4,84.3,10.2,9221.996666855
MEX,Mexico,2004,98.6,84.5,10.2,9421.289761327
MEX,Mexico,2005,98.9,84.8,10.3,9491.517302680
MEX,Mexico,2006,99.1,84.9,9.8,9813.828041867
MEX,Mexico,2007,97.9,85,9.5,9877.695326366
MEX,Mexico,2008,98.9,85,9.8,9826.342184485
MEX,Mexico,2009,98.3,84.9,9.2,9074.118814481
MEX,Mexico,2010,99.2,84.9,9.4,9389.067220765
MEX,Mexico,2011,99,84.8,9.1,9575.934377346
MEX,Mexico,2012,99.1,84.8,9,9782.517762518
MEX,Mexico,2013,99.1,84.7,9.2,9738.710596611
MEX,Mexico,2014,99.2,84.7,9.8,9862.481253474
MEX,Mexico,2015,99,84.7,9.2,10021.238611362
MEX,Mexico,2016,99.5,84.8,9.2,10100.502119582
MEX,Mexico,2017,100,84.7,10.1,10193.772718831
MEX,Mexico,2018,99.5,84.8,10.3,10296.869094046
MEX,Mexico,2019,99.6,85,10.3,10159.444836770
MEX,Mexico,2020,99.4,85,12.3,9234.643622266
MEX,Mexico,2021,100,85.05,13,9728.056800245
MEX,Mexico,2022,100,85,,10013.247922706
MEX,Mexico,2023,99.7,85.1,,10234.684026565
MHL,Marshall Islands,2000,68.6,7.3,19.6,3040.596773557
MHL,Marshall Islands,2001,70.1,9.7,19.1,3224.791189875
MHL,Marshall Islands,2002,71.5,12.6,18.6,3322.411278561
MHL,Marshall Islands,2003,72.9,16.8,18.6,3256.972443308
MHL,Marshall Islands,2004,74.3,21.5,18.4,3234.152652005
MHL,Marshall Islands,2005,75.7,27.7,18.4,3284.784032674
MHL,Marshall Islands,2006,77.2,34.1,17,3285.120787814
MHL,Marshall Islands,2007,72.3,41,15.2,3403.478427981
MHL,Marshall Islands,2008,80.2,47,14.8,3146.261772055
MHL,Marshall Islands,2009,81.7,52.5,14,3262.269555355
MHL,Marshall Islands,2010,89.4,56.25,13.7,3441.318884021
MHL,Marshall Islands,2011,89.9,59.8,12.3,3433.062978018
MHL,Marshall Islands,2012,90.4,61.6,12,3420.914447967
MHL,Marshall Islands,2013,90.9,63.3,12.4,3602.928119019
MHL,Marshall Islands,2014,91.5,64.1,12.2,3620.772752832
MHL,Marshall Islands,2015,92.1,64.9,11.7,3764.344262295
MHL,Marshall Islands,2016,92.7,64.9,12.1,3946.844410908
MHL,Marshall Islands,2017,93.8,64.8,12,4190.934685895
MHL,Marshall Islands,2018,95.3,64.9,12,4542.342939163
MHL,Marshall Islands,2019,96.8,65.6,12.1,5162.815006703
MHL,Marshall Islands,2020,98.3,65.2,12,5172.575282162
MHL,Marshall Islands,2021,99.8,64.9,12.1,5455.317040153
MHL,Marshall Islands,2022,100,65.2,12.2,5591.463931931
MHL,Marshall Islands,2023,100,64.8,,5460.117959152
MKD,North Macedonia,2000,99,54.5,19.4,3283.379340954
MKD,North Macedonia,2001,99,56.15,15.2,3169.325143689
MKD,North Macedonia,2002,99,57.5,14.6,3240.110645261
MKD,North Macedonia,2003,99,58.8,17.3,3307.920408347
MKD,North Macedonia,2004,99.4,60.2,18.2,3473.765448115
MKD,North Macedonia,2005,99.1,61.4,19,3657.563076992
MKD,North Macedonia,2006,99,63.3,19.8,3866.746506230
MKD,North Macedonia,2007,99.1,64.6,15.7,4140.633548094
MKD,North Macedonia,2008,99.2,65.45,15.6,4392.550716415
MKD,North Macedonia,2009,99.2,66.9,18.4,4405.200457509
MKD,North Macedonia,2010,99.5,67.9,22.3,4582.365175123
MKD,North Macedonia,2011,99.7,69.3,18.6,4711.130278701
MKD,North Macedonia,2012,99.6,70.7,18.3,4708.051685359
MKD,North Macedonia,2013,99.7,71.7,21.2,4863.680886670
MKD,North Macedonia,2014,99.8,72.7,21.2,5053.750012364
MKD,North Macedonia,2015,99.9,73.6,23.9,5262.686719287
MKD,North Macedonia,2016,100,75,21.4,5429.946783584
MKD,North Macedonia,2017,100,75.9,19,5510.818629209
MKD,North Macedonia,2018,99.8,76.45,20.9,5698.393344845
MKD,North Macedonia,2019,100,77.6,17,5961.584753992
MKD,North Macedonia,2020,100,78.9,20,5743.726494246
MKD,North Macedonia,2021,100,79.6,19.5,6064.923151200
MKD,North Macedonia,2022,100,80.55,,6250.627209521
MKD,North Macedonia,2023,100,81.3,,6423.992213934
MLI,Mali,2000,9.6,0.7,83.5,682.497420452
MLI,Mali,2001,10.8,0.8,82.1,766.960343251
MLI,Mali,2002,13,0.8,83.6,766.073669039
MLI,Mali,2003,14.7,0.8,85.8,814.808466519
MLI,Mali,2004,16.4,0.8,81.5,800.501816705
MLI,Mali,2005,18.2,0.8,82.3,794.373328212
MLI,Mali,2006,16.6,0.9,81.7,797.100532885
MLI,Mali,2007,21.7,0.9,78.9,784.893915014
MLI,Mali,2008,23.4,0.9,75,787.156518982
MLI,Mali,2009,24,0.9,78.7,803.486738930
MLI,Mali,2010,27,0.9,84,821.181286587
MLI,Mali,2011,28.8,0.9,83.6,818.399030997
MLI,Mali,2012,25.6,0.9,81.2,786.323471337
MLI,Mali,2013,32.4,0.9,84.8,788.819448209
MLI,Mali,2014,34.2,1,84.6,813.975661286
MLI,Mali,2015,37.6,1,81.2,838.119869401
MLI,Mali,2016,38.8,1,77.9,860.753075546
MLI,Mali,2017,34.8,1,77,878.561348378
MLI,Mali,2018,50.9,1,77.2,892.978322787
MLI,Mali,2019,47.9,1.1,74.9,909.751069707
MLI,Mali,2020,50.6,1.2,72.8,872.389426815
MLI,Mali,2021,53.4,1.2,71.2,872.332509422
MLI,Mali,2022,53,1.3,71.1,877.817842435
MLI,Mali,2023,54.5,1.3,,892.689219532
MLT,Malta,2000,100,100,0,17178.369362117
MLT,Malta,2001,100,100,0,16920.722974351
MLT,Malta,2002,100,100,0.1,17255.421770973
MLT,Malta,2003,100,100,0.1,17775.418093655
MLT,Malta,2004,100,100,0.1,17728.357605098
MLT,Malta,2005,100,100,0.1,18123.260187335
MLT,Malta,2006,100,100,0.2,18479.204378515
MLT,Malta,2007,100,100,0.2,19342.316278394
MLT,Malta,2008,100,100,0.2,20064.451789555
MLT,Malta,2009,100,100,0.3,19635.906718673
MLT,Malta,2010,100,100,1.2,20750.638247757
MLT,Malta,2011,100,100,2,20867.921302208
MLT,Malta,2012,100,100,2.7,21529.388264378
MLT,Malta,2013,100,100,3.2,22626.487684389
MLT,Malta,2014,100,100,4.5,23866.055583356
MLT,Malta,2015,100,100,6,25529.669321067
MLT,Malta,2016,100,100,9.2,25969.499980934
MLT,Malta,2017,100,100,7.3,28546.646494310
MLT,Malta,2018,100,100,7.6,29536.791386895
MLT,Malta,2019,100,100,7.4,29522.648016503
MLT,Malta,2020,100,100,9.2,27861.80732148
MLT,Malta,2021,100,100,8.6,31419.503171469
MLT,Malta,2022,100,100,,31447.391731542
MLT,Malta,2023,100,100,,33429.817209234
MMR,Myanmar,2000,41.9,1.7,80.2,298.590464506
MMR,Myanmar,2001,43,2,82.5,328.973872709
MMR,Myanmar,2002,47,2.3,83,364.855800192
MMR,Myanmar,2003,45.1,2.8,79.9,411.498764122
MMR,Myanmar,2004,46.2,3.3,80.2,463.330135715
MMR,Myanmar,2005,47.3,3.9,79.6,522.099544785
MMR,Myanmar,2006,48.4,4.6,81.3,586.085579927
MMR,Myanmar,2007,49.5,5.5,80.5,651.729730890
MMR,Myanmar,2008,50.6,6.6,85.6,714.620419017
MMR,Myanmar,2009,51.8,7.8,85.8,785.634853158
MMR,Myanmar,2010,48.8,9.3,84.6,854.932478016
MMR,Myanmar,2011,54.1,11.1,83.8,895.512538750
MMR,Myanmar,2012,55.3,13,78.1,953.123081923
MMR,Myanmar,2013,56.5,15.6,75.6,1024.690604733
MMR,Myanmar,2014,52,18.3,72,1099.243877501
MMR,Myanmar,2015,60.5,21.1,70,1166.733055463
MMR,Myanmar,2016,55.6,24.4,68.8,1225.379139710
MMR,Myanmar,2017,69.8,28,59.5,1290.564090257
MMR,Myanmar,2018,66.1,31.7,59.4,1361.568312641
MMR,Myanmar,2019,68.3,35.9,58.5,1440.989882367
MMR,Myanmar,2020,70.4,40.1,59.2,1301.313863507
MMR,Myanmar,2021,72.5,44.5,62.9,1136.995660541
MMR,Myanmar,2022,73.7,48.9,,1174.766979458
MMR,Myanmar,2023,76.8,53.5,,1177.766496456
MNE,Montenegro,2000,99.1,66.85,,4391.367535818
MNE,Montenegro,2001,99.1,66.9,,4421.837900752
MNE,Montenegro,2002,99,66.8,,4488.005067870
MNE,Montenegro,2003,99,66.8,,4581.104850110
MNE,Montenegro,2004,99,66.4,,4775.396615994
MNE,Montenegro,2005,99.8,65.9,47.6,4967.682850961
MNE,Montenegro,2006,99,65.4,44.8,5386.535807280
MNE,Montenegro,2007,99,64.7,42.3,5763.037652442
MNE,Montenegro,2008,99,64.2,38.8,6149.682692289
MNE,Montenegro,2009,99.1,63.7,49.2,5768.654385056
MNE,Montenegro,2010,99.2,63.3,49.1,5917.915107300
MNE,Montenegro,2011,99,62.8,42.8,6110.657268802
MNE,Montenegro,2012,99.3,62.4,45.9,5948.376325390
MNE,Montenegro,2013,99.7,62.3,49.3,6138.248652752
MNE,Montenegro,2014,97.7,62,46,6272.088217614
MNE,Montenegro,2015,99.5,61.9,43,6421.000057314
MNE,Montenegro,2016,99.6,61.6,43.9,6634.381972010
MNE,Montenegro,2017,100,61.8,37.8,6840.908341012
MNE,Montenegro,2018,100,61.6,40.6,7159.467784333
MNE,Montenegro,2019,100,61.5,38.7,7470.292375686
MNE,Montenegro,2020,99.9,61.5,39.6,6351.951879493
MNE,Montenegro,2021,99.8,61.7,39.6,7198.301226544
MNE,Montenegro,2022,100,61.9,,7773.599587911
MNE,Montenegro,2023,100,61.4,,8278.024610063
MNG,Mongolia,2000,67.3,22.2,5.7,1598.312820406
MNG,Mongolia,2001,71.7,23,6.1,1625.461522595
MNG,Mongolia,2002,72.8,23.7,6.5,1680.653353376
MNG,Mongolia,2003,76.3,24.7,6.1,1775.649066761
MNG,Mongolia,2004,74.8,25.8,5.8,1942.362636940
MNG,Mongolia,2005,86.2,26.9,5.3,2060.261682232
MNG,Mongolia,2006,77,28,4.5,2209.743217876
MNG,Mongolia,2007,78.1,29.7,4.7,2403.724162587
MNG,Mongolia,2008,79.2,31.3,4.7,2576.712958386
MNG,Mongolia,2009,80.3,33.1,4.4,2498.729674933
MNG,Mongolia,2010,78.5,34.9,4.5,2611.673265639
MNG,Mongolia,2011,72.1,36.7,4,3010.816426726
MNG,Mongolia,2012,83.7,38.6,3,3318.164965971
MNG,Mongolia,2013,81.2,40.1,3,3628.907080696
MNG,Mongolia,2014,86,41.9,3.3,3830.358920496
MNG,Mongolia,2015,88,43.8,3.5,3838.921269900
MNG,Mongolia,2016,90.8,45.6,3.4,3817.919627167
MNG,Mongolia,2017,93.6,47.2,1.8,3956.204943713
MNG,Mongolia,2018,98.1,48.9,2.1,4183.855664477
MNG,Mongolia,2019,98.9,50.3,2.3,4337.816708543
MNG,Mongolia,2020,99.5,51.8,2.9,4066.034108828
MNG,Mongolia,2021,100,53.1,3,4063.536698492
MNG,Mongolia,2022,100,54.3,,4205.885545136
MNG,Mongolia,2023,100,55.8,,4456.536275527
MNP,Northern Mariana Islands,2000,100,,0,
MNP,Northern Mariana Islands,2001,100,,0,
MNP,Northern Mariana Islands,2002,99.9,,0,24066.536157345
MNP,Northern Mariana Islands,2003,99.9,,0,24650.040553191
MNP,Northern Mariana Islands,2004,99.8,,0,24445.461844192
MNP,Northern Mariana Islands,2005,99.8,,0,21882.292793541
MNP,Northern Mariana Islands,2006,99.7,,0,20940.161977043
MNP,Northern Mariana Islands,2007,100,,0,20117.703733523
MNP,Northern Mariana Islands,2008,100,,0,18451.390545879
MNP,Northern Mariana Islands,2009,100,,0,15710.580728204
MNP,Northern Mariana Islands,2010,100,,0,16293.305949626
MNP,Northern Mariana Islands,2011,100,,0,15226.130880511
MNP,Northern Mariana Islands,2012,100,,0,15457.425819225
MNP,Northern Mariana Islands,2013,100,,0,16015.034916434
MNP,Northern Mariana Islands,2014,100,,0,16869.527038564
MNP,Northern Mariana Islands,2015,100,,0,17665.100749311
MNP,Northern Mariana Islands,2016,100,,0,23158.574498854
MNP,Northern Mariana Islands,2017,100,,0,28989.347022134
MNP,Northern Mariana Islands,2018,100,,0,23756.607582025
MNP,Northern Mariana Islands,2019,100,,0,21451.440163651
MNP,Northern Mariana Islands,2020,100,,0.3,15410.118692394
MNP,Northern Mariana Islands,2021,100,,0.5,16365.016735395
MNP,Northern Mariana Islands,2022,100,,0.5,19461.861112974
MNP,Northern Mariana Islands,2023,100,,,
MOZ,Mozambique,2000,6.1,1.9,93.6,287.390630344
MOZ,Mozambique,2001,5.7,2,93,317.185703581
MOZ,Mozambique,2002,8.4,2.1,93.2,340.135370223
MOZ,Mozambique,2003,8.1,2.2,92.7,356.521157404
MOZ,Mozambique,2004,10.7,2.3,92.9,377.064958085
MOZ,Mozambique,2005,11.8,2.4,93.7,391.699758164
MOZ,Mozambique,2006,13,2.5,93.1,420.526462765
MOZ,Mozambique,2007,12.4,2.6,87.5,442.049574058
MOZ,Mozambique,2008,13.6,2.7,88.1,460.947294857
MOZ,Mozambique,2009,15,2.9,86.1,475.788178051
MOZ,Mozambique,2010,18.9,3.1,84.9,494.162859075
MOZ,Mozambique,2011,20.2,3.3,85.4,514.869957192
MOZ,Mozambique,2012,21.2,3.6,84.5,540.294517780
MOZ,Mozambique,2013,22.4,3.7,83.1,559.393953686
MOZ,Mozambique,2014,24.8,4.1,81.2,585.266716134
MOZ,Mozambique,2015,24,4.3,80.1,610.563774707
MOZ,Mozambique,2016,26.2,4.5,77.4,620.779714955
MOZ,Mozambique,2017,24.3,4.9,78.2,618.397694360
MOZ,Mozambique,2018,31.1,5.2,79,621.153734195
MOZ,Mozambique,2019,29.7,5.6,77.5,617.139320002
MOZ,Mozambique,2020,30.6,6.1,80.2,591.804059986
MOZ,Mozambique,2021,31.5,6.5,76.9,588.215854695
MOZ,Mozambique,2022,33.2,6.9,,596.086630919
MOZ,Mozambique,2023,36,7.4,,610.591041612
MRT,Mauritania,2000,19.1,29.8,44.4,1307.910786761
MRT,Mauritania,2001,22.2,31.3,44.2,1265.816943359
MRT,Mauritania,2002,21.7,32.9,42.1,1255.237854656
MRT,Mauritania,2003,23,34.4,40.2,1311.839282907
MRT,Mauritania,2004,24.3,35.7,38.6,1342.019260870
MRT,Mauritania,2005,18.2,37,38.8,1422.083553958
MRT,Mauritania,2006,27,38,39.1,1641.140522110
MRT,Mauritania,2007,33,39,35.6,1567.521038748
MRT,Mauritania,2008,30,39.8,35.8,1518.056719937
MRT,Mauritania,2009,31.1,40.35,33.4,1472.732292829
MRT,Mauritania,2010,34.2,41.1,34,1463.847632425
MRT,Mauritania,2011,35.3,41.8,33.3,1476.239238679
MRT,Mauritania,2012,36.4,42.6,31.9,1492.699666926
MRT,Mauritania,2013,37.6,42.9,35.1,1506.664190330
MRT,Mauritania,2014,38.8,43.8,31,1524.453409695
MRT,Mauritania,2015,39.5,44.4,28.3,1558.842054734
MRT,Mauritania,2016,41.2,44.9,31.7,1531.877256617
MRT,Mauritania,2017,42.9,45.5,25.5,1580.014531001
MRT,Mauritania,2018,43.6,46.1,21.6,1606.915391590
MRT,Mauritania,2019,44.9,46.8,21.2,1609.153961706
MRT,Mauritania,2020,45.4,47.5,20.9,1557.195118752
MRT,Mauritania,2021,47.7,48.1,22.1,1524.117535023
MRT,Mauritania,2022,49,48.9,19.6,1580.703915287
MRT,Mauritania,2023,50.3,49.4,,1638.992215830
MUS,Mauritius,2000,99,92.7,20.4,5724.495843958
MUS,Mauritius,2001,99.2,93.7,20.1,5869.569615654
MUS,Mauritius,2002,99.4,94.4,17.9,5923.094820666
MUS,Mauritius,2003,99.1,95,18.9,6228.825455607
MUS,Mauritius,2004,99,95.6,19.1,6457.909777611
MUS,Mauritius,2005,99,96,17.6,6533.899943007
MUS,Mauritius,2006,99,96.4,16.4,6819.927085803
MUS,Mauritius,2007,99,96.7,15.7,7180.231731975
MUS,Mauritius,2008,99,97.2,12.7,7545.156837891
MUS,Mauritius,2009,99,97.4,12.8,7778.258113312
MUS,Mauritius,2010,99.4,97.6,12.8,8100.952825995
MUS,Mauritius,2011,99.6,97.8,12,8423.282202509
MUS,Mauritius,2012,99.4,98.1,11.4,8694.845607480
MUS,Mauritius,2013,99.4,98.3,11.4,8968.512435368
MUS,Mauritius,2014,99.5,98.4,10.6,9297.648201290
MUS,Mauritius,2015,99.6,98.5,11.5,9630.543783751
MUS,Mauritius,2016,99.7,98.6,10.3,9997.891983155
MUS,Mauritius,2017,99.6,98.7,9.4,10383.883268258
MUS,Mauritius,2018,99.8,98.8,9.2,10805.461521374
MUS,Mauritius,2019,100,98.9,8.9,11111.342366953
MUS,Mauritius,2020,99.5,99,9.4,9533.598279605
MUS,Mauritius,2021,99.6,99,8.6,9849.348911218
MUS,Mauritius,2022,100,99.1,,10703.236427146
MUS,Mauritius,2023,100,99.1,,11330.733565577
MWI,Malawi,2000,4.8,2.1,82.6,418.592985038
MWI,Malawi,2001,5.2,2.1,83.1,388.260039764
MWI,Malawi,2002,5.6,2,83.3,385.308980237
MWI,Malawi,2003,6.2,2.1,82.8,397.224846759
MWI,Malawi,2004,6.9,2.1,82.4,408.064916053
MWI,Malawi,2005,6.6,2.2,83.2,410.267979593
MWI,Malawi,2006,3.7,2.2,82.8,417.877689777
MWI,Malawi,2007,7.4,2.2,82.2,445.254305420
MWI,Malawi,2008,7.8,2.3,80.4,465.551472980
MWI,Malawi,2009,8.3,2.3,80,489.631418790
MWI,Malawi,2010,8.7,2.4,81.2,508.088650553
MWI,Malawi,2011,7.6,2.4,80.2,517.833736624
MWI,Malawi,2012,7.4,2.3,80.2,512.740317975
MWI,Malawi,2013,9,2.3,79.8,525.357645517
MWI,Malawi,2014,11.9,2.2,82.8,539.562601918
MWI,Malawi,2015,10.8,2.2,81,539.605363241
MWI,Malawi,2016,11,2.1,78.9,538.221990811
MWI,Malawi,2017,12.7,2.1,76.9,544.795729220
MWI,Malawi,2018,18,1.9,73.2,553.528790902
MWI,Malawi,2019,11.2,1.9,70.9,569.866249372
MWI,Malawi,2020,11.5,1.8,71.5,559.447086086
MWI,Malawi,2021,14.2,1.7,71.1,569.968967322
MWI,Malawi,2022,14,1.6,62.9,560.635759715
MWI,Malawi,2023,15.6,1.5,,557.035239658
MYS,Malaysia,2000,98.6,97.9,4.4,6455.614197926
MYS,Malaysia,2001,98.6,98.1,4.2,6334.927956517
MYS,Malaysia,2002,98.6,98.1,3.5,6516.906715602
MYS,Malaysia,2003,98.7,98.2,3.3,6732.920494581
MYS,Malaysia,2004,98.7,98.1,3.2,7025.345580044
MYS,Malaysia,2005,98.7,97.9,3,7234.024426891
MYS,Malaysia,2006,98.8,97.8,3.1,7469.810692121
MYS,Malaysia,2007,98.9,97.7,2.8,7769.596933505
MYS,Malaysia,2008,99,97.2,3,7976.117853748
MYS,Malaysia,2009,99.3,97,2.3,7700.461112940
MYS,Malaysia,2010,99.5,96.5,2,8118.922705120
MYS,Malaysia,2011,99.5,96.2,2.2,8400.322486836
MYS,Malaysia,2012,99.8,95.4,2.5,8710.526713599
MYS,Malaysia,2013,99.6,94.5,2.8,8964.807248962
MYS,Malaysia,2014,99.7,94,3,9341.730559713
MYS,Malaysia,2015,99.9,93.1,3.4,9648.679793752
MYS,Malaysia,2016,99.9,91.9,4.4,9901.479601798
MYS,Malaysia,2017,100,90.9,5.2,10293.762920536
MYS,Malaysia,2018,100,89.65,5.3,10610.195024048
MYS,Malaysia,2019,100,88.6,5.7,10902.983485586
MYS,Malaysia,2020,100,87.55,7,10171.465784276
MYS,Malaysia,2021,100,86.4,7.5,10388.266712086
MYS,Malaysia,2022,100,85.3,,11191.651175694
MYS,Malaysia,2023,100,83.8,,11445.392527508
NAM,Namibia,2000,36.5,34,34.8,3083.596578847
NAM,Namibia,2001,36,34.7,30.4,3055.404448319
NAM,Namibia,2002,36.9,35.2,33.8,3145.945662812
NAM,Namibia,2003,37.8,35.8,33.3,3232.305896589
NAM,Namibia,2004,38.7,36.5,34.8,3582.895032597
NAM,Namibia,2005,39.6,37.4,34.6,3627.750597723
NAM,Namibia,2006,40.5,37.9,35.8,3834.998946662
NAM,Namibia,2007,43.7,38.7,36.5,3987.617961066
NAM,Namibia,2008,42.4,39.4,32.5,4036.381874847
NAM,Namibia,2009,44.1,40.2,33.4,3989.207113877
NAM,Namibia,2010,44.4,40.7,31.2,4165.129902010
NAM,Namibia,2011,42.3,41.2,31.6,4302.724513685
NAM,Namibia,2012,46.4,42,31.9,4420.967413739
NAM,Namibia,2013,47.4,42.8,30.7,4549.267590939
NAM,Namibia,2014,48.4,43.5,30.2,4701.956941891
NAM,Namibia,2015,51.6,44.1,29.3,4774.106508658
NAM,Namibia,2016,49.7,44.8,29.2,4648.627134602
NAM,Namibia,2017,52.5,45.4,30.2,4476.733244021
NAM,Namibia,2018,52.3,45.7,30.9,4400.475377057
NAM,Namibia,2019,53.3,46.4,30.2,4243.092744820
NAM,Namibia,2020,52.3,46.9,31.2,3787.499439733
NAM,Namibia,2021,55.2,47.5,30,3809.807533597
NAM,Namibia,2022,56.2,47.7,,3905.551352682
NAM,Namibia,2023,56.7,48,,3973.490105800
NCL,New Caledonia,2000,100,,7.5,
NCL,New Caledonia,2001,100,,6.7,
NCL,New Caledonia,2002,100,,5.3,
NCL,New Caledonia,2003,100,,4.9,
NCL,New Caledonia,2004,100,,5.2,
NCL,New Caledonia,2005,100,,5.1,
NCL,New Caledonia,2006,100,,4.5,
NCL,New Caledonia,2007,100,,5.8,
NCL,New Caledonia,2008,100,,7.8,
NCL,New Caledonia,2009,100,,7,
NCL,New Caledonia,2010,100,,4.8,
NCL,New Caledonia,2011,100,,5.9,
NCL,New Caledonia,2012,100,,6.2,
NCL,New Caledonia,2013,100,,6.6,
NCL,New Caledonia,2014,100,,4.3,
NCL,New Caledonia,2015,100,,5.1,30858.723706053
NCL,New Caledonia,2016,100,,3.7,
NCL,New Caledonia,2017,100,,5.1,
NCL,New Caledonia,2018,100,,4.6,
NCL,New Caledonia,2019,100,,5.2,
NCL,New Caledonia,2020,100,,6.1,
NCL,New Caledonia,2021,100,,8.3,
NCL,New Caledonia,2022,100,,9.6,
NCL,New Caledonia,2023,100,,,
NER,Niger,2000,6.5,0.9,87.6,392.898616941
NER,Niger,2001,8.4,0.9,87.7,406.923493665
NER,Niger,2002,8.8,0.9,87.7,412.123793193
NER,Niger,2003,9.3,1,87,406.333757498
NER,Niger,2004,9.7,1,87,393.398781453
NER,Niger,2005,7.1,1,87.5,407.190931060
NER,Niger,2006,9.3,1.1,87.4,415.852022115
NER,Niger,2007,11.2,1.1,86.2,413.419126261
NER,Niger,2008,11.8,1.2,86.1,429.195542799
NER,Niger,2009,12.3,1.3,83.2,421.650901333
NER,Niger,2010,13.6,1.4,80.7,441.079166112
NER,Niger,2011,14.3,1.5,77.2,434.986264874
NER,Niger,2012,14.4,1.6,72.7,463.066265496
NER,Niger,2013,15.2,1.7,78.7,469.690214201
NER,Niger,2014,15.7,1.9,78.1,482.745247419
NER,Niger,2015,16.6,2.2,78.9,485.662574175
NER,Niger,2016,17,2.3,80.2,488.184823802
NER,Niger,2017,17.6,2.6,82,497.172608330
NER,Niger,2018,17.6,3,82,513.423699765
NER,Niger,2019,18.5,3.4,80.7,526.603617461
NER,Niger,2020,18.7,3.8,81.9,532.208221197
NER,Niger,2021,18.6,4.1,79.6,520.912751008
NER,Niger,2022,19.5,4.5,,565.873385794
NER,Niger,2023,20.1,5.1,,561.960694712
NGA,Nigeria,2000,43.2,0.7,86,1421.679879520
NGA,Nigeria,2001,43.9,0.7,84.5,1465.457203424
NGA,Nigeria,2002,44.6,0.7,84.5,1644.395188777
NGA,Nigeria,2003,52.2,0.8,82.9,1717.214511117
NGA,Nigeria,2004,46.1,0.9,84,1824.802694568
NGA,Nigeria,2005,46.8,0.9,83.9,1889.251753258
NGA,Nigeria,2006,47.6,1,85.8,1949.158568046
NGA,Nigeria,2007,50.1,1.1,87.1,2020.833162994
NGA,Nigeria,2008,50.3,1.3,85.7,2098.283392207
NGA,Nigeria,2009,50,1.5,88.1,2204.607256038
NGA,Nigeria,2010,48,1.8,86,2315.466765096
NGA,Nigeria,2011,55.9,2.2,84.1,2370.976570919
NGA,Nigeria,2012,53,2.7,83.9,2403.653878970
NGA,Nigeria,2013,55.6,3.4,81.4,2495.341065739
NGA,Nigeria,2014,54.2,4.3,79.9,2583.615569582
NGA,Nigeria,2015,52.5,5.7,81.3,2585.733606718
NGA,Nigeria,2016,59.3,7.4,81.1,2481.814903504
NGA,Nigeria,2017,54.4,9.7,81.6,2441.712364045
NGA,Nigeria,2018,56.5,12.5,80.8,2431.778578326
NGA,Nigeria,2019,55.4,15.7,80.1,2431.535284759
NGA,Nigeria,2020,55.4,18.9,81.8,2228.686314265
NGA,Nigeria,2021,59.5,21.85,80.3,2206.664062556
NGA,Nigeria,2022,60.5,24.4,,2254.290804146
NGA,Nigeria,2023,61.2,26.2,,2280.677771672
NIC,Nicaragua,2000,73,33.9,58.4,1458.374900846
NIC,Nicaragua,2001,72.2,34.9,56.7,1482.315172473
NIC,Nicaragua,2002,74.1,36.2,54.7,1475.486354112
NIC,Nicaragua,2003,74.6,37.2,51.5,1494.956187526
NIC,Nicaragua,2004,75.2,38.1,51.2,1555.874256948
NIC,Nicaragua,2005,73.8,39.2,52.8,1601.487707075
NIC,Nicaragua,2006,76.3,40,53.3,1644.371935653
NIC,Nicaragua,2007,76.9,41.1,52.6,1703.207802994
NIC,Nicaragua,2008,77.5,42.1,53.8,1736.657406104
NIC,Nicaragua,2009,77.9,43.2,54.6,1655.720289624
NIC,Nicaragua,2010,80.1,44.6,54.4,1704.378750491
NIC,Nicaragua,2011,81.2,45.7,53.3,1786.628634183
NIC,Nicaragua,2012,81.3,47,53.3,1876.175972015
NIC,Nicaragua,2013,81.9,48.3,54.3,1941.456285526
NIC,Nicaragua,2014,81.9,49.7,53,2006.648696465
NIC,Nicaragua,2015,83.2,51.1,50,2074.456206347
NIC,Nicaragua,2016,83.9,52.3,49.5,2140.144059416
NIC,Nicaragua,2017,84.6,53.6,48.9,2209.632734232
NIC,Nicaragua,2018,85.2,54.6,51.3,2107.339626162
NIC,Nicaragua,2019,85.7,55.8,50.5,2019.915186200
NIC,Nicaragua,2020,86,56.8,52.2,1950.191812185
NIC,Nicaragua,2021,86.3,57.7,50.4,2128.308800413
NIC,Nicaragua,2022,86.5,58.6,,2175.738458939
NIC,Nicaragua,2023,88.3,59.6,,2241.122881116
NLD,Netherlands,2000,100,100,1.7,40665.300021159
NLD,Netherlands,2001,100,100,1.8,41297.284710124
NLD,Netherlands,2002,100,100,1.9,41135.402035386
NLD,Netherlands,2003,100,100,1.9,40981.839972092
NLD,Netherlands,2004,100,100,2.2,41663.129034457
NLD,Netherlands,2005,100,100,2.7,42411.348086281
NLD,Netherlands,2006,100,100,3.1,43841.091581857
NLD,Netherlands,2007,100,100,3.7,45445.542186196
NLD,Netherlands,2008,100,100,3.9,46227.198754551
NLD,Netherlands,2009,100,100,4.4,44304.404194868
NLD,Netherlands,2010,100,100,3.9,44659.279390147
NLD,Netherlands,2011,100,100,4.7,45239.719874559
NLD,Netherlands,2012,100,100,4.9,44631.885563324
NLD,Netherlands,2013,100,100,5,44487.037859339
NLD,Netherlands,2014,100,100,5.6,45042.051590744
NLD,Netherlands,2015,100,100,5.8,45793.813543470
NLD,Netherlands,2016,100,100,5.6,46655.034026475
NLD,Netherlands,2017,100,100,6.4,47670.085810183
NLD,Netherlands,2018,100,100,7.4,48463.005560873
NLD,Netherlands,2019,100,100,8.6,49254.024789064
NLD,Netherlands,2020,100,100,10.7,47086.567475550
NLD,Netherlands,2021,100,100,12.2,49780.832835254
NLD,Netherlands,2022,100,100,,51777.531482828
NLD,Netherlands,2023,100,100,,50960.781030531
NOR,Norway,2000,100,100,60.2,67611.341102186
NOR,Norway,2001,100,100,59.6,68725.404316280
NOR,Norway,2002,100,100,59.5,69352.043051001
NOR,Norway,2003,100,100,56.2,69702.361157641
NOR,Norway,2004,100,100,56.9,72292.120897884
NOR,Norway,2005,100,100,58.6,73933.744623526
NOR,Norway,2006,100,100,57,75428.881653408
NOR,Norway,2007,100,100,57.4,77205.754598401
NOR,Norway,2008,100,100,58.5,76876.870502801
NOR,Norway,2009,100,100,56.7,74688.753144537
NOR,Norway,2010,100,100,56,74505.431358634
NOR,Norway,2011,100,100,56,74563.834908567
NOR,Norway,2012,100,100,56.9,75669.061271972
NOR,Norway,2013,100,100,56.6,75711.241039526
NOR,Norway,2014,100,100,55.8,76430.737497469
NOR,Norway,2015,100,100,56.5,77220.952431141
NOR,Norway,2016,100,100,57.7,77532.275002267
NOR,Norway,2017,100,100,58.9,78961.775790617
NOR,Norway,2018,100,100,58.9,79313.288943404
NOR,Norway,2019,100,100,59.8,79937.509788591
NOR,Norway,2020,100,100,60.9,78387.043502310
NOR,Norway,2021,100,100,61.4,81199.339149214
NOR,Norway,2022,100,100,,83756.738380506
NOR,Norway,2023,100,100,,83100.794464587
NPL,Nepal,2000,29.9,5,88.3,547.221082274
NPL,Nepal,2001,24.6,6.5,87.8,564.286229204
NPL,Nepal,2002,36.4,8,90,556.438454539
NPL,Nepal,2003,39.6,9.7,89.4,570.289673634
NPL,Nepal,2004,37.2,11.4,90.3,589.469928686
NPL,Nepal,2005,46.1,13.3,89.5,603.190108571
NPL,Nepal,2006,51.2,15,91.2,617.477638589
NPL,Nepal,2007,52.6,16.8,91.3,633.226129137
NPL,Nepal,2008,56,18.6,90.5,666.865095417
NPL,Nepal,2009,59.3,20,88.9,692.400000817
NPL,Nepal,2010,68.6,21.7,87.3,721.265221364
NPL,Nepal,2011,67.3,23.5,87,742.617252663
NPL,Nepal,2012,75.2,25.1,84.7,775.310578480
NPL,Nepal,2013,77.4,26.8,86,801.039060848
NPL,Nepal,2014,84.9,28.4,84,846.665541774
NPL,Nepal,2015,82,30.1,85.2,875.543635475
NPL,Nepal,2016,90.7,31.8,79.4,875.188943731
NPL,Nepal,2017,86.6,33.4,76.8,951.857298564
NPL,Nepal,2018,93.9,35.1,75,1021.914922040
NPL,Nepal,2019,89.9,36.6,78.2,1077.117964982
NPL,Nepal,2020,89.9,38.3,73.1,1031.536187839
NPL,Nepal,2021,89.9,39.9,73.7,1062.788843063
NPL,Nepal,2022,91.3,41.1,,1113.554623412
NPL,Nepal,2023,94,42.7,,1136.427693120
NRU,Nauru,2000,99.1,100,0,6079.967006250
NRU,Nauru,2001,99,100,0,5690.157298319
NRU,Nauru,2002,99,100,0,5147.162016962
NRU,Nauru,2003,99,100,0,5173.612287820
NRU,Nauru,2004,99,100,0,4949.890969221
NRU,Nauru,2005,99,100,0,4955.309299469
NRU,Nauru,2006,99,100,0.1,5382.101618691
NRU,Nauru,2007,99.8,100,0.1,4199.705081417
NRU,Nauru,2008,99.1,100,0.1,5045.184723645
NRU,Nauru,2009,99.1,100,0,4761.566583923
NRU,Nauru,2010,99.2,100,0,4748.765399241
NRU,Nauru,2011,99,100,0,5417.444879238
NRU,Nauru,2012,99.4,100,0.1,6626.183170729
NRU,Nauru,2013,99.4,100,0.1,6735.421280619
NRU,Nauru,2014,99.5,100,0,7638.990652189
NRU,Nauru,2015,99,100,0.1,7747.255849936
NRU,Nauru,2016,99.7,100,0.2,7925.577966205
NRU,Nauru,2017,99.8,100,0.6,7308.317585165
NRU,Nauru,2018,99.9,100,0.7,7149.781091384
NRU,Nauru,2019,100,100,0.6,7687.196433225
NRU,Nauru,2020,100,100,1.3,7770.698837840
NRU,Nauru,2021,100,100,1.6,8325.882146634
NRU,Nauru,2022,100,100,1.9,8260.973989911
NRU,Nauru,2023,100,100,,8150.433962639
NZL,New Zealand,2000,100,100,26.4,30839.295386609
NZL,New Zealand,2001,100,100,24.6,31705.248353125
NZL,New Zealand,2002,100,100,26.6,32628.432259456
NZL,New Zealand,2003,100,100,25.9,33502.649075570
NZL,New Zealand,2004,100,100,28.2,34358.628904614
NZL,New Zealand,2005,100,100,26.8,35112.076948147
NZL,New Zealand,2006,100,100,27,35649.025849522
NZL,New Zealand,2007,100,100,27,36400.015330895
NZL,New Zealand,2008,100,100,26.1,35722.227426258
NZL,New Zealand,2009,100,100,28.5,35352.642845369
NZL,New Zealand,2010,100,100,29.4,35476.371360915
NZL,New Zealand,2011,100,100,30.3,35961.911959259
NZL,New Zealand,2012,100,100,28.8,36588.819747177
NZL,New Zealand,2013,100,100,28.3,37240.027916682
NZL,New Zealand,2014,100,100,29,38025.467499863
NZL,New Zealand,2015,100,100,29.3,38648.730256211
NZL,New Zealand,2016,100,100,30.1,39205.034129823
NZL,New Zealand,2017,100,100,28.4,39667.688423627
NZL,New Zealand,2018,100,100,28.9,40257.913926080
NZL,New Zealand,2019,100,100,28,40615.726694654
NZL,New Zealand,2020,100,100,28.7,39702.311209042
NZL,New Zealand,2021,100,100,28.9,41309.819845134
NZL,New Zealand,2022,100,100,,42716.086678303
NZL,New Zealand,2023,100,100,,42501.493204497
OMN,Oman,2000,100,100,0,19881.736431678
OMN,Oman,2001,100,100,0,20546.055407760
OMN,Oman,2002,100,100,0,20150.113197141
OMN,Oman,2003,100,100,0,19485.644150608
OMN,Oman,2004,100,100,0,19534.860144527
OMN,Oman,2005,99.9,100,0,19629.045154601
OMN,Oman,2006,99.9,100,0,20096.396557613
OMN,Oman,2007,100,100,0,20642.748956338
OMN,Oman,2008,100,100,0,22007.733896352
OMN,Oman,2009,100,100,0,22819.197732465
OMN,Oman,2010,100,100,0,22766.050362072
OMN,Oman,2011,100,100,0,20993.907943693
OMN,Oman,2012,100,100,0,19824.121548595
OMN,Oman,2013,100,100,0,19299.940051687
OMN,Oman,2014,100,100,0,18726.202694697
OMN,Oman,2015,100,100,0,18808.307792184
OMN,Oman,2016,100,100,0,18830.605720861
OMN,Oman,2017,100,100,0,18277.945563615
OMN,Oman,2018,100,100,0,18269.676943556
OMN,Oman,2019,100,100,0,18089.586668488
OMN,Oman,2020,100,100,0.1,17743.885880048
OMN,Oman,2021,100,100,0.1,18291.338798389
OMN,Oman,2022,100,100,,18792.446056531
OMN,Oman,2023,100,100,,17853.964489780
PAK,Pakistan,2000,72.8,23.4,51,1049.542296869
PAK,Pakistan,2001,73.9,24.6,51.5,1057.867677786
PAK,Pakistan,2002,74.9,25.8,51.4,1059.041710246
PAK,Pakistan,2003,76,26.8,50.1,1090.275239937
PAK,Pakistan,2004,77,27.9,47.9,1146.996328427
PAK,Pakistan,2005,78.1,29.3,48,1201.233593672
PAK,Pakistan,2006,79.1,30.3,47,1243.941426025
PAK,Pakistan,2007,80.2,31.7,44.9,1265.355675398
PAK,Pakistan,2008,81.4,33.2,46.6,1258.051889345
PAK,Pakistan,2009,82.5,34.3,46.4,1269.074321164
PAK,Pakistan,2010,87.1,35.6,47.4,1256.694822013
PAK,Pakistan,2011,87.8,36.6,46.8,1261.831619079
PAK,Pakistan,2012,88.6,38,47.2,1275.488068990
PAK,Pakistan,2013,89.3,39.2,48.1,1309.700804464
PAK,Pakistan,2014,90.1,40.3,47.2,1343.307781210
PAK,Pakistan,2015,91,41.8,45.9,1380.470208383
PAK,Pakistan,2016,91.8,43.4,43.7,1452.186582692
PAK,Pakistan,2017,92.7,44.5,42.1,1495.261875280
PAK,Pakistan,2018,93.4,46.1,43.4,1561.681698196
PAK,Pakistan,2019,93.9,47.9,45.9,1573.833082694
PAK,Pakistan,2020,94.5,49.5,42.7,1526.005974863
PAK,Pakistan,2021,94.9,51.3,41.6,1595.027921754
PAK,Pakistan,2022,95,53,,1642.280669748
PAK,Pakistan,2023,95.6,54.9,,1610.331228375
PAN,Panama,2000,81.4,100,27.7,6856.149190058
PAN,Panama,2001,81.5,100,24,6787.862678973
PAN,Panama,2002,82.1,100,28.7,6825.177474372
PAN,Panama,2003,87.8,100,27.4,7037.081657003
PAN,Panama,2004,83.4,100,28.2,7468.765931398
PAN,Panama,2005,84.1,100,22.8,7935.871350608
PAN,Panama,2006,84.8,100,22.1,8557.980177036
PAN,Panama,2007,85.5,100,22.8,9507.646410739
PAN,Panama,2008,86.3,100,23.4,10288.154991149
PAN,Panama,2009,87,100,20.4,10267.063315199
PAN,Panama,2010,86.8,100,20.6,10698.071763391
PAN,Panama,2011,88.6,100,19.7,11761.498854760
PAN,Panama,2012,89.3,100,21.2,12668.294547410
PAN,Panama,2013,89.1,100,20.7,13236.830675445
PAN,Panama,2014,90.8,100,19.8,13611.549080956
PAN,Panama,2015,91.6,100,22,14082.654850273
PAN,Panama,2016,92.4,100,22.1,14474.124363635
PAN,Panama,2017,93.7,100,23.6,15045.545642683
PAN,Panama,2018,93.8,100,24.5,15375.650085570
PAN,Panama,2019,93.9,100,19,15602.531520971
PAN,Panama,2020,95.3,100,28.5,12647.091422728
PAN,Panama,2021,95.3,100,28,14552.934527177
PAN,Panama,2022,95,100,,15956.067108787
PAN,Panama,2023,97,100,,16877.154342565
PER,Peru,2000,72.5,41.1,38.6,3286.273084755
PER,Peru,2001,72.1,45.15,41.2,3261.664250514
PER,Peru,2002,74.4,48.5,40.2,3398.749914193
PER,Peru,2003,74.4,51.7,40.9,3502.791656876
PER,Peru,2004,75.7,54.2,37.8,3640.602998697
PER,Peru,2005,77.2,56.5,38.4,3835.132192797
PER,Peru,2006,80.2,58.7,38.7,4091.362686156
PER,Peru,2007,82,60.6,36,4407.791216864
PER,Peru,2008,84.7,62.2,33.7,4778.526421723
PER,Peru,2009,86.4,64,32.9,4801.171537405
PER,Peru,2010,88.1,65.7,32.2,5167.392593259
PER,Peru,2011,89.7,67.4,30.6,5453.457187136
PER,Peru,2012,91.1,69.4,30.8,5740.043462725
PER,Peru,2013,92.1,71.3,28.4,6021.461427652
PER,Peru,2014,92.9,73.4,28.6,6103.918647500
PER,Peru,2015,93.9,75.8,27.4,6231.711503389
PER,Peru,2016,94.2,78.1,27.2,6392.254749410
PER,Peru,2017,94.8,80,27.6,6457.419402547
PER,Peru,2018,95.2,82.2,27.9,6593.144374595
PER,Peru,2019,95.6,84.4,27.1,6626.260834950
PER,Peru,2020,96.2,86.5,31.6,5831.830247585
PER,Peru,2021,95.6,88.4,30.6,6550.967475439
PER,Peru,2022,96.2,90.1,,6671.289020421
PER,Peru,2023,96.2,91.8,,6575.182955022
PHL,Philippines,2000,74.7,37.4,33.9,1793.347611464
PHL,Philippines,2001,75.7,38.6,32.9,1807.708925248
PHL,Philippines,2002,76.7,39.3,31.8,1837.254292869
PHL,Philippines,2003,76.6,39.9,30.9,1892.821619951
PHL,Philippines,2004,87.6,40.1,30.2,1978.344891331
PHL,Philippines,2005,79.8,40.3,31.3,2037.877660595
PHL,Philippines,2006,80.2,40.3,33.3,2110.420447813
PHL,Philippines,2007,82,40.1,32.4,2209.346510833
PHL,Philippines,2008,83.3,40,33.9,2264.946290729
PHL,Philippines,2009,84.3,40,34.1,2256.725548355
PHL,Philippines,2010,85.5,40.2,32.7,2373.143120647
PHL,Philippines,2011,87.2,40.7,33.8,2416.752120645
PHL,Philippines,2012,87.1,41.6,34.1,2533.741419650
PHL,Philippines,2013,87.5,42.4,33.1,2654.415069340
PHL,Philippines,2014,89.8,44,32.4,2776.920059095
PHL,Philippines,2015,89.1,45.1,30.8,2909.858180103
PHL,Philippines,2016,92,46.6,28.6,3076.337418676
PHL,Philippines,2017,93,48.5,27.8,3247.450387836
PHL,Philippines,2018,94.2,50.2,27.6,3410.936479761
PHL,Philippines,2019,95.3,51.8,26.9,3575.881709229
PHL,Philippines,2020,96.4,54,29.1,3198.666900084
PHL,Philippines,2021,97.5,55.6,28,3350.975875878
PHL,Philippines,2022,94.8,57.6,,3577.701365732
PHL,Philippines,2023,98,59.5,,3744.697638027
PLW,Palau,2000,97.9,100,0,12216.979362619
PLW,Palau,2001,98,100,0,12996.509036167
PLW,Palau,2002,98,100,0,13503.922717432
PLW,Palau,2003,98.1,100,0,13111.714200112
PLW,Palau,2004,98.1,100,0,13456.813768642
PLW,Palau,2005,98.9,100,0,13845.717232287
PLW,Palau,2006,98.3,100,0,14037.370652363
PLW,Palau,2007,98.4,100,0,14346.899583113
PLW,Palau,2008,98.5,100,0,13759.003412167
PLW,Palau,2009,98.6,100,0,13113.578666692
PLW,Palau,2010,98.8,100,0,12933.067610214
PLW,Palau,2011,98.9,100,0,13758.758738315
PLW,Palau,2012,97.6,100,0,14289.783389184
PLW,Palau,2013,99.2,100,0,14184.044952104
PLW,Palau,2014,99.8,100,0.3,14725.843643278
PLW,Palau,2015,99.5,100,0.4,15938.365222285
PLW,Palau,2016,100,100,0.6,16179.395962875
PLW,Palau,2017,100,100,0.6,15612.670018050
PLW,Palau,2018,100,100,0.6,15545.721937168
PLW,Palau,2019,100,100,0.9,15606.482763437
PLW,Palau,2020,100,100,0.9,14673.884597578
PLW,Palau,2021,100,100,0.9,12932.085706023
PLW,Palau,2022,100,100,0.9,12889.621605829
PLW,Palau,2023,100,100,,13070.794450215
PNG,Papua New Guinea,2000,12.4,5.4,66.4,1989.578822043
PNG,Papua New Guinea,2001,12.7,5.4,63.4,1920.780038894
PNG,Papua New Guinea,2002,13.1,5.6,62.5,1854.418317375
PNG,Papua New Guinea,2003,13.4,5.7,60.4,1832.678703144
PNG,Papua New Guinea,2004,13.8,5.8,57.5,1821.847410710
PNG,Papua New Guinea,2005,14.1,6,58.6,1875.822734805
PNG,Papua New Guinea,2006,12.4,6.2,58.9,1915.234940579
PNG,Papua New Guinea,2007,14.9,6.5,57.1,2000.972618669
PNG,Papua New Guinea,2008,15.3,6.9,56.9,1934.032015588
PNG,Papua New Guinea,2009,17.2,7.3,56,2003.241097270
PNG,Papua New Guinea,2010,19.5,7.6,55.2,2140.509390274
PNG,Papua New Guinea,2011,17.3,8,54.7,2102.031920606
PNG,Papua New Guinea,2012,17.5,8.2,55.5,2139.480966604
PNG,Papua New Guinea,2013,17.8,8.5,58.3,2162.105925956
PNG,Papua New Guinea,2014,18.1,8.7,56.9,2391.357802816
PNG,Papua New Guinea,2015,18.4,9,55.3,2484.596339860
PNG,Papua New Guinea,2016,13.5,9,54.8,2557.094630300
PNG,Papua New Guinea,2017,19.2,9.3,54.7,2584.888363627
PNG,Papua New Guinea,2018,16.6,9.5,53.4,2518.458993173
PNG,Papua New Guinea,2019,23.6,9.6,53.2,2572.561779679
PNG,Papua New Guinea,2020,20.5,9.8,53.6,2438.611379223
PNG,Papua New Guinea,2021,20.9,9.9,54.5,2378.389391467
PNG,Papua New Guinea,2022,19,10.2,54.6,2467.240086290
PNG,Papua New Guinea,2023,20.5,10.5,,2515.285750966
POL,Poland,2000,100,100,6.9,7401.576976478
POL,Poland,2001,100,100,7.3,7494.960895032
POL,Poland,2002,100,100,7.5,7640.993077578
POL,Poland,2003,99.9,100,7.3,7915.554243897
POL,Poland,2004,99.9,100,7.3,8323.387737546
POL,Poland,2005,99.8,100,7.2,8598.576812416
POL,Poland,2006,99.8,100,7.2,9137.658508498
POL,Poland,2007,99.8,100,7.3,9760.704260435
POL,Poland,2008,99.8,100,8,10187.201791088
POL,Poland,2009,100,100,8.8,10446.528913852
POL,Poland,2010,100,100,9.5,10808.397567424
POL,Poland,2011,100,100,10.4,11370.313427173
POL,Poland,2012,100,100,10.9,11542.235336801
POL,Poland,2013,100,100,11.4,11628.228680952
POL,Poland,2014,100,100,11.6,12093.162278739
POL,Poland,2015,100,100,11.9,12637.522032441
POL,Poland,2016,100,100,11.3,13026.185898872
POL,Poland,2017,100,100,11.1,13695.645284872
POL,Poland,2018,100,100,15.1,14551.085027709
POL,Poland,2019,100,100,15.6,15221.309062445
POL,Poland,2020,100,100,16.1,15090.222844011
POL,Poland,2021,100,100,15.2,16368.623968903
POL,Poland,2022,100,100,,17303.64494323
POL,Poland,2023,100,100,,17410.383013707
PRI,Puerto Rico (US),2000,100,,0.6,26131.963064358
PRI,Puerto Rico (US),2001,100,,0.5,27722.367187275
PRI,Puerto Rico (US),2002,100,,0.5,27940.382621973
PRI,Puerto Rico (US),2003,100,,0.5,27937.816592257
PRI,Puerto Rico (US),2004,100,,0.5,30375.789575824
PRI,Puerto Rico (US),2005,100,,0.6,29815.216422231
PRI,Puerto Rico (US),2006,100,,0.5,29519.738675973
PRI,Puerto Rico (US),2007,100,,0.5,29347.846004161
PRI,Puerto Rico (US),2008,100,,0.5,28976.131052016
PRI,Puerto Rico (US),2009,100,,0.5,28565.767919549
PRI,Puerto Rico (US),2010,100,,0.4,28569.507708800
PRI,Puerto Rico (US),2011,100,,0.7,28706.020751486
PRI,Puerto Rico (US),2012,100,,0.5,28968.694213135
PRI,Puerto Rico (US),2013,100,,1.4,29115.354916200
PRI,Puerto Rico (US),2014,100,,1.6,29141.203863982
PRI,Puerto Rico (US),2015,100,,1.9,29242.041465085
PRI,Puerto Rico (US),2016,100,,1.9,29326.574876187
PRI,Puerto Rico (US),2017,100,,2.3,29061.556380271
PRI,Puerto Rico (US),2018,100,,1.4,28808.851863803
PRI,Puerto Rico (US),2019,100,,2.4,29185.096996471
PRI,Puerto Rico (US),2020,100,,2.5,28144.713741876
PRI,Puerto Rico (US),2021,100,,2.6,28416.448937035
PRI,Puerto Rico (US),2022,100,,2.5,29643.639627999
PRI,Puerto Rico (US),2023,100,,,30012.905510946
PRK,"Korea, Dem. People's Rep.",2000,,1.3,8.7,
PRK,"Korea, Dem. People's Rep.",2001,,1.6,8.6,
PRK,"Korea, Dem. People's Rep.",2002,,1.8,9,
PRK,"Korea, Dem. People's Rep.",2003,,2.1,9.3,
PRK,"Korea, Dem. People's Rep.",2004,,2.5,9.4,
PRK,"Korea, Dem. People's Rep.",2005,,3,9.2,
PRK,"Korea, Dem. People's Rep.",2006,,3.4,9,
PRK,"Korea, Dem. People's Rep.",2007,,3.9,10.9,
PRK,"Korea, Dem. People's Rep.",2008,,4.5,10.2,
PRK,"Korea, Dem. People's Rep.",2009,26,5.1,10.4,
PRK,"Korea, Dem. People's Rep.",2010,29.3,5.7,11,
PRK,"Korea, Dem. People's Rep.",2011,31.4,6.2,14.8,
PRK,"Korea, Dem. People's Rep.",2012,33.6,6.8,15.4,
PRK,"Korea, Dem. People's Rep.",2013,35.7,7.3,20.8,
PRK,"Korea, Dem. People's Rep.",2014,37.8,8,18.5,
PRK,"Korea, Dem. People's Rep.",2015,40,8.7,22.6,
PRK,"Korea, Dem. People's Rep.",2016,42.1,9.3,24,
PRK,"Korea, Dem. People's Rep.",2017,44.2,9.9,10.2,
PRK,"Korea, Dem. People's Rep.",2018,46.3,10.7,11.9,
PRK,"Korea, Dem. People's Rep.",2019,48.4,11.4,10,
PRK,"Korea, Dem. People's Rep.",2020,50.5,12.1,11.2,
PRK,"Korea, Dem. People's Rep.",2021,52.6,13.1,14.7,
PRK,"Korea, Dem. People's Rep.",2022,54.7,13.6,,
PRK,"Korea, Dem. People's Rep.",2023,57.5,14.5,,
PRT,Portugal,2000,100,100,20.1,18822.093309294
PRT,Portugal,2001,100,100,20.8,19053.089945659
PRT,Portugal,2002,100,100,18.3,19095.110247740
PRT,Portugal,2003,100,100,22.1,18846.541189363
PRT,Portugal,2004,100,100,19.9,19137.837089895
PRT,Portugal,2005,100,100,18.1,19251.71450683
PRT,Portugal,2006,100,100,22.3,19529.312210048
PRT,Portugal,2007,100,100,23.1,19979.570628079
PRT,Portugal,2008,100,100,23.2,20014.474933000
PRT,Portugal,2009,100,100,24.9,19371.131887686
PRT,Portugal,2010,100,100,27.8,19698.683679140
PRT,Portugal,2011,100,100,27.2,19389.639589616
PRT,Portugal,2012,100,100,25.5,18679.762678959
PRT,Portugal,2013,100,100,30.2,18597.721462396
PRT,Portugal,2014,100,100,30.5,18836.896797891
PRT,Portugal,2015,100,100,27.2,19215.781301435
PRT,Portugal,2016,100,100,29,19662.82312462
PRT,Portugal,2017,100,100,24.4,20364.196273595
PRT,Portugal,2018,100,100,27.5,20997.774598701
PRT,Portugal,2019,100,100,28.2,21569.187475292
PRT,Portugal,2020,100,100,31.3,19778.713952572
PRT,Portugal,2021,100,100,32.3,20747.699073416
PRT,Portugal,2022,100,100,,22042.868028365
PRT,Portugal,2023,100,100,,22417.163406091
PRY,Paraguay,2000,89.6,48,70.4,4074.489533204
PRY,Paraguay,2001,91,48,69.8,3972.884278667
PRY,Paraguay,2002,91.7,48.2,67.7,3916.440223087
PRY,Paraguay,2003,92.6,48.7,67,4035.718339199
PRY,Paraguay,2004,93.2,49.2,66.8,4151.345847994
PRY,Paraguay,2005,94.7,50.2,68.8,4193.280865256
PRY,Paraguay,2006,96.7,51.2,66.5,4349.311970662
PRY,Paraguay,2007,96.5,52.8,68.4,4540.382358992
PRY,Paraguay,2008,96.7,54.2,65.8,4788.663187779
PRY,Paraguay,2009,96.9,55.6,65.4,4727.596858114
PRY,Paraguay,2010,97.4,57.4,63.6,5191.050142544
PRY,Paraguay,2011,98.2,59,62.5,5342.190157174
PRY,Paraguay,2012,97.8,60.7,63.4,5230.262448588
PRY,Paraguay,2013,99,62.2,62.5,5583.122744735
PRY,Paraguay,2014,99,63.6,62.5,5794.476446898
PRY,Paraguay,2015,99.3,64.9,60.5,5879.337923087
PRY,Paraguay,2016,98.4,66,62.5,6041.958793673
PRY,Paraguay,2017,99.3,67.2,60.1,6243.133631391
PRY,Paraguay,2018,99.6,68.1,59.2,6354.239200530
PRY,Paraguay,2019,99.7,68.8,60.1,6243.536208978
PRY,Paraguay,2020,99.7,69.35,61.5,6109.196081006
PRY,Paraguay,2021,100,70.2,58.8,6276.774842366
PRY,Paraguay,2022,100,70.7,,6204.208115319
PRY,Paraguay,2023,99.8,71.3,,6452.285668400
PSE,West Bank and Gaza,2000,99.7,,17.5,2436.012077396
PSE,West Bank and Gaza,2001,99.1,,17.1,2153.457353832
PSE,West Bank and Gaza,2002,99.2,,21.8,1836.980424814
PSE,West Bank and Gaza,2003,99.1,,21.7,2041.604846197
PSE,West Bank and Gaza,2004,99.5,,23.1,2426.415656304
PSE,West Bank and Gaza,2005,99.6,,22.8,2632.246274240
PSE,West Bank and Gaza,2006,99.7,,18.1,2540.267630831
PSE,West Bank and Gaza,2007,98.8,,20.5,2569.984341090
PSE,West Bank and Gaza,2008,99.8,,20.1,2685.986018285
PSE,West Bank and Gaza,2009,99.9,,16.5,2840.015949694
PSE,West Bank and Gaza,2010,99.9,,14.1,2927.081019534
PSE,West Bank and Gaza,2011,99.7,,15.4,3128.108110614
PSE,West Bank and Gaza,2012,99.8,,12.2,3237.916199958
PSE,West Bank and Gaza,2013,99.9,,11.7,3309.631202431
PSE,West Bank and Gaza,2014,99.9,,10.8,3227.849344826
PSE,West Bank and Gaza,2015,99.9,,11,3272.154323607
PSE,West Bank and Gaza,2016,100,,12.3,3483.099035330
PSE,West Bank and Gaza,2017,99.9,,10.5,3462.979861071
PSE,West Bank and Gaza,2018,100,,12.7,3417.794408380
PSE,West Bank and Gaza,2019,100,,13.9,3378.434620919
PSE,West Bank and Gaza,2020,100,,15,2922.468010848
PSE,West Bank and Gaza,2021,100,,15.4,3051.486070080
PSE,West Bank and Gaza,2022,100,,15.4,3099.960901037
PSE,West Bank and Gaza,2023,100,,,2997.226940778
PYF,French Polynesia,2000,100,,8.8,22498.828553033
PYF,French Polynesia,2001,100,,6.7,22076.591916262
PYF,French Polynesia,2002,100,,6.2,21932.919533342
PYF,French Polynesia,2003,100,,7.2,22055.641970220
PYF,French Polynesia,2004,100,,7.7,21919.941058938
PYF,French Polynesia,2005,100,,8,21661.424466405
PYF,French Polynesia,2006,100,,10.1,21545.599713647
PYF,French Polynesia,2007,100,,9.8,21648.532237682
PYF,French Polynesia,2008,100,,9.3,21493.417831125
PYF,French Polynesia,2009,100,,9.3,20499.772303283
PYF,French Polynesia,2010,100,,7.5,19913.025268792
PYF,French Polynesia,2011,100,,6.9,19241.643795163
PYF,French Polynesia,2012,100,,6.6,18968.442215790
PYF,French Polynesia,2013,100,,6.5,18930.126888701
PYF,French Polynesia,2014,100,,7.4,18928.185862013
PYF,French Polynesia,2015,100,,7.8,19166.959476193
PYF,French Polynesia,2016,100,,8.1,19516.071835328
PYF,French Polynesia,2017,100,,8.1,20287.768583166
PYF,French Polynesia,2018,100,,7.7,20674.420682903
PYF,French Polynesia,2019,100,,7.7,21289.875124114
PYF,French Polynesia,2020,100,,8.2,19026.790444196
PYF,French Polynesia,2021,100,,7.4,19626.233254021
PYF,French Polynesia,2022,100,,7,20160.499429838
PYF,French Polynesia,2023,100,,,20664.977025923
QAT,Qatar,2000,100,100,0.1,54948.222805538
QAT,Qatar,2001,100,100,0.1,54316.541951192
QAT,Qatar,2002,100,100,0.1,55493.604999775
QAT,Qatar,2003,100,100,0,54970.419888684
QAT,Qatar,2004,100,100,0,63107.008634645
QAT,Qatar,2005,100,100,0,63555.623982048
QAT,Qatar,2006,100,100,0.1,68036.621216473
QAT,Qatar,2007,100,100,0.1,64614.046507197
QAT,Qatar,2008,100,100,0.1,64393.595447987
QAT,Qatar,2009,100,100,0.1,63939.805083144
QAT,Qatar,2010,100,100,0.1,74271.902295906
QAT,Qatar,2011,100,100,0.1,83533.496379102
QAT,Qatar,2012,100,100,0,82441.740508301
QAT,Qatar,2013,100,100,0,77379.673559955
QAT,Qatar,2014,100,100,0,71756.064933830
QAT,Qatar,2015,100,100,0,68985.294696151
QAT,Qatar,2016,100,100,0.1,67294.458577136
QAT,Qatar,2017,100,100,0.1,64497.698722537
QAT,Qatar,2018,100,100,0,64410.817128098
QAT,Qatar,2019,100,100,0.1,63430.460760958
QAT,Qatar,2020,100,100,0,57769.604104354
QAT,Qatar,2021,100,100,0,65488.511791112
QAT,Qatar,2022,100,100,,64315.626364370
QAT,Qatar,2023,100,100,,65111.033321485
ROU,Romania,2000,94.4,100,16.4,4569.311243245
ROU,Romania,2001,94.6,100,13.4,4875.303106006
ROU,Romania,2002,94.9,100,14.4,5248.549946327
ROU,Romania,2003,95.1,100,15.7,5410.308357963
ROU,Romania,2004,95.3,100,17.3,6008.640484615
ROU,Romania,2005,95.6,100,18.5,6328.090223242
ROU,Romania,2006,95.9,100,17.4,6876.778414180
ROU,Romania,2007,96.1,100,18.2,7483.973758206
ROU,Romania,2008,96.5,100,20.4,8318.003427954
ROU,Romania,2009,96.8,100,22.1,7924.870580702
ROU,Romania,2010,97.1,100,24.1,7660.706676305
ROU,Romania,2011,97.4,100,21.1,8044.571949209
ROU,Romania,2012,97.8,100,21.5,8234.285534252
ROU,Romania,2013,98.1,100,23.1,8287.958440897
ROU,Romania,2014,98.4,100,24.3,8661.473972742
ROU,Romania,2015,98.8,100,23.7,8977.017481582
ROU,Romania,2016,99.1,100,24.4,9286.876782366
ROU,Romania,2017,100,100,23.4,10106.226955725
ROU,Romania,2018,99.8,100,23,10714.170115713
ROU,Romania,2019,100,100,23.5,11197.316291585
ROU,Romania,2020,100,100,24.1,10854.049431887
ROU,Romania,2021,100,100,23.6,11546.322499807
ROU,Romania,2022,100,100,,12076.303381190
ROU,Romania,2023,100,100,,12340.817050997
RUS,Russian Federation,2000,97.8,100,3.5,5323.666503906
RUS,Russian Federation,2001,97.9,100,3.6,5618.955566406
RUS,Russian Federation,2002,97.9,100,3.5,5910.171875
RUS,Russian Federation,2003,97.9,100,3.3,6370.453613281
RUS,Russian Federation,2004,98,100,3.5,6856.678222656
RUS,Russian Federation,2005,98,100,3.6,7323.385253906
RUS,Russian Federation,2006,98.1,100,3.5,7949.896972656
RUS,Russian Federation,2007,98.2,100,3.7,8640.40625
RUS,Russian Federation,2008,98.3,100,3.3,9093.700195312
RUS,Russian Federation,2009,98.4,100,3.6,8381.868164062
RUS,Russian Federation,2010,99.3,100,3.3,8755.120117188
RUS,Russian Federation,2011,99.2,100,3.2,9120.8203125
RUS,Russian Federation,2012,100,100,3.2,9464.010742188
RUS,Russian Federation,2013,100,100,3.6,9601.537109375
RUS,Russian Federation,2014,100,100,3.3,9493.8125
RUS,Russian Federation,2015,95.5,100,3.2,9277.713867188
RUS,Russian Federation,2016,99.4,100,3.4,9269.317382812
RUS,Russian Federation,2017,100,100,3.2,9418.99609375
RUS,Russian Federation,2018,100,100,3.2,9674.787109375
RUS,Russian Federation,2019,99.8,100,3.2,9882.024414062
RUS,Russian Federation,2020,99.9,100,3.7,9632.325195312
RUS,Russian Federation,2021,100,100,3.5,10231.318359375
RUS,Russian Federation,2022,100,100,,10119.115234375
RUS,Russian Federation,2023,100,100,,10560.465820312
RWA,Rwanda,2000,6.2,0.1,86.8,331.096659538
RWA,Rwanda,2001,4.7,0.1,86.9,356.017640545
RWA,Rwanda,2002,6,0.1,87.1,397.558649363
RWA,Rwanda,2003,7.4,0.1,87.3,397.480382603
RWA,Rwanda,2004,8.7,0.1,87.6,415.943819000
RWA,Rwanda,2005,4.8,0.2,89.2,443.008024747
RWA,Rwanda,2006,11.4,0.2,90.6,471.150850642
RWA,Rwanda,2007,12.8,0.2,90.3,493.803359157
RWA,Rwanda,2008,6,0.2,90.6,534.678298622
RWA,Rwanda,2009,15.6,0.2,90.5,553.621518556
RWA,Rwanda,2010,9.7,0.3,90.5,579.419162805
RWA,Rwanda,2011,10.8,0.4,89.7,610.376236416
RWA,Rwanda,2012,17.5,0.5,88.8,647.436613845
RWA,Rwanda,2013,15.2,0.6,88.5,661.893969452
RWA,Rwanda,2014,19.8,0.8,88,682.709499067
RWA,Rwanda,2015,22.8,1,86.3,725.691418697
RWA,Rwanda,2016,29.4,1.3,85.5,748.798132068
RWA,Rwanda,2017,34.1,1.7,84.5,765.845359391
RWA,Rwanda,2018,38,2.4,82.8,808.704812752
RWA,Rwanda,2019,46.6,3.3,81.8,863.872077583
RWA,Rwanda,2020,45.2,4.3,81.7,821.257133283
RWA,Rwanda,2021,48.7,5.7,79.4,871.041835304
RWA,Rwanda,2022,50.6,7.3,79.9,935.894832543
RWA,Rwanda,2023,63.9,9.3,,993.911004644
SAU,Saudi Arabia,2000,100,100,0,22247.856698744
SAU,Saudi Arabia,2001,100,100,0,21193.092289435
SAU,Saudi Arabia,2002,100,100,0,20025.431999827
SAU,Saudi Arabia,2003,100,100,0,20765.938768808
SAU,Saudi Arabia,2004,100,100,0,21545.894988606
SAU,Saudi Arabia,2005,100,100,0,21838.191534937
SAU,Saudi Arabia,2006,100,100,0,21616.335577252
SAU,Saudi Arabia,2007,100,100,0,21196.792603663
SAU,Saudi Arabia,2008,100,100,0,21629.840573455
SAU,Saudi Arabia,2009,100,100,0,20577.545344534
SAU,Saudi Arabia,2010,100,100,0,21830.142427282
SAU,Saudi Arabia,2011,100,100,0,23314.557602317
SAU,Saudi Arabia,2012,100,100,0,23643.035832465
SAU,Saudi Arabia,2013,100,100,0,23057.349446853
SAU,Saudi Arabia,2014,100,100,0,23404.730603983
SAU,Saudi Arabia,2015,100,100,0,23256.154955353
SAU,Saudi Arabia,2016,99.9,100,0,22783.032853868
SAU,Saudi Arabia,2017,100,100,0,23035.119997771
SAU,Saudi Arabia,2018,99.9,100,0,24393.518830664
SAU,Saudi Arabia,2019,100,100,0,24905.669742856
SAU,Saudi Arabia,2020,100,100,0.1,22827.671935548
SAU,Saudi Arabia,2021,100,100,0.1,24922.671694894
SAU,Saudi Arabia,2022,100,100,,26706.917926066
SAU,Saudi Arabia,2023,100,100,,25634.823754784
SDN,Sudan,2000,23,7.2,80.4,1111.118652344
SDN,Sudan,2001,29.4,8.8,79.4,1150.176269531
SDN,Sudan,2002,29.7,10.4,76.8,1185.215332031
SDN,Sudan,2003,29.9,12.7,77,1226.420776367
SDN,Sudan,2004,30.2,15,75.4,1255.671142578
SDN,Sudan,2005,30.5,17.3,72.3,1290.244384766
SDN,Sudan,2006,30.8,19.8,69.2,1336.124023438
SDN,Sudan,2007,31.1,23.1,65.6,1372.109619141
SDN,Sudan,2008,20,26.2,63.5,1381.625610352
SDN,Sudan,2009,29,29.3,63.1,1301.347290039
SDN,Sudan,2010,36,32.2,61.3,1311.223144531
SDN,Sudan,2011,38.3,35.8,63.7,1388.218139648
SDN,Sudan,2012,40.7,39.2,63.7,1288.258544922
SDN,Sudan,2013,43.1,41.8,64.3,1283.459228516
SDN,Sudan,2014,44.9,45.75,63.7,1307.389648438
SDN,Sudan,2015,48,48.4,61.9,1292.379638672
SDN,Sudan,2016,50.5,51.85,58.9,1297.154541016
SDN,Sudan,2017,53,55.2,59.4,1261.873535156
SDN,Sudan,2018,55.3,57.6,59.8,1185.944458008
SDN,Sudan,2019,57.6,60.8,59.4,1126.552978516
SDN,Sudan,2020,59.7,63.4,62.6,1056.864746094
SDN,Sudan,2021,61.8,65.7,61,1009.548889160
SDN,Sudan,2022,63.2,68.2,,973.225280762
SDN,Sudan,2023,66,70.55,,677.723205566
SEN,Senegal,2000,37.7,34.8,47.5,1048.374740524
SEN,Senegal,2001,38.9,35.9,45.8,1067.368865506
SEN,Senegal,2002,36.8,36.9,43.8,1042.255099443
SEN,Senegal,2003,41.9,37.3,43.7,1074.385784677
SEN,Senegal,2004,36.8,37.5,39.9,1098.200645460
SEN,Senegal,2005,47.1,37.4,40.3,1119.050530755
SEN,Senegal,2006,49.9,37,43.4,1118.783043005
SEN,Senegal,2007,48.1,36.2,40,1123.998621533
SEN,Senegal,2008,49.7,35.6,39.8,1138.668839302
SEN,Senegal,2009,53.5,34.5,51.3,1142.653172340
SEN,Senegal,2010,56.5,33.3,49.5,1153.534311216
SEN,Senegal,2011,56.5,32.1,48,1139.744478926
SEN,Senegal,2012,56.5,31.1,49.6,1154.056779924
SEN,Senegal,2013,57,30.1,42.7,1147.385921719
SEN,Senegal,2014,61,29.2,42.5,1180.798710850
SEN,Senegal,2015,60.5,28.5,39.1,1218.006135554
SEN,Senegal,2016,64.5,28.3,36.7,1257.409069162
SEN,Senegal,2017,61.7,28.4,36.8,1312.109327759
SEN,Senegal,2018,66,28.8,34.2,1355.096108635
SEN,Senegal,2019,70.4,29.7,36.2,1379.608752498
SEN,Senegal,2020,64.3,30.7,38.7,1361.791437489
SEN,Senegal,2021,68,32.1,35.4,1414.539510935
SEN,Senegal,2022,67.9,33.5,,1433.199187523
SEN,Senegal,2023,74.2,34.8,,1458.966423328
SGP,Singapore,2000,100,100,0.3,34890.081136517
SGP,Singapore,2001,100,100,0.6,33597.869080823
SGP,Singapore,2002,100,100,0.6,34598.826748378
SGP,Singapore,2003,100,100,0.6,36709.796503825
SGP,Singapore,2004,100,100,0.5,39856.635622261
SGP,Singapore,2005,100,100,0.5,41798.488083467
SGP,Singapore,2006,100,100,0.5,44159.410182055
SGP,Singapore,2007,100,100,0.5,46178.813947020
SGP,Singapore,2008,100,100,0.5,44601.579930270
SGP,Singapore,2009,100,100,0.5,43331.874663896
SGP,Singapore,2010,100,100,0.5,48752.051544186
SGP,Singapore,2011,100,100,0.5,50713.532639359
SGP,Singapore,2012,100,100,0.5,51679.352717333
SGP,Singapore,2013,100,100,0.6,53298.972855829
SGP,Singapore,2014,100,100,0.6,54681.933645825
SGP,Singapore,2015,100,100,0.7,55645.606861461
SGP,Singapore,2016,100,100,0.7,57076.524193679
SGP,Singapore,2017,100,100,0.7,59493.375859570
SGP,Singapore,2018,100,100,0.8,61101.525257890
SGP,Singapore,2019,100,100,0.9,61106.311977535
SGP,Singapore,2020,100,100,0.9,59083.857484157
SGP,Singapore,2021,100,100,1.1,67846.856537773
SGP,Singapore,2022,100,100,,68271.089752530
SGP,Singapore,2023,100,100,,65976.706803690
SLB,Solomon Islands,2000,4.7,8.6,55.3,1747.717956072
SLB,Solomon Islands,2001,7.6,8.5,54.1,1577.655199663
SLB,Solomon Islands,2002,10.5,8.6,52.8,1504.846718952
SLB,Solomon Islands,2003,13.4,8.4,51.5,1573.843484358
SLB,Solomon Islands,2004,16.3,8.4,49.9,1664.573159791
SLB,Solomon Islands,2005,19.2,8.4,49.7,1755.740824463
SLB,Solomon Islands,2006,14.4,8.3,48.9,1796.714398107
SLB,Solomon Islands,2007,12.9,8.3,47.4,1830.233214058
SLB,Solomon Islands,2008,28.1,8.1,46.7,1911.189690155
SLB,Solomon Islands,2009,21.2,8.2,45.8,1930.462876149
SLB,Solomon Islands,2010,35.4,8.2,45.1,2058.956916489
SLB,Solomon Islands,2011,39.1,8.1,43.6,2132.028441994
SLB,Solomon Islands,2012,42.9,8.2,43.8,2105.914237584
SLB,Solomon Islands,2013,44.7,8.3,41.8,2136.721161770
SLB,Solomon Islands,2014,50.5,8.3,45.9,2085.160672731
SLB,Solomon Islands,2015,55.1,8.4,48.6,2045.477215266
SLB,Solomon Islands,2016,58.2,8.6,48.7,2084.248457452
SLB,Solomon Islands,2017,62.9,8.5,49,2075.367053023
SLB,Solomon Islands,2018,65.8,8.5,48.6,2061.899697067
SLB,Solomon Islands,2019,69.4,8.6,48.4,2043.091397783
SLB,Solomon Islands,2020,72.9,8.6,49,1930.655103072
SLB,Solomon Islands,2021,76.3,8.6,49.1,1880.551982718
SLB,Solomon Islands,2022,76,8.6,50.1,1788.617279221
SLB,Solomon Islands,2023,81.3,8.7,,1795.887986971
SLE,Sierra Leone,2000,7.7,0,93.3,727.240914633
SLE,Sierra Leone,2001,8.5,0.1,91.2,642.036645844
SLE,Sierra Leone,2002,9.2,0.1,88,766.788693743
SLE,Sierra Leone,2003,9.9,0.1,86.5,806.066489012
SLE,Sierra Leone,2004,16.8,0.2,86.5,829.759768928
SLE,Sierra Leone,2005,11.3,0.2,88.1,842.906030905
SLE,Sierra Leone,2006,12.2,0.3,84.4,859.824260715
SLE,Sierra Leone,2007,13,0.3,86.3,872.688362346
SLE,Sierra Leone,2008,12.1,0.3,86,882.541478179
SLE,Sierra Leone,2009,14.6,0.4,86.1,872.239593525
SLE,Sierra Leone,2010,11.5,0.4,84.9,902.769891411
SLE,Sierra Leone,2011,14.2,0.5,81,950.760763055
SLE,Sierra Leone,2012,17.2,0.5,79.1,1025.043660045
SLE,Sierra Leone,2013,13.5,0.5,74.6,1146.819734565
SLE,Sierra Leone,2014,18.8,0.5,73,1032.237893559
SLE,Sierra Leone,2015,19.7,0.6,74,964.575980889
SLE,Sierra Leone,2016,20.3,0.6,73.6,1002.778622820
SLE,Sierra Leone,2017,23.4,0.7,74.6,1010.546940712
SLE,Sierra Leone,2018,26.1,0.7,75.9,1015.667829720
SLE,Sierra Leone,2019,22.7,0.7,75.4,1046.967780786
SLE,Sierra Leone,2020,26.3,0.8,75.1,1010.252946148
SLE,Sierra Leone,2021,27.5,0.8,71.1,1045.766161576
SLE,Sierra Leone,2022,29.4,0.8,71.6,1077.088845385
SLE,Sierra Leone,2023,35.5,0.9,,1113.868375007
SLV,El Salvador,2000,84.5,58.4,33.5,2964.893468814
SLV,El Salvador,2001,87.1,60.6,33.1,2978.597348447
SLV,El Salvador,2002,87.5,62.3,34,3016.063077286
SLV,El Salvador,2003,87,64.1,33.9,3057.164676291
SLV,El Salvador,2004,87.4,66.1,33.3,3081.236296652
SLV,El Salvador,2005,87.5,67.8,34.1,3163.361183768
SLV,El Salvador,2006,89.2,69.5,34.8,3302.348173543
SLV,El Salvador,2007,91.1,71.2,28.2,3359.162302414
SLV,El Salvador,2008,91,73.1,31.5,3420.449273574
SLV,El Salvador,2009,91.1,74.9,32.2,3337.811508782
SLV,El Salvador,2010,91.6,76.7,32.6,3398.493460604
SLV,El Salvador,2011,92.6,78.5,29.5,3515.196646348
SLV,El Salvador,2012,93.7,80.4,30.3,3600.319125055
SLV,El Salvador,2013,95,82.15,27.5,3665.900441679
SLV,El Salvador,2014,95.1,83.9,24,3713.949920162
SLV,El Salvador,2015,95.4,85.5,21,3790.340891082
SLV,El Salvador,2016,96,87.2,20.7,3875.846913580
SLV,El Salvador,2017,96.8,88.6,25,3954.840142776
SLV,El Salvador,2018,97,89.9,23.2,4046.162917206
SLV,El Salvador,2019,97.4,90.9,19.4,4143.114370979
SLV,El Salvador,2020,99.7,92,23.7,3808.531954364
SLV,El Salvador,2021,97.9,92.9,21.9,4247.547503950
SLV,El Salvador,2022,100,93.7,,4355.960371086
SLV,El Salvador,2023,98.3,94.4,,4481.196641084
SMR,San Marino,2000,100,100,,55806.896785442
SMR,San Marino,2001,100,100,,58173.267348591
SMR,San Marino,2002,100,100,,57615.384060703
SMR,San Marino,2003,100,100,,59090.206437439
SMR,San Marino,2004,100,100,,58393.197314047
SMR,San Marino,2005,100,100,,59049.550798524
SMR,San Marino,2006,100,100,,60604.323539360
SMR,San Marino,2007,100,100,,62776.917827582
SMR,San Marino,2008,100,100,,61572.715784748
SMR,San Marino,2009,100,100,,52873.244323695
SMR,San Marino,2010,100,100,,49672.675358959
SMR,San Marino,2011,100,100,,46450.004207020
SMR,San Marino,2012,100,100,,42082.536454206
SMR,San Marino,2013,100,100,,42293.467980792
SMR,San Marino,2014,100,100,,42492.831738275
SMR,San Marino,2015,100,100,,43146.803530201
SMR,San Marino,2016,100,100,,43886.196508111
SMR,San Marino,2017,100,100,,43057.758248457
SMR,San Marino,2018,100,100,,42818.675595961
SMR,San Marino,2019,100,100,,43525.403979818
SMR,San Marino,2020,100,100,,40506.834185318
SMR,San Marino,2021,100,100,,46834.117236387
SMR,San Marino,2022,100,100,,51277.324246858
SMR,San Marino,2023,100,100,,51323.774100293
SOM,"Somalia, Fed. Rep.",2000,2.1,0.4,93.3,233.032393086
SOM,"Somalia, Fed. Rep.",2001,4.7,0.4,93.3,239.839074088
SOM,"Somalia, Fed. Rep.",2002,7.4,0.4,92.6,248.636454001
SOM,"Somalia, Fed. Rep.",2003,9.8,0.5,92.8,257.910337236
SOM,"Somalia, Fed. Rep.",2004,12.4,0.5,93,266.257271857
SOM,"Somalia, Fed. Rep.",2005,15,0.6,93.3,275.457040798
SOM,"Somalia, Fed. Rep.",2006,15.2,0.6,93.5,284.470789865
SOM,"Somalia, Fed. Rep.",2007,20.2,0.7,93,294.210404467
SOM,"Somalia, Fed. Rep.",2008,22.9,0.8,93.4,304.741448811
SOM,"Somalia, Fed. Rep.",2009,25.5,0.9,93.6,317.038184815
SOM,"Somalia, Fed. Rep.",2010,52.3,1.1,93.6,329.970504937
SOM,"Somalia, Fed. Rep.",2011,52,1.25,93.7,349.577449078
SOM,"Somalia, Fed. Rep.",2012,51.8,1.4,93.9,369.617204753
SOM,"Somalia, Fed. Rep.",2013,51.5,1.6,94.4,397.108796345
SOM,"Somalia, Fed. Rep.",2014,51.4,1.8,94.6,417.516796906
SOM,"Somalia, Fed. Rep.",2015,51.2,2.1,94.5,445.583080073
SOM,"Somalia, Fed. Rep.",2016,51.1,2.3,94.8,458.921476825
SOM,"Somalia, Fed. Rep.",2017,52.1,2.6,94.9,506.501098879
SOM,"Somalia, Fed. Rep.",2018,50.7,3,94.9,498.981065014
SOM,"Somalia, Fed. Rep.",2019,49.2,3.5,95,494.444039712
SOM,"Somalia, Fed. Rep.",2020,49.9,3.7,95.5,462.867053737
SOM,"Somalia, Fed. Rep.",2021,49.3,4.3,95.4,461.627830726
SOM,"Somalia, Fed. Rep.",2022,48.9,4.8,95.4,460.046226685
SOM,"Somalia, Fed. Rep.",2023,50.3,5.4,,464.721069526
SRB,Serbia,2000,99.9,57.5,22.1,3542.353659148
SRB,Serbia,2001,99.8,58.6,19.6,3788.982339474
SRB,Serbia,2002,100,59.6,18,4038.652511974
SRB,Serbia,2003,99.7,60.6,15.7,4233.776449061
SRB,Serbia,2004,99.6,61.6,14.6,4527.434986595
SRB,Serbia,2005,99.7,62.6,16.1,4809.138407649
SRB,Serbia,2006,99.6,63.4,15.3,5016.412893223
SRB,Serbia,2007,99.6,64.4,14,5431.278874266
SRB,Serbia,2008,99.6,65.3,15.5,5735.947726957
SRB,Serbia,2009,99.6,66.4,20.7,5578.011974193
SRB,Serbia,2010,99.7,67.5,20.5,5690.703271827
SRB,Serbia,2011,99.7,68.6,17.4,5737.001201758
SRB,Serbia,2012,99.8,69.7,19.5,5739.307502353
SRB,Serbia,2013,99.9,70.8,20,5793.336145256
SRB,Serbia,2014,99.7,71.8,23.2,5716.540471535
SRB,Serbia,2015,99.9,73.2,21.2,5820.321557689
SRB,Serbia,2016,99.9,74.3,20.9,6024.957546538
SRB,Serbia,2017,100,75.7,20,6200.261185922
SRB,Serbia,2018,100,76.9,21,6524.080297552
SRB,Serbia,2019,99.8,78.5,21.4,6870.758108963
SRB,Serbia,2020,100,79.5,26,6850.967421688
SRB,Serbia,2021,100,81.1,27.2,7465.676010771
SRB,Serbia,2022,100,82,,7862.953873648
SRB,Serbia,2023,100,83.1,,8208.478689151
SSD,South Sudan,2000,,0.4,,
SSD,South Sudan,2001,,0.3,,
SSD,South Sudan,2002,,0.3,,
SSD,South Sudan,2003,,0.2,,
SSD,South Sudan,2004,,0.2,,
SSD,South Sudan,2005,,0.1,,
SSD,South Sudan,2006,,0.1,,
SSD,South Sudan,2007,0.8,0.1,,
SSD,South Sudan,2008,1.3,0,,2289.184153756
SSD,South Sudan,2009,3,0,,2293.801668885
SSD,South Sudan,2010,1.5,0,,2295.070260960
SSD,South Sudan,2011,2.8,0,,2073.239818191
SSD,South Sudan,2012,3.3,0,30.6,1069.196190809
SSD,South Sudan,2013,3.8,0,30.1,1165.162027075
SSD,South Sudan,2014,4.3,0,29.4,1197.094919695
SSD,South Sudan,2015,4.8,0,27.5,1080.147186248
SSD,South Sudan,2016,5.3,0,28.7,
SSD,South Sudan,2017,4.2,0,35.1,
SSD,South Sudan,2018,6.3,0,31.5,
SSD,South Sudan,2019,6.8,0,31.4,
SSD,South Sudan,2020,7.3,0,32.8,
SSD,South Sudan,2021,7.7,0,32.4,
SSD,South Sudan,2022,8.4,0,,
SSD,South Sudan,2023,5.4,0,,
STP,Sao Tome and Principe,2000,52.9,0.3,54.7,959.938180991
STP,Sao Tome and Principe,2001,51.5,0.3,55.5,973.424252100
STP,Sao Tome and Principe,2002,52.5,0.4,55.3,982.329065576
STP,Sao Tome and Principe,2003,53.6,0.4,51.8,1036.861962602
STP,Sao Tome and Principe,2004,54.7,0.5,48.9,1047.057961349
STP,Sao Tome and Principe,2005,55.8,0.6,47.9,1089.147787988
STP,Sao Tome and Principe,2006,56.9,0.6,47.3,1157.086144654
STP,Sao Tome and Principe,2007,58,0.7,47.7,1170.516124744
STP,Sao Tome and Principe,2008,59.1,0.8,46,1214.141147248
STP,Sao Tome and Principe,2009,56.9,1,45.4,1225.605419030
STP,Sao Tome and Principe,2010,61.4,1.1,38.2,1216.350252166
STP,Sao Tome and Principe,2011,62.6,1.3,42.4,1214.961302767
STP,Sao Tome and Principe,2012,57.9,1.5,40.1,1225.694525562
STP,Sao Tome and Principe,2013,65,1.7,42.8,1263.704239953
STP,Sao Tome and Principe,2014,68.6,1.9,38.4,1301.321464450
STP,Sao Tome and Principe,2015,67.3,2.1,39.2,1298.109465964
STP,Sao Tome and Principe,2016,69.4,2.3,38.1,1342.533807689
STP,Sao Tome and Principe,2017,74.3,2.6,39.2,1375.594032842
STP,Sao Tome and Principe,2018,71,2.9,40.6,1413.843486185
STP,Sao Tome and Principe,2019,75.1,3.2,38.6,1420.660083161
STP,Sao Tome and Principe,2020,76.8,3.5,41.6,1430.841192991
STP,Sao Tome and Principe,2021,78.5,3.9,40.8,1428.286760980
STP,Sao Tome and Principe,2022,78,4.2,42.5,1403.233567047
STP,Sao Tome and Principe,2023,81.3,4.6,,1380.601694163
SUR,Suriname,2000,95.4,75.2,23.6,6128.316023806
SUR,Suriname,2001,95.3,76.6,24.1,6255.552741857
SUR,Suriname,2002,95.2,78.3,27.8,6301.317310432
SUR,Suriname,2003,95.1,79.6,24.6,6567.843098768
SUR,Suriname,2004,95,80.6,22.6,7021.989199243
SUR,Suriname,2005,94.9,82.1,18.9,7261.817135020
SUR,Suriname,2006,91,83.3,22.1,7599.356969215
SUR,Suriname,2007,94.7,84.3,24.6,7897.256489158
SUR,Suriname,2008,94.7,85.4,26.2,8129.114646594
SUR,Suriname,2009,94.6,86.4,26.5,8276.690797688
SUR,Suriname,2010,91.2,87.3,22.1,8603.907867459
SUR,Suriname,2011,94.6,88.3,21.2,9003.285976749
SUR,Suriname,2012,94.6,89.2,15.8,9140.928986115
SUR,Suriname,2013,94.6,90.1,17.6,9303.460087758
SUR,Suriname,2014,94.6,91,12.8,9224.243784105
SUR,Suriname,2015,95,91.6,11.6,8813.617053921
SUR,Suriname,2016,95.8,92.4,11.1,8293.315530314
SUR,Suriname,2017,96.6,93.2,15.5,8338.692354019
SUR,Suriname,2018,97.4,93.7,18.3,8666.648706978
SUR,Suriname,2019,97.9,94.2,14.9,8677.305220217
SUR,Suriname,2020,98.4,94.6,14.6,7213.107666699
SUR,Suriname,2021,98.8,95.1,14.5,6973.899418681
SUR,Suriname,2022,99,95.4,,7081.333573258
SUR,Suriname,2023,99.6,95.7,,7186.473081441
SVK,Slovak Republic,2000,100,100,3.7,8997.211995943
SVK,Slovak Republic,2001,100,100,6,9277.358088510
SVK,Slovak Republic,2002,100,100,5.5,9690.684682629
SVK,Slovak Republic,2003,100,100,5.3,10168.02256533
SVK,Slovak Republic,2004,100,100,6.2,10718.210185884
SVK,Slovak Republic,2005,99.9,100,6.3,11412.159363001
SVK,Slovak Republic,2006,99.9,100,6.6,12430.201548856
SVK,Slovak Republic,2007,100,100,8.2,13770.960269153
SVK,Slovak Republic,2008,100,100,7.6,14497.111440717
SVK,Slovak Republic,2009,100,100,10,13680.753710660
SVK,Slovak Republic,2010,100,100,10.3,14596.147777689
SVK,Slovak Republic,2011,100,100,10.4,14950.873517860
SVK,Slovak Republic,2012,100,100,10.5,15159.657042000
SVK,Slovak Republic,2013,100,100,10.7,15249.882451379
SVK,Slovak Republic,2014,100,100,12.2,15647.649176352
SVK,Slovak Republic,2015,100,100,13.4,16442.076086002
SVK,Slovak Republic,2016,100,100,13.1,16740.741399643
SVK,Slovak Republic,2017,100,100,12.4,17195.288872196
SVK,Slovak Republic,2018,100,100,12.4,17869.014917368
SVK,Slovak Republic,2019,100,100,17.6,18250.980247564
SVK,Slovak Republic,2020,100,100,17.6,17763.856384735
SVK,Slovak Republic,2021,100,100,17.9,18808.454049660
SVK,Slovak Republic,2022,100,100,,18964.829840062
SVK,Slovak Republic,2023,100,100,,19383.373200940
SVN,Slovenia,2000,100,100,18,16146.121684839
SVN,Slovenia,2001,100,100,18.7,16576.715884041
SVN,Slovenia,2002,100,100,16.3,17099.658209132
SVN,Slovenia,2003,100,100,16.9,17635.360858183
SVN,Slovenia,2004,100,100,17.8,18425.260121358
SVN,Slovenia,2005,100,100,18.6,19102.277660391
SVN,Slovenia,2006,100,100,17.4,20166.532343121
SVN,Slovenia,2007,100,100,18.4,21485.780992381
SVN,Slovenia,2008,100,100,17.6,22175.236955732
SVN,Slovenia,2009,100,100,19.6,20307.618832227
SVN,Slovenia,2010,100,100,20.1,20444.120129588
SVN,Slovenia,2011,100,100,19.1,20535.415575411
SVN,Slovenia,2012,100,100,20.2,19894.869796455
SVN,Slovenia,2013,100,100,22.5,19704.218600513
SVN,Slovenia,2014,100,100,22.9,20228.708198639
SVN,Slovenia,2015,100,100,21.4,20697.274853062
SVN,Slovenia,2016,100,100,21,21309.712213895
SVN,Slovenia,2017,100,100,19.7,22397.763498834
SVN,Slovenia,2018,100,100,20.6,23293.966665323
SVN,Slovenia,2019,100,100,20.9,23943.180094989
SVN,Slovenia,2020,100,100,22.7,22811.805054078
SVN,Slovenia,2021,100,100,23.4,24665.441046403
SVN,Slovenia,2022,100,100,,25275.715967757
SVN,Slovenia,2023,100,100,,25773.901583507
SWE,Sweden,2000,100,100,39.8,41561.774763586
SWE,Sweden,2001,100,100,37.4,42014.402230251
SWE,Sweden,2002,100,100,35.9,42831.758410377
SWE,Sweden,2003,100,100,34.6,43475.365543322
SWE,Sweden,2004,100,100,35.5,45114.670123071
SWE,Sweden,2005,100,100,39.3,46189.682842056
SWE,Sweden,2006,100,100,40.1,48078.352011008
SWE,Sweden,2007,100,100,41.8,49262.152916545
SWE,Sweden,2008,100,100,43.2,48428.658708175
SWE,Sweden,2009,100,100,45.7,45974.391115125
SWE,Sweden,2010,100,100,44.7,48205.549251274
SWE,Sweden,2011,100,100,45.4,49356.590525705
SWE,Sweden,2012,100,100,48.3,48789.790688364
SWE,Sweden,2013,100,100,47.3,48928.499414129
SWE,Sweden,2014,100,100,48.6,49557.618364796
SWE,Sweden,2015,100,100,51.9,51188.165212049
SWE,Sweden,2016,100,100,50.9,51626.323531237
SWE,Sweden,2017,100,100,51.8,51894.374817781
SWE,Sweden,2018,100,100,51.6,52203.087258976
SWE,Sweden,2019,100,100,52.9,53024.409949432
SWE,Sweden,2020,100,100,57.8,51624.581178957
SWE,Sweden,2021,100,100,57.9,53997.133706880
SWE,Sweden,2022,100,100,,54304.187750103
SWE,Sweden,2023,100,100,,53937.796712243
SWZ,Eswatini,2000,20.4,24.9,60.1,2273.046837611
SWZ,Eswatini,2001,26.9,26.4,60.9,2283.983168154
SWZ,Eswatini,2002,25.9,27.8,63.6,2358.569356435
SWZ,Eswatini,2003,28.7,29.1,66.5,2448.837920780
SWZ,Eswatini,2004,31.4,30.3,66.6,2522.143420972
SWZ,Eswatini,2005,34.2,31.7,67,2658.751805082
SWZ,Eswatini,2006,35.2,32.9,66.8,2823.487282154
SWZ,Eswatini,2007,39.8,34.5,66.9,2928.468458230
SWZ,Eswatini,2008,42.6,35.9,67.8,2950.673343621
SWZ,Eswatini,2009,38.6,37.6,66.7,2973.834569124
SWZ,Eswatini,2010,45.6,39.2,68.5,3069.521757259
SWZ,Eswatini,2011,51.2,40.6,69.3,3108.702252531
SWZ,Eswatini,2012,54.3,42,68.8,3218.501382055
SWZ,Eswatini,2013,57.5,43.6,66.1,3332.119839279
SWZ,Eswatini,2014,65,44.5,68.3,3381.792920713
SWZ,Eswatini,2015,64.1,45.7,68.8,3419.822765595
SWZ,Eswatini,2016,63.4,47,64.3,3500.176888479
SWZ,Eswatini,2017,73.5,47.75,65.3,3596.236054005
SWZ,Eswatini,2018,74,48.4,65.7,3565.542850675
SWZ,Eswatini,2019,77,48.7,64.4,3759.671069647
SWZ,Eswatini,2020,80,49.4,63.7,3609.366913686
SWZ,Eswatini,2021,82.9,49.5,65.4,3719.038382398
SWZ,Eswatini,2022,82.3,49.9,64.7,3695.649571795
SWZ,Eswatini,2023,86.4,50.3,,3790.165767881
SXM,Sint Maarten (Dutch part),2000,100,,,
SXM,Sint Maarten (Dutch part),2001,99.9,,,
SXM,Sint Maarten (Dutch part),2002,99.9,,,
SXM,Sint Maarten (Dutch part),2003,99.8,,,
SXM,Sint Maarten (Dutch part),2004,99.8,,,
SXM,Sint Maarten (Dutch part),2005,99.7,,,
SXM,Sint Maarten (Dutch part),2006,99.7,,,
SXM,Sint Maarten (Dutch part),2007,99.7,,,
SXM,Sint Maarten (Dutch part),2008,99.7,,,
SXM,Sint Maarten (Dutch part),2009,99.7,,,37548.947462744
SXM,Sint Maarten (Dutch part),2010,100,,,38403.070520166
SXM,Sint Maarten (Dutch part),2011,100,,,39615.137136734
SXM,Sint Maarten (Dutch part),2012,100,,0,39298.987356783
SXM,Sint Maarten (Dutch part),2013,100,,0,38889.771508803
SXM,Sint Maarten (Dutch part),2014,100,,0,38623.199940582
SXM,Sint Maarten (Dutch part),2015,100,,0,37839.628381516
SXM,Sint Maarten (Dutch part),2016,100,,0,37428.702755707
SXM,Sint Maarten (Dutch part),2017,100,,0,33945.418518250
SXM,Sint Maarten (Dutch part),2018,100,,0,31047.724105063
SXM,Sint Maarten (Dutch part),2019,100,,0,33877.976645467
SXM,Sint Maarten (Dutch part),2020,100,,0,28920.377300716
SXM,Sint Maarten (Dutch part),2021,100,,0,29834.635006838
SXM,Sint Maarten (Dutch part),2022,100,,0,33523.604204274
SXM,Sint Maarten (Dutch part),2023,100,,,34300.963041435
SYC,Seychelles,2000,94.1,100,1.5,11703.753524612
SYC,Seychelles,2001,94.4,100,1.3,11427.941308302
SYC,Seychelles,2002,96.1,100,1.1,11218.260646431
SYC,Seychelles,2003,94.9,100,1.1,10677.969208127
SYC,Seychelles,2004,95.2,100,1,10412.086893603
SYC,Seychelles,2005,95.5,100,0.9,11297.311819049
SYC,Seychelles,2006,99,100,0.9,12105.447526556
SYC,Seychelles,2007,96.1,100,1,13112.821009882
SYC,Seychelles,2008,96.5,100,0.9,12473.292176912
SYC,Seychelles,2009,96.8,100,0.8,12116.378368798
SYC,Seychelles,2010,97,100,0.7,12313.556691925
SYC,Seychelles,2011,98.1,100,0.8,13843.711608188
SYC,Seychelles,2012,98.3,100,0.8,14135.001057065
SYC,Seychelles,2013,98,100,1.5,14050.313558131
SYC,Seychelles,2014,100,100,1.4,14395.615811877
SYC,Seychelles,2015,100,100,1.4,15333.105172711
SYC,Seychelles,2016,100,100,1.2,16962.675397273
SYC,Seychelles,2017,100,100,1.2,17921.573197692
SYC,Seychelles,2018,100,100,1.2,18628.186227670
SYC,Seychelles,2019,100,100,1.2,19481.646105374
SYC,Seychelles,2020,100,100,1.3,17048.361729788
SYC,Seychelles,2021,100,100,1.7,17005.042206368
SYC,Seychelles,2022,100,100,1.9,15471.210957542
SYC,Seychelles,2023,100,100,,16286.855786767
SYR,Syrian Arab Republic,2000,93.4,98.4,2,1248.383458576
SYR,Syrian Arab Republic,2001,93.1,98.7,2.1,1264.321407912
SYR,Syrian Arab Republic,2002,86.6,98.7,1.6,1331.125793531
SYR,Syrian Arab Republic,2003,92.6,98.8,1.9,1307.481249801
SYR,Syrian Arab Republic,2004,92.3,98.9,2.6,1363.613813541
SYR,Syrian Arab Republic,2005,92,98.8,2.1,1411.631666859
SYR,Syrian Arab Republic,2006,99.5,98.8,1.8,1420.720140521
SYR,Syrian Arab Republic,2007,91.5,98.7,1.5,1411.689096987
SYR,Syrian Arab Republic,2008,91.3,98.6,1.2,1423.594073048
SYR,Syrian Arab Republic,2009,91.1,98.5,0.9,1484.407180492
SYR,Syrian Arab Republic,2010,92.7,98.2,1.4,1526.365185903
SYR,Syrian Arab Republic,2011,91.5,98,1.6,1542.719039611
SYR,Syrian Arab Republic,2012,90.7,97.7,2,1142.292150650
SYR,Syrian Arab Republic,2013,90.4,97.3,3.1,884.328816905
SYR,Syrian Arab Republic,2014,90.2,96.7,2.7,847.658909814
SYR,Syrian Arab Republic,2015,90,96.2,0.6,847.731545353
SYR,Syrian Arab Republic,2016,89.8,95.6,1.3,802.968607901
SYR,Syrian Arab Republic,2017,89.6,95.05,1.1,795.881817153
SYR,Syrian Arab Republic,2018,86,94.3,0.9,792.412864720
SYR,Syrian Arab Republic,2019,89.2,93.2,1,771.517948289
SYR,Syrian Arab Republic,2020,89,92.4,1.1,753.135305709
SYR,Syrian Arab Republic,2021,88.8,91.1,1.1,746.077458768
SYR,Syrian Arab Republic,2022,89,90.1,,716.943843934
SYR,Syrian Arab Republic,2023,88.4,88.8,,
TCA,Turks and Caicos Islands,2000,95.6,,0.4,
TCA,Turks and Caicos Islands,2001,94.9,,0.4,
TCA,Turks and Caicos Islands,2002,95.2,,0.4,
TCA,Turks and Caicos Islands,2003,95.4,,0.4,
TCA,Turks and Caicos Islands,2004,95.7,,0.4,
TCA,Turks and Caicos Islands,2005,96,,0.4,
TCA,Turks and Caicos Islands,2006,96.2,,0.3,
TCA,Turks and Caicos Islands,2007,96.6,,0.3,37466.182261473
TCA,Turks and Caicos Islands,2008,96.9,,0.3,38854.107569881
TCA,Turks and Caicos Islands,2009,100,,0.3,29988.599737517
TCA,Turks and Caicos Islands,2010,100,,0.3,29111.872922319
TCA,Turks and Caicos Islands,2011,100,,0.4,29363.947592737
TCA,Turks and Caicos Islands,2012,93.1,,0.4,27441.333598702
TCA,Turks and Caicos Islands,2013,100,,0.4,26477.541071958
TCA,Turks and Caicos Islands,2014,100,,0.4,27636.821022807
TCA,Turks and Caicos Islands,2015,100,,0.4,29457.014069116
TCA,Turks and Caicos Islands,2016,100,,0.4,30183.000294988
TCA,Turks and Caicos Islands,2017,100,,0.3,50586.103233515
TCA,Turks and Caicos Islands,2018,100,,0.4,51863.183030933
TCA,Turks and Caicos Islands,2019,100,,0.5,52419.886212862
TCA,Turks and Caicos Islands,2020,99.4,,0.5,33739.425399174
TCA,Turks and Caicos Islands,2021,100,,0.8,42907.749246591
TCA,Turks and Caicos Islands,2022,99.9,,0.8,48307.307924550
TCA,Turks and Caicos Islands,2023,100,,,54523.033092715
TCD,Chad,2000,3.1,2.7,88.7,530.600331266
TCD,Chad,2001,3.4,2.6,88.6,572.806706826
TCD,Chad,2002,3.8,2.4,88.5,600.171451975
TCD,Chad,2003,4.1,2.3,83.9,661.556916679
TCD,Chad,2004,3.5,2.3,84,845.518131166
TCD,Chad,2005,4.8,2.3,83.8,952.871910087
TCD,Chad,2006,5.1,2.2,83.7,914.210664589
TCD,Chad,2007,5.5,2.3,82.4,920.352815678
TCD,Chad,2008,5.9,2.4,79.8,916.087274635
TCD,Chad,2009,6.3,2.5,79.4,871.485311278
TCD,Chad,2010,6.4,2.7,79.2,956.953018707
TCD,Chad,2011,9,2.9,80.7,965.286963560
TCD,Chad,2012,7.8,3.1,76.1,1016.421520619
TCD,Chad,2013,8.1,3.5,72.6,1008.617114290
TCD,Chad,2014,8.4,3.8,72.5,993.321157706
TCD,Chad,2015,7.7,4.3,72.7,993.990730611
TCD,Chad,2016,9.2,4.7,72.7,923.565872051
TCD,Chad,2017,10.9,5.2,72.8,879.075895464
TCD,Chad,2018,10.1,5.9,73.1,898.834794005
TCD,Chad,2019,8.4,6.6,72.8,917.203710060
TCD,Chad,2020,10.9,7.4,71.9,884.980541935
TCD,Chad,2021,11.3,8,69.9,857.527630580
TCD,Chad,2022,11.7,8.8,70,862.602128173
TCD,Chad,2023,12,9.7,,856.985507284
TGO,Togo,2000,17,0.3,77.1,730.148392770
TGO,Togo,2001,19.6,0.4,82,718.084179470
TGO,Togo,2002,21.3,0.5,78.7,727.322768685
TGO,Togo,2003,23,0.7,74.8,757.076842057
TGO,Togo,2004,24.8,0.9,76.1,731.610797958
TGO,Togo,2005,26.5,1.1,77.2,680.485159475
TGO,Togo,2006,27.9,1.5,79.7,678.890227391
TGO,Togo,2007,30,1.9,79.9,650.046681356
TGO,Togo,2008,31.8,2.3,76.5,654.896723036
TGO,Togo,2009,33.7,2.8,63.4,668.669623162
TGO,Togo,2010,30.8,3.4,65.8,686.014185396
TGO,Togo,2011,39.7,3.9,69.1,706.442158827
TGO,Togo,2012,39.1,4.65,72.7,733.683602930
TGO,Togo,2013,41,5.2,76.2,759.841612444
TGO,Togo,2014,45.7,6,81.4,786.587399651
TGO,Togo,2015,44.7,6.8,81,813.894676975
TGO,Togo,2016,46.8,7.5,80.7,832.959515988
TGO,Togo,2017,48,8.1,78.4,851.735728621
TGO,Togo,2018,50,9,76.7,876.562800916
TGO,Togo,2019,52.5,9.7,78.6,900.166602438
TGO,Togo,2020,54.1,10.6,76.2,899.748802355
TGO,Togo,2021,55.7,11.4,75.1,928.301087693
TGO,Togo,2022,57.2,12.3,,970.535975823
TGO,Togo,2023,59.2,13.2,,1011.230892782
THA,Thailand,2000,82.1,59.9,21.8,3514.716629706
THA,Thailand,2001,90.4,61.3,19.9,3599.025248774
THA,Thailand,2002,91,62.9,19.9,3783.754220733
THA,Thailand,2003,91.6,64.4,20.2,4018.155381871
THA,Thailand,2004,92.2,65.6,19.9,4232.771572619
THA,Thailand,2005,92.8,67,20.1,4372.257302063
THA,Thailand,2006,99.1,68.2,20.5,4551.525001831
THA,Thailand,2007,94.1,69.6,21.6,4760.667084648
THA,Thailand,2008,94.8,70.8,22.6,4805.763939908
THA,Thailand,2009,99,71.8,22.8,4737.456797633
THA,Thailand,2010,99.7,73.1,22.8,5059.357478317
THA,Thailand,2011,99.3,74.3,23,5070.237401919
THA,Thailand,2012,99.1,75.5,23.6,5403.878460363
THA,Thailand,2013,99.4,76.7,23.2,5516.611641641
THA,Thailand,2014,99.5,77.7,24.4,5541.465993618
THA,Thailand,2015,99.6,78.9,22.6,5688.853353979
THA,Thailand,2016,99.9,80,22.4,5857.780529359
THA,Thailand,2017,99.9,81.1,22.2,6076.743077001
THA,Thailand,2018,99.8,82,23.7,6314.199484120
THA,Thailand,2019,99.9,83.2,23.9,6434.537705180
THA,Thailand,2020,100,84.4,20.9,6032.422446068
THA,Thailand,2021,100,85.2,19,6119.110185261
THA,Thailand,2022,99.9,86,,6279.822504160
THA,Thailand,2023,100,86.8,,6423.991011641
TJK,Tajikistan,2000,98.5,36.3,62.4,429.537300985
TJK,Tajikistan,2001,98.6,39.95,64.1,461.681195760
TJK,Tajikistan,2002,99,43.5,64.2,501.808566471
TJK,Tajikistan,2003,100,47.5,64.6,546.391479809
TJK,Tajikistan,2004,98.5,51,61.4,590.957111386
TJK,Tajikistan,2005,99.3,54.3,63.7,618.333702589
TJK,Tajikistan,2006,98.6,57.7,61.6,649.163328755
TJK,Tajikistan,2007,98.6,60.7,53.8,686.480901924
TJK,Tajikistan,2008,98.6,63.65,54.6,726.185491338
TJK,Tajikistan,2009,99,66.3,60.6,739.212878526
TJK,Tajikistan,2010,98.8,68.6,61.8,770.604105394
TJK,Tajikistan,2011,98.9,71,60,809.368229154
TJK,Tajikistan,2012,99.1,72.8,55.8,849.519080832
TJK,Tajikistan,2013,99,74.9,55.1,889.882383100
TJK,Tajikistan,2014,99.1,76.6,45.9,925.970961483
TJK,Tajikistan,2015,98,78.1,48.1,956.916310931
TJK,Tajikistan,2016,99.3,79.7,43.7,997.352614557
TJK,Tajikistan,2017,99.3,81.2,44.2,1042.263917576
TJK,Tajikistan,2018,99.3,82.35,41.6,1094.800201822
TJK,Tajikistan,2019,99.4,83.8,40.1,1148.346767125
TJK,Tajikistan,2020,99.5,84.8,38.8,1171.901274804
TJK,Tajikistan,2021,99.6,85.8,34.9,1254.069995923
TJK,Tajikistan,2022,100,86.9,,1325.755452908
TJK,Tajikistan,2023,100,87.9,,1407.107543622
TKM,Turkmenistan,2000,99.6,99.3,0.1,2256.402403240
TKM,Turkmenistan,2001,99.6,99.4,0.1,2307.719560187
TKM,Turkmenistan,2002,99.6,99.5,0.1,2268.028242446
TKM,Turkmenistan,2003,99.6,99.6,0.1,2296.708423072
TKM,Turkmenistan,2004,99.5,99.7,0.1,2365.721902645
TKM,Turkmenistan,2005,99.5,99.7,0.1,2624.231566884
TKM,Turkmenistan,2006,99.8,99.8,0.1,2858.532241436
TKM,Turkmenistan,2007,99.6,99.8,0.1,3115.979275183
TKM,Turkmenistan,2008,99.6,99.9,0.1,3506.504536948
TKM,Turkmenistan,2009,99.7,99.9,0.1,3647.678130838
TKM,Turkmenistan,2010,100,99.9,0.1,3902.542001187
TKM,Turkmenistan,2011,99.8,99.9,0.1,4383.143808726
TKM,Turkmenistan,2012,99.9,99.9,0,4762.660475364
TKM,Turkmenistan,2013,99.9,99.9,0.1,5131.140873285
TKM,Turkmenistan,2014,100,99.9,0.1,5535.501612978
TKM,Turkmenistan,2015,100,99.9,0.1,5759.497903834
TKM,Turkmenistan,2016,100,99.9,0.1,5979.476276611
TKM,Turkmenistan,2017,100,99.9,0.1,6221.419627590
TKM,Turkmenistan,2018,100,99.9,0.1,6460.130159208
TKM,Turkmenistan,2019,99.9,99.9,0.1,6719.323201577
TKM,Turkmenistan,2020,100,99.9,0.1,6964.381628870
TKM,Turkmenistan,2021,100,99.9,0.1,7244.613858803
TKM,Turkmenistan,2022,100,99.8,,7549.253019304
TKM,Turkmenistan,2023,100,99.8,,7879.965597897
TLS,Timor-Leste,2000,17.8,0.9,,1117.564297961
TLS,Timor-Leste,2001,25.6,1.1,,1192.747961622
TLS,Timor-Leste,2002,24.1,1.3,48.2,1028.131934225
TLS,Timor-Leste,2003,27.7,1.5,47.9,964.322564618
TLS,Timor-Leste,2004,30.4,1.8,44,955.470548287
TLS,Timor-Leste,2005,33.5,2,43.6,964.026614174
TLS,Timor-Leste,2006,36.7,2.4,41.9,897.573763671
TLS,Timor-Leste,2007,36.6,2.8,41.9,961.848462090
TLS,Timor-Leste,2008,43.1,3.2,39.7,1042.868354430
TLS,Timor-Leste,2009,46.3,3.9,36.9,1120.096984484
TLS,Timor-Leste,2010,38,4.5,34.8,1195.380678032
TLS,Timor-Leste,2011,52.7,5.2,32.8,1237.483832843
TLS,Timor-Leste,2012,56,5.9,25.6,1269.416292761
TLS,Timor-Leste,2013,59.2,6.8,22.6,1281.928640926
TLS,Timor-Leste,2014,62.4,7.8,18.1,1312.964940795
TLS,Timor-Leste,2015,67.3,8.9,18,1319.592973710
TLS,Timor-Leste,2016,76.5,9.9,12.7,1333.658546843
TLS,Timor-Leste,2017,79.5,11.2,13.2,1267.086601429
TLS,Timor-Leste,2018,85.2,12.4,12.7,1237.200647304
TLS,Timor-Leste,2019,90.6,13.6,11.7,1507.247482944
TLS,Timor-Leste,2020,96,14.9,11.4,1947.839971389
TLS,Timor-Leste,2021,100,16.3,12.1,2015.820392462
TLS,Timor-Leste,2022,99.7,17.8,11.4,1579.710846809
TLS,Timor-Leste,2023,100,19.1,,1279.211224161
TON,Tonga,2000,85.6,33.7,2.5,3866.685913143
TON,Tonga,2001,86.3,36.4,2.7,3901.180720399
TON,Tonga,2002,87,39.1,2.5,4050.989623134
TON,Tonga,2003,87.6,41.8,2,4030.196905526
TON,Tonga,2004,88.3,44.2,2.1,3928.060307245
TON,Tonga,2005,89,46.8,2.1,3880.070541585
TON,Tonga,2006,92.3,49.8,1.9,3775.248485708
TON,Tonga,2007,90.5,52.2,2.2,3665.895499723
TON,Tonga,2008,91.2,54.5,2,3833.601690583
TON,Tonga,2009,92,56.9,1.8,3630.760969951
TON,Tonga,2010,92.8,59.4,1,3653.978172651
TON,Tonga,2011,92.2,62,1.1,3892.768077507
TON,Tonga,2012,92.8,64.9,1.1,3932.593671807
TON,Tonga,2013,95.1,68,1.6,3962.169809488
TON,Tonga,2014,95.9,70.65,1.7,4058.815844475
TON,Tonga,2015,100,73.2,1.9,4123.903472388
TON,Tonga,2016,97,75.95,2,4419.814747004
TON,Tonga,2017,98.2,78.5,2,4568.624849625
TON,Tonga,2018,99,81,1.8,4583.559685657
TON,Tonga,2019,98.4,83.2,1.8,4566.075087007
TON,Tonga,2020,99.9,85.2,1.9,4647.007752916
TON,Tonga,2021,100,87,1.8,4612.900869133
TON,Tonga,2022,100,88.6,2.3,4533.968098201
TON,Tonga,2023,100,90.1,,4680.300106644
TTO,Trinidad and Tobago,2000,91.3,100,0.8,10023.020666921
TTO,Trinidad and Tobago,2001,96.3,100,0.7,10395.204104222
TTO,Trinidad and Tobago,2002,96.5,100,0.7,11165.960015838
TTO,Trinidad and Tobago,2003,96.7,100,0.6,12714.500433485
TTO,Trinidad and Tobago,2004,96.8,100,0.6,13657.253499560
TTO,Trinidad and Tobago,2005,95,100,0.5,15075.417970990
TTO,Trinidad and Tobago,2006,100,100,0.6,17021.224167956
TTO,Trinidad and Tobago,2007,100,100,0.4,17758.699522465
TTO,Trinidad and Tobago,2008,100,100,0.5,18285.273544199
TTO,Trinidad and Tobago,2009,99,100,0.5,17461.964094005
TTO,Trinidad and Tobago,2010,100,100,0.4,17938.094945946
TTO,Trinidad and Tobago,2011,97.5,100,0.4,17746.509252615
TTO,Trinidad and Tobago,2012,100,100,0.4,18835.667412295
TTO,Trinidad and Tobago,2013,100,100,0.4,19392.197459378
TTO,Trinidad and Tobago,2014,100,100,0.3,20032.540200172
TTO,Trinidad and Tobago,2015,100,100,0.4,19887.232771650
TTO,Trinidad and Tobago,2016,100,100,0.4,18331.034459758
TTO,Trinidad and Tobago,2017,100,100,0.4,17402.615532845
TTO,Trinidad and Tobago,2018,100,100,0.5,17205.615135339
TTO,Trinidad and Tobago,2019,100,100,0.4,17225.361633712
TTO,Trinidad and Tobago,2020,100,100,0.5,15679.961148682
TTO,Trinidad and Tobago,2021,100,100,0.5,15558.094053683
TTO,Trinidad and Tobago,2022,100,100,,15712.230497272
TTO,Trinidad and Tobago,2023,98.7,100,,15922.766834979
TUN,Tunisia,2000,94.8,91.1,14.2,2864.547036666
TUN,Tunisia,2001,97.3,93.1,14.2,2941.738935929
TUN,Tunisia,2002,97.8,94.7,14.6,2950.204109591
TUN,Tunisia,2003,98.4,95.8,14.1,3058.228958278
TUN,Tunisia,2004,99,96.8,13.9,3218.723207485
TUN,Tunisia,2005,99.2,97.4,14.2,3301.938172160
TUN,Tunisia,2006,99.4,98.1,14.3,3444.551352609
TUN,Tunisia,2007,99.4,98.5,14.3,3642.119774448
TUN,Tunisia,2008,99.4,98.9,14.6,3760.118284787
TUN,Tunisia,2009,99.5,99.1,16.1,3835.250119393
TUN,Tunisia,2010,99.5,99.3,12.6,3906.906258676
TUN,Tunisia,2011,99.5,99.5,13.2,3784.741290340
TUN,Tunisia,2012,99.5,99.6,13,3900.046201327
TUN,Tunisia,2013,99.7,99.7,13.2,3947.587635332
TUN,Tunisia,2014,99.8,99.8,12.9,4021.599547036
TUN,Tunisia,2015,99.9,99.8,12.5,4014.947736864
TUN,Tunisia,2016,100,99.8,12.4,4015.288938027
TUN,Tunisia,2017,100,99.9,11.8,4062.806065345
TUN,Tunisia,2018,99.8,99.9,11.9,4127.970056980
TUN,Tunisia,2019,100,99.9,12.2,4153.279786155
TUN,Tunisia,2020,99.9,99.9,12.9,3749.268414529
TUN,Tunisia,2021,99.9,99.9,11.6,3902.533229902
TUN,Tunisia,2022,100,99.9,,3986.545583257
TUN,Tunisia,2023,100,99.9,,3967.333876345
TUR,Turkiye,2000,99.9,89.7,17.3,6326.257464725
TUR,Turkiye,2001,99.9,90.4,18.1,5906.923485367
TUR,Turkiye,2002,99.8,91.2,17.5,6211.705429604
TUR,Turkiye,2003,99.8,91.7,16.3,6496.072772946
TUR,Turkiye,2004,99.7,92.2,16.8,7061.622197950
TUR,Turkiye,2005,99.7,92.7,15.3,7623.146409485
TUR,Turkiye,2006,99.7,93,14.2,8078.515378757
TUR,Turkiye,2007,99.7,93.5,12.5,8477.533283934
TUR,Turkiye,2008,99.7,93.8,12.5,8447.939763969
TUR,Turkiye,2009,99.7,93.9,13.1,7925.301104212
TUR,Turkiye,2010,100,94.2,14.2,8472.578090501
TUR,Turkiye,2011,100,94.4,12.7,9265.859102386
TUR,Turkiye,2012,100,94.5,13,9588.320665314
TUR,Turkiye,2013,100,94.7,13.8,10269.448914077
TUR,Turkiye,2014,100,94.9,11.5,10597.980188172
TUR,Turkiye,2015,100,95,13.3,11064.649450466
TUR,Turkiye,2016,100,95,13.2,11279.616953157
TUR,Turkiye,2017,100,95.1,11.4,12005.645982483
TUR,Turkiye,2018,100,95.2,11.8,12255.008214617
TUR,Turkiye,2019,100,95.1,14.1,12238.295022013
TUR,Turkiye,2020,100,95.3,13.7,12338.643833135
TUR,Turkiye,2021,100,95.3,12,13670.938029516
TUR,Turkiye,2022,100,95.3,,14273.574765487
TUR,Turkiye,2023,100,95.3,,14932.885136312
TUV,Tuvalu,2000,94.6,7.3,0,3051.378942049
TUV,Tuvalu,2001,94.8,8.9,0,3059.143051594
TUV,Tuvalu,2002,94.6,10.4,0,3300.841832362
TUV,Tuvalu,2003,95.1,12.8,0,3133.782080162
TUV,Tuvalu,2004,95.3,15.3,0,3036.711731269
TUV,Tuvalu,2005,95.5,18.4,0,2886.473607094
TUV,Tuvalu,2006,95.7,22.4,0,2890.297904263
TUV,Tuvalu,2007,96.7,27.2,0,3051.649989816
TUV,Tuvalu,2008,96.2,32.95,0.2,3208.621507901
TUV,Tuvalu,2009,96.5,38.6,0.2,2987.771616136
TUV,Tuvalu,2010,96.7,44.6,0.4,2872.020113433
TUV,Tuvalu,2011,97,50.5,0.2,3040.447431240
TUV,Tuvalu,2012,97.7,55.3,0.3,2912.109122657
TUV,Tuvalu,2013,97.6,60,0.7,3004.504923199
TUV,Tuvalu,2014,97.9,63.6,0.7,3059.324422499
TUV,Tuvalu,2015,98.1,66.9,3,3352.667224002
TUV,Tuvalu,2016,97.3,69.4,7.3,3523.413455504
TUV,Tuvalu,2017,98.7,71.3,7,3658.980292504
TUV,Tuvalu,2018,99,73.5,6.4,3750.435628172
TUV,Tuvalu,2019,99.7,73.95,6.3,4323.097031969
TUV,Tuvalu,2020,99.4,75,5,4265.462792893
TUV,Tuvalu,2021,99.7,76.4,5,4351.240688963
TUV,Tuvalu,2022,100,76.75,5.2,3953.667953500
TUV,Tuvalu,2023,100,77,,4165.769387056
TZA,Tanzania,2000,8.7,0.6,93.6,555.348083496
TZA,Tanzania,2001,9.7,0.6,93.1,573.400146484
TZA,Tanzania,2002,10.7,0.7,92.4,598.421569824
TZA,Tanzania,2003,11.1,0.7,92.4,621.720703125
TZA,Tanzania,2004,11.4,0.8,91.3,650.516540527
TZA,Tanzania,2005,13.8,0.8,90.3,680.051208496
TZA,Tanzania,2006,14.9,0.9,89.9,704.502746582
TZA,Tanzania,2007,15.9,1,90.6,731.520019531
TZA,Tanzania,2008,11.5,1.1,90.3,752.540466309
TZA,Tanzania,2009,11.2,1.2,91,772.929565430
TZA,Tanzania,2010,14.8,1.4,89.4,801.299316406
TZA,Tanzania,2011,14.2,1.7,87.6,838.999267578
TZA,Tanzania,2012,15.3,2,85.2,851.910705566
TZA,Tanzania,2013,16.4,2.4,84.5,882.811523438
TZA,Tanzania,2014,23.5,2.8,84.7,913.811218262
TZA,Tanzania,2015,26.2,3.4,82.8,939.127319336
TZA,Tanzania,2016,32.8,4,81.7,970.156127930
TZA,Tanzania,2017,32.1,4.6,82,1001.558959961
TZA,Tanzania,2018,34.9,5.4,81.3,1024.015258789
TZA,Tanzania,2019,37.7,6,80.4,1051.766601562
TZA,Tanzania,2020,39.9,6.9,80.8,1041.259643555
TZA,Tanzania,2021,42.7,7.8,78.3,1054.317260742
TZA,Tanzania,2022,45.8,8.7,,1070.585327148
TZA,Tanzania,2023,48.3,9.8,,1092.864135742
UGA,Uganda,2000,7.4,0.8,95.3,509.197553190
UGA,Uganda,2001,8.6,0.8,95.5,519.456547891
UGA,Uganda,2002,7.8,0.8,95.6,547.405338920
UGA,Uganda,2003,10.5,0.8,95.6,564.720539197
UGA,Uganda,2004,11.6,0.8,95.3,585.339489081
UGA,Uganda,2005,8.9,0.8,94.5,604.404813058
UGA,Uganda,2006,9,0.8,94.2,650.270540867
UGA,Uganda,2007,14.8,0.8,94.1,684.542241787
UGA,Uganda,2008,15.9,0.8,94.1,722.565167003
UGA,Uganda,2009,10,0.8,94.3,749.342865535
UGA,Uganda,2010,12.1,0.9,93.6,768.624091660
UGA,Uganda,2011,14.6,0.9,93.3,816.516366587
UGA,Uganda,2012,20.5,0.9,93.4,823.580468285
UGA,Uganda,2013,13.9,0.9,93.1,828.988669730
UGA,Uganda,2014,20.4,0.9,92.4,845.978664791
UGA,Uganda,2015,18.5,1,91.7,862.934610356
UGA,Uganda,2016,26.7,1.1,91.4,874.648370639
UGA,Uganda,2017,32.4,1.1,91.3,871.093880017
UGA,Uganda,2018,41.9,1.2,90.5,895.075127854
UGA,Uganda,2019,41.3,1.3,90.5,920.939101516
UGA,Uganda,2020,42.1,1.4,91.6,917.035031764
UGA,Uganda,2021,45.2,1.5,91,919.401675217
UGA,Uganda,2022,47.1,1.6,90.9,933.094056370
UGA,Uganda,2023,51.5,1.8,,955.745797275
UKR,Ukraine,2000,99.1,91.2,1.2,1409.22265625
UKR,Ukraine,2001,99.2,91.7,1.2,1547.278320312
UKR,Ukraine,2002,99.3,92.1,1,1644.28125
UKR,Ukraine,2003,99.3,92.5,1,1814.258544922
UKR,Ukraine,2004,99.4,93,1.2,2042.444946289
UKR,Ukraine,2005,99.9,93.3,1.3,2122.6015625
UKR,Ukraine,2006,99.5,93.65,1.8,2298.132324219
UKR,Ukraine,2007,99.8,93.9,2.4,2498.352050781
UKR,Ukraine,2008,99.8,94.1,2.7,2567.694091797
UKR,Ukraine,2009,99.9,94.3,3,2188.170166016
UKR,Ukraine,2010,100,94.5,2.9,2285.933837891
UKR,Ukraine,2011,100,94.7,2.7,2418.120849609
UKR,Ukraine,2012,99.9,94.8,2.9,2426.929443359
UKR,Ukraine,2013,100,95,3.5,2432.416259766
UKR,Ukraine,2014,100,95.1,3.5,2308.643554688
UKR,Ukraine,2015,100,95.1,4.2,2094.473876953
UKR,Ukraine,2016,100,95.1,5.5,2156.083007812
UKR,Ukraine,2017,100,95.1,6.5,2217.752929688
UKR,Ukraine,2018,100,95.1,6.9,2308.666992188
UKR,Ukraine,2019,100,95.1,7.4,2398.078369141
UKR,Ukraine,2020,100,95.3,8.7,2324.107421875
UKR,Ukraine,2021,100,95.1,8.9,2426.612304688
UKR,Ukraine,2022,100,95.1,,1874.662963867
UKR,Ukraine,2023,100,94.9,,2164.261230469
URY,Uruguay,2000,97.6,100,38.7,11096.330956949
URY,Uruguay,2001,97.7,100,41.6,10643.557401927
URY,Uruguay,2002,97.8,100,43.2,9806.771306436
URY,Uruguay,2003,97.9,100,43.8,9878.756843441
URY,Uruguay,2004,98,100,39.3,10366.906738287
URY,Uruguay,2005,98,100,41.3,11131.398489004
URY,Uruguay,2006,98.5,100,37.6,11574.470540231
URY,Uruguay,2007,98.7,100,43.2,12310.482735502
URY,Uruguay,2008,98.8,100,44.1,13165.83628166
URY,Uruguay,2009,99.1,100,44.6,13691.71420689
URY,Uruguay,2010,99.3,100,53.3,14722.378008119
URY,Uruguay,2011,99.2,100,49.7,15443.996192640
URY,Uruguay,2012,99.6,100,47.9,15949.317698544
URY,Uruguay,2013,99.6,100,51.9,16639.405475065
URY,Uruguay,2014,99.7,100,56.7,17122.036456323
URY,Uruguay,2015,99.7,100,59.4,17125.901680030
URY,Uruguay,2016,99.7,100,60.3,17357.234999284
URY,Uruguay,2017,99.8,100,60.8,17611.603680087
URY,Uruguay,2018,99.8,100,60.8,17608.94412947
URY,Uruguay,2019,99.9,100,59.3,17758.438427340
URY,Uruguay,2020,100,100,61.2,16443.363490131
URY,Uruguay,2021,100,100,57.8,17416.005230847
URY,Uruguay,2022,100,100,,18249.291216883
URY,Uruguay,2023,100,100,,18403.675312516
USA,United States,2000,100,100,5.4,48616.254628243
USA,United States,2001,100,100,4.7,48597.424612412
USA,United States,2002,100,100,4.8,48967.366121758
USA,United States,2003,100,100,5.3,49905.523308079
USA,United States,2004,100,100,5.5,51348.347338602
USA,United States,2005,100,100,5.8,52649.571306046
USA,United States,2006,100,100,6.4,53596.315236412
USA,United States,2007,100,100,6.3,54152.829267355
USA,United States,2008,100,100,6.8,53703.962897927
USA,United States,2009,100,100,7.3,51863.618341656
USA,United States,2010,100,100,7.4,52812.682986928
USA,United States,2011,100,100,8.4,53215.536231439
USA,United States,2012,100,100,8.5,54000.841077822
USA,United States,2013,100,100,8.9,54728.860179812
USA,United States,2014,100,100,9,55665.241118780
USA,United States,2015,100,100,8.9,56849.469792316
USA,United States,2016,100,100,9.3,57430.849929880
USA,United States,2017,100,100,9.7,58435.970753562
USA,United States,2018,100,100,9.9,59817.655679861
USA,United States,2019,100,100,10.2,61047.964823881
USA,United States,2020,100,100,11,59533.609024416
USA,United States,2021,100,100,10.9,63096.785614975
USA,United States,2022,100,100,,64322.233281914
USA,United States,2023,100,100,,65667.281580468
UZB,Uzbekistan,2000,99.6,83,0.7,1397.012023510
UZB,Uzbekistan,2001,99.6,83.5,0.8,1437.594728045
UZB,Uzbekistan,2002,99.7,83.9,1,1476.492587400
UZB,Uzbekistan,2003,99.5,84.2,1.4,1520.354932854
UZB,Uzbekistan,2004,99.5,84.6,1,1613.642738829
UZB,Uzbekistan,2005,99.4,85.1,1.6,1704.338932072
UZB,Uzbekistan,2006,99.5,85.2,0.8,1807.873286262
UZB,Uzbekistan,2007,99.5,85.2,0.9,1951.578789079
UZB,Uzbekistan,2008,99.5,85.4,0.8,2095.382145344
UZB,Uzbekistan,2009,99.5,85.4,1.2,2228.055268567
UZB,Uzbekistan,2010,99.6,85.4,1.3,2359.641990676
UZB,Uzbekistan,2011,99.7,85.3,0.9,2512.687838070
UZB,Uzbekistan,2012,99.7,85.2,1.3,2657.099090842
UZB,Uzbekistan,2013,99.8,84.7,1.2,2823.002053793
UZB,Uzbekistan,2014,99.8,84.5,1.4,2990.563397512
UZB,Uzbekistan,2015,99.9,84.2,1.7,3172.898993911
UZB,Uzbekistan,2016,99.9,83.4,1.6,3327.909322064
UZB,Uzbekistan,2017,100,83.2,1.7,3425.788196964
UZB,Uzbekistan,2018,100,82.25,1.5,3559.854365948
UZB,Uzbekistan,2019,100,81.95,1.6,3733.504357549
UZB,Uzbekistan,2020,100,80.7,1,3723.821332644
UZB,Uzbekistan,2021,99.9,79.8,1,3951.996573274
UZB,Uzbekistan,2022,100,79,,4109.084210317
UZB,Uzbekistan,2023,100,78.1,,4281.205421212
VCT,St. Vincent and the Grenadines,2000,80,96,8.5,5067.967394674
VCT,St. Vincent and the Grenadines,2001,82.4,96.1,6.2,5158.566176788
VCT,St. Vincent and the Grenadines,2002,82.4,96,6.1,5441.526488675
VCT,St. Vincent and the Grenadines,2003,83.7,95.8,5.6,5816.207883594
VCT,St. Vincent and the Grenadines,2004,84.9,95.9,5.9,6071.949452692
VCT,St. Vincent and the Grenadines,2005,86.2,95.8,5.8,6244.359537460
VCT,St. Vincent and the Grenadines,2006,87.5,95.9,5.3,6707.278759857
VCT,St. Vincent and the Grenadines,2007,88.8,95.7,4.7,6960.171515007
VCT,St. Vincent and the Grenadines,2008,90.1,95.7,5.3,7019.995084387
VCT,St. Vincent and the Grenadines,2009,91.4,95.6,4.1,6955.823583453
VCT,St. Vincent and the Grenadines,2010,92.7,95.5,5.1,6678.042006973
VCT,St. Vincent and the Grenadines,2011,94.1,95.3,6.1,6674.581989661
VCT,St. Vincent and the Grenadines,2012,95.4,95.1,5,6790.683259583
VCT,St. Vincent and the Grenadines,2013,96.8,94.8,5.4,6996.573861513
VCT,St. Vincent and the Grenadines,2014,98.1,94.5,3.3,7116.220713472
VCT,St. Vincent and the Grenadines,2015,99.4,94.1,4.3,7353.735560542
VCT,St. Vincent and the Grenadines,2016,99.7,93.9,4.1,7702.894263565
VCT,St. Vincent and the Grenadines,2017,100,93.3,5.3,7872.926905371
VCT,St. Vincent and the Grenadines,2018,100,92.7,4.9,8179.995989571
VCT,St. Vincent and the Grenadines,2019,100,92.4,5.4,8294.674344867
VCT,St. Vincent and the Grenadines,2020,100,91.9,5.2,7989.746519336
VCT,St. Vincent and the Grenadines,2021,100,90.8,5,8211.335880129
VCT,St. Vincent and the Grenadines,2022,100,90.4,5.1,8532.738134134
VCT,St. Vincent and the Grenadines,2023,100,89.5,,9051.352080110
VEN,"Venezuela, RB",2000,98.9,97.6,15.3,3732.151524756
VEN,"Venezuela, RB",2001,99.9,97.4,14,3789.565782374
VEN,"Venezuela, RB",2002,99.8,97.3,12.8,3396.897463620
VEN,"Venezuela, RB",2003,95.7,97.25,13.4,3078.261410261
VEN,"Venezuela, RB",2004,99.1,97.2,14.6,3576.823706243
VEN,"Venezuela, RB",2005,98.8,97.1,14.2,3875.814096285
VEN,"Venezuela, RB",2006,99.3,97.1,15.6,4190.566070501
VEN,"Venezuela, RB",2007,98.9,96.9,16.6,4489.565716626
VEN,"Venezuela, RB",2008,98.9,97,16.4,4655.651367151
VEN,"Venezuela, RB",2009,99,96.9,16.2,4451.374460742
VEN,"Venezuela, RB",2010,99.1,96.8,13.8,4323.733015347
VEN,"Venezuela, RB",2011,98.8,96.7,14.8,4444.551590795
VEN,"Venezuela, RB",2012,99.3,96.5,13.8,4638.412098005
VEN,"Venezuela, RB",2013,99.4,96.5,15.4,4642.551493148
VEN,"Venezuela, RB",2014,100,96.3,12.1,4412.979592131
VEN,"Venezuela, RB",2015,100,96.1,15.4,4096.619891375
VEN,"Venezuela, RB",2016,99.4,95.8,14.6,3374.430916082
VEN,"Venezuela, RB",2017,99.2,95.5,14.3,2863.332278464
VEN,"Venezuela, RB",2018,99.9,95.4,14.6,2359.382383450
VEN,"Venezuela, RB",2019,99.8,94.9,15.8,1759.055473645
VEN,"Venezuela, RB",2020,99.9,94.55,31.2,1255.864570681
VEN,"Venezuela, RB",2021,100,94.4,33.7,1272.943975165
VEN,"Venezuela, RB",2022,100,93.9,,1376.938012271
VEN,"Venezuela, RB",2023,100,93.5,,1427.886559438
VGB,British Virgin Islands,2000,97.1,,0.9,
VGB,British Virgin Islands,2001,97.2,,0.9,
VGB,British Virgin Islands,2002,97.3,,0.8,
VGB,British Virgin Islands,2003,97.4,,0.8,
VGB,British Virgin Islands,2004,97.5,,0.8,
VGB,British Virgin Islands,2005,97.6,,0.8,
VGB,British Virgin Islands,2006,97.8,,0.7,
VGB,British Virgin Islands,2007,97.9,,0.7,
VGB,British Virgin Islands,2008,98.1,,0.7,
VGB,British Virgin Islands,2009,98.3,,0.7,
VGB,British Virgin Islands,2010,98.3,,0.7,
VGB,British Virgin Islands,2011,98.7,,0.9,
VGB,British Virgin Islands,2012,98.9,,0.9,
VGB,British Virgin Islands,2013,99.1,,1,
VGB,British Virgin Islands,2014,99.2,,1,
VGB,British Virgin Islands,2015,100,,1,
VGB,British Virgin Islands,2016,100,,1,
VGB,British Virgin Islands,2017,100,,1.1,
VGB,British Virgin Islands,2018,100,,1.2,
VGB,British Virgin Islands,2019,100,,1.2,
VGB,British Virgin Islands,2020,100,,1.3,
VGB,British Virgin Islands,2021,100,,1.3,
VGB,British Virgin Islands,2022,100,,1.3,
VGB,British Virgin Islands,2023,100,,,
VIR,Virgin Islands (U.S.),2000,100,,0.5,
VIR,Virgin Islands (U.S.),2001,100,,0.6,
VIR,Virgin Islands (U.S.),2002,100,,0.6,43205.724674039
VIR,Virgin Islands (U.S.),2003,100,,0.6,43036.181513602
VIR,Virgin Islands (U.S.),2004,100,,0.6,44466.287219022
VIR,Virgin Islands (U.S.),2005,100,,0.7,46021.590573182
VIR,Virgin Islands (U.S.),2006,100,,0.7,47671.567182812
VIR,Virgin Islands (U.S.),2007,100,,0.7,49598.125907943
VIR,Virgin Islands (U.S.),2008,100,,0.7,50174.752893847
VIR,Virgin Islands (U.S.),2009,100,,0.8,46862.807600187
VIR,Virgin Islands (U.S.),2010,100,,0.7,47162.737557043
VIR,Virgin Islands (U.S.),2011,100,,1.2,43320.176769501
VIR,Virgin Islands (U.S.),2012,100,,2,36938.168208635
VIR,Virgin Islands (U.S.),2013,100,,2.9,34663.646060213
VIR,Virgin Islands (U.S.),2014,100,,4.2,34098.710997274
VIR,Virgin Islands (U.S.),2015,100,,5.6,34007.352941176
VIR,Virgin Islands (U.S.),2016,100,,5.7,34614.748263325
VIR,Virgin Islands (U.S.),2017,100,,5.3,34435.494445576
VIR,Virgin Islands (U.S.),2018,100,,5.8,35174.101994499
VIR,Virgin Islands (U.S.),2019,100,,6.2,36309.743844684
VIR,Virgin Islands (U.S.),2020,100,,5.9,35850.743314865
VIR,Virgin Islands (U.S.),2021,100,,5.9,37313.048493153
VIR,Virgin Islands (U.S.),2022,100,,5.9,36983.431060272
VIR,Virgin Islands (U.S.),2023,100,,,
VNM,Viet Nam,2000,88.2,13.2,57.7,1212.196577944
VNM,Viet Nam,2001,88.9,16,56.1,1273.805269009
VNM,Viet Nam,2002,89.1,19.2,52.2,1340.516704603
VNM,Viet Nam,2003,90.3,22.2,50.8,1418.743374715
VNM,Viet Nam,2004,91,25.8,45.8,1510.944490496
VNM,Viet Nam,2005,96.1,29.4,44.1,1609.962683137
VNM,Viet Nam,2006,96,33.3,44.2,1699.676203434
VNM,Viet Nam,2007,93.1,37,41.9,1788.948502896
VNM,Viet Nam,2008,93.8,41.2,39.3,1856.005198840
VNM,Viet Nam,2009,96.1,46.05,37,1927.134270575
VNM,Viet Nam,2010,97.4,50.9,34.6,2027.581843759
VNM,Viet Nam,2011,99,56.6,36.3,2132.904537621
VNM,Viet Nam,2012,97.9,62.3,37.9,2224.114042533
VNM,Viet Nam,2013,98.5,68.6,37.4,2320.084314449
VNM,Viet Nam,2014,99.2,74.5,36.7,2439.286557444
VNM,Viet Nam,2015,99.3,79.7,27.8,2577.568853401
VNM,Viet Nam,2016,99.2,84.4,26.8,2715.578874313
VNM,Viet Nam,2017,100,88.6,28.3,2868.136800134
VNM,Viet Nam,2018,100,91.7,24.3,3048.283276021
VNM,Viet Nam,2019,99.4,94.1,20.4,3241.076489665
VNM,Viet Nam,2020,99.8,95.9,18.9,3303.169498075
VNM,Viet Nam,2021,100,97.2,24.2,3358.217347647
VNM,Viet Nam,2022,100,98.1,,3617.663112804
VNM,Viet Nam,2023,99.8,98.7,,3772.360291161
VUT,Vanuatu,2000,22.2,13.3,49.5,3197.455961372
VUT,Vanuatu,2001,24,13.5,51.3,3012.016024892
VUT,Vanuatu,2002,25.7,13.6,53.3,2784.997209204
VUT,Vanuatu,2003,27.5,13.5,52.7,2833.779149208
VUT,Vanuatu,2004,29.2,13.6,55.4,2875.650323539
VUT,Vanuatu,2005,31,13.5,54.9,2955.668611241
VUT,Vanuatu,2006,26.4,13.4,55.3,3129.085403274
VUT,Vanuatu,2007,33.6,13.2,51.6,3141.200263648
VUT,Vanuatu,2008,36.5,13.1,52.1,3234.976236993
VUT,Vanuatu,2009,33.3,13,38.7,3249.661937987
VUT,Vanuatu,2010,44.1,12.9,38.1,3214.372621364
VUT,Vanuatu,2011,42,12.9,35.8,3244.137030262
VUT,Vanuatu,2012,43.9,13,39,3205.687059632
VUT,Vanuatu,2013,31.7,13,40.9,3149.684972776
VUT,Vanuatu,2014,49.1,13.4,31.5,3175.633753422
VUT,Vanuatu,2015,52.3,13.7,35.6,3214.419485871
VUT,Vanuatu,2016,57.8,14.3,33.1,3257.497199850
VUT,Vanuatu,2017,62.8,14.8,35.7,3316.810345969
VUT,Vanuatu,2018,61.6,15.5,29.7,3319.756304553
VUT,Vanuatu,2019,64.5,16.1,31.6,3349.559341042
VUT,Vanuatu,2020,67.3,17.2,26,3085.165581893
VUT,Vanuatu,2021,70,18.1,24.6,2979.390628390
VUT,Vanuatu,2022,70,19.3,25,3073.860626581
VUT,Vanuatu,2023,61.6,20.6,,3178.303111621
WSM,Samoa,2000,88,17.6,59.7,2945.372179232
WSM,Samoa,2001,88.7,18.5,52.4,3137.464037658
WSM,Samoa,2002,89.3,19.3,49.6,3291.342447727
WSM,Samoa,2003,89.9,20.3,52.4,3444.998577433
WSM,Samoa,2004,90.5,21.1,48.8,3535.738138249
WSM,Samoa,2005,91.1,21.9,48.9,3755.782428225
WSM,Samoa,2006,96.4,23,46,3820.922394531
WSM,Samoa,2007,92.5,23.8,43.2,3818.255038043
WSM,Samoa,2008,98.1,24.85,45,3925.874332994
WSM,Samoa,2009,97.9,25.6,43.2,3875.942916862
WSM,Samoa,2010,96.4,26.6,41.9,4081.155359780
WSM,Samoa,2011,96.7,27.5,40.6,4201.456637389
WSM,Samoa,2012,96.8,28.5,40.2,4007.910928468
WSM,Samoa,2013,97,29.7,42.6,3976.392892681
WSM,Samoa,2014,97.9,30.7,41.4,3967.237304707
WSM,Samoa,2015,98.2,31.8,37.1,4084.360838199
WSM,Samoa,2016,98.9,32.8,36.8,4373.237924404
WSM,Samoa,2017,96.8,33.7,35.8,4393.373162560
WSM,Samoa,2018,99.8,34.5,36.6,4321.005183450
WSM,Samoa,2019,99.2,35.6,34.2,4466.080754820
WSM,Samoa,2020,100,36.6,35.6,4283.063924927
WSM,Samoa,2021,98.3,37.8,36,4032.137310624
WSM,Samoa,2022,98.3,38.6,35.9,4095.158755770
WSM,Samoa,2023,100,39.7,,4688.463053661
XKX,Kosovo,2000,,,,
XKX,Kosovo,2001,,,,
XKX,Kosovo,2002,,,,
XKX,Kosovo,2003,,,,
XKX,Kosovo,2004,,,,
XKX,Kosovo,2005,,,,
XKX,Kosovo,2006,,,,
XKX,Kosovo,2007,,,,
XKX,Kosovo,2008,,,,2543.598068709
XKX,Kosovo,2009,,,,2680.859955927
XKX,Kosovo,2010,,,,2822.632270461
XKX,Kosovo,2011,,,,2995.648113145
XKX,Kosovo,2012,,,,3021.350006917
XKX,Kosovo,2013,,,,3163.470408883
XKX,Kosovo,2014,,,,3279.023450177
XKX,Kosovo,2015,,,,3520.626853245
XKX,Kosovo,2016,,,,3739.173866775
XKX,Kosovo,2017,,,,3890.176245373
XKX,Kosovo,2018,,,,4009.119524394
XKX,Kosovo,2019,,,,4219.064956757
XKX,Kosovo,2020,,,,3990.944255866
XKX,Kosovo,2021,,,,4429.873894409
XKX,Kosovo,2022,,,,4666.389185958
XKX,Kosovo,2023,,,,5102.746749219
YEM,"Yemen, Rep.",2000,49.2,54.25,0.9,2114.672655669
YEM,"Yemen, Rep.",2001,50.4,55.2,0.9,2129.772687628
YEM,"Yemen, Rep.",2002,51.5,55.7,0.9,2148.888604948
YEM,"Yemen, Rep.",2003,52.6,56.6,0.8,2164.860830195
YEM,"Yemen, Rep.",2004,49.6,57.55,0.8,2185.789991591
YEM,"Yemen, Rep.",2005,54.8,58,0.7,2237.637626432
YEM,"Yemen, Rep.",2006,55.8,58.4,0.8,2234.742668633
YEM,"Yemen, Rep.",2007,57.2,58.9,0.8,2235.750759011
YEM,"Yemen, Rep.",2008,58.4,59,0.7,2244.044916552
YEM,"Yemen, Rep.",2009,59.6,59.3,0.7,2257.469020868
YEM,"Yemen, Rep.",2010,60.8,59.2,0.8,2356.199604221
YEM,"Yemen, Rep.",2011,62,59.1,0.9,1994.836633372
YEM,"Yemen, Rep.",2012,52.4,58.7,1.1,1981.458000466
YEM,"Yemen, Rep.",2013,75.6,58.4,0.8,2014.728905949
YEM,"Yemen, Rep.",2014,66.1,57.8,0.8,1950.162545059
YEM,"Yemen, Rep.",2015,67.4,57,2,1362.173812060
YEM,"Yemen, Rep.",2016,68.9,55.8,2.6,1197.958659712
YEM,"Yemen, Rep.",2017,79.2,55,3,1103.456348498
YEM,"Yemen, Rep.",2018,62,54.1,2.9,1079.329383663
YEM,"Yemen, Rep.",2019,72.8,52.7,3,
YEM,"Yemen, Rep.",2020,73.9,51.3,3.5,
YEM,"Yemen, Rep.",2021,74.9,50.1,3.7,
YEM,"Yemen, Rep.",2022,76,48.8,,
YEM,"Yemen, Rep.",2023,83.6,47.3,,
ZAF,South Africa,2000,72.4,56.7,16.2,4700.875555007
ZAF,South Africa,2001,70.2,58.6,15,4786.482450463
ZAF,South Africa,2002,76.7,60.7,13.3,4916.814980686
ZAF,South Africa,2003,78.8,62.9,11.8,5011.622231502
ZAF,South Africa,2004,80.6,65.1,11,5187.356834240
ZAF,South Africa,2005,80.8,67.4,9.7,5406.075813776
ZAF,South Africa,2006,80.7,69.5,9.3,5650.988317655
ZAF,South Africa,2007,82,71.8,8.7,5891.420694217
ZAF,South Africa,2008,81.9,73.9,9.7,6009.719631386
ZAF,South Africa,2009,82.6,75.8,9.2,5847.058110845
ZAF,South Africa,2010,82.8,77.5,9.4,5953.945065128
ZAF,South Africa,2011,83.6,79.2,9,6067.124827269
ZAF,South Africa,2012,85.2,80.5,8.3,6121.557838607
ZAF,South Africa,2013,85.2,81.8,7.8,6170.876708634
ZAF,South Africa,2014,85.9,83,7.6,6155.005894625
ZAF,South Africa,2015,85.3,83.9,7.6,6112.273824860
ZAF,South Africa,2016,83.9,85,7.8,6095.295060428
ZAF,South Africa,2017,84.4,85.8,7.9,6125.692050750
ZAF,South Africa,2018,84.7,86.6,8,6117.270140605
ZAF,South Africa,2019,85,87.3,8.7,6032.829725987
ZAF,South Africa,2020,90,88.1,9.8,5569.584833193
ZAF,South Africa,2021,89.3,88.7,9.7,5750.909374796
ZAF,South Africa,2022,86.5,89.2,,5786.865053447
ZAF,South Africa,2023,87.7,89.8,,5756.550494531
ZMB,Zambia,2000,16.7,13.8,90,804.484634188
ZMB,Zambia,2001,20.2,14.3,89.8,822.020935308
ZMB,Zambia,2002,17.4,14.6,89.6,833.021177549
ZMB,Zambia,2003,18.5,15,89.3,863.650190657
ZMB,Zambia,2004,20.3,15.5,89.4,895.475258535
ZMB,Zambia,2005,23.3,15.6,88.9,929.079255856
ZMB,Zambia,2006,24.1,15.9,89.7,968.563565019
ZMB,Zambia,2007,18.5,16.2,90.7,1013.085674326
ZMB,Zambia,2008,25.7,16.2,89.8,1053.586123011
ZMB,Zambia,2009,26.6,16.2,89.2,1110.719181025
ZMB,Zambia,2010,22,16.1,89.2,1183.417124092
ZMB,Zambia,2011,28.3,15.8,87.9,1208.464245696
ZMB,Zambia,2012,29.2,15.4,85.4,1258.789385790
ZMB,Zambia,2013,30.1,15.1,85.3,1280.770121768
ZMB,Zambia,2014,27.9,14.5,84.6,1299.012417625
ZMB,Zambia,2015,31.1,14,84,1295.877886801
ZMB,Zambia,2016,35.4,13.3,84,1303.575138691
ZMB,Zambia,2017,40.3,12.8,83.5,1308.768292401
ZMB,Zambia,2018,40.2,12.1,83.8,1321.250457116
ZMB,Zambia,2019,43,11.5,86.1,1301.181329762
ZMB,Zambia,2020,44.6,10.9,85.4,1228.735001132
ZMB,Zambia,2021,46.7,10.2,83,1269.108218089
ZMB,Zambia,2022,47.8,9.7,,1298.848049559
ZMB,Zambia,2023,51.1,9.2,,1330.859982168
ZWE,Zimbabwe,2000,33.7,33.6,69.5,1677.348967933
ZWE,Zimbabwe,2001,34.2,33.7,72.3,1690.146661631
ZWE,Zimbabwe,2002,34.2,33.5,74.7,1525.079357066
ZWE,Zimbabwe,2003,35.1,33.2,78,1250.919483312
ZWE,Zimbabwe,2004,35.6,32.4,81.8,1165.544470815
ZWE,Zimbabwe,2005,36.1,32.1,80.3,1088.631484207
ZWE,Zimbabwe,2006,37.2,31.7,78.7,1038.223756580
ZWE,Zimbabwe,2007,37.2,31.3,78,987.200362597
ZWE,Zimbabwe,2008,37.7,31.1,81.6,803.044944655
ZWE,Zimbabwe,2009,43.4,30.8,82.6,896.915532878
ZWE,Zimbabwe,2010,38.9,30.4,81.2,1056.208845639
ZWE,Zimbabwe,2011,36.9,30.3,77.2,1184.934210206
ZWE,Zimbabwe,2012,44,30,77,1360.152300343
ZWE,Zimbabwe,2013,40.6,30.1,79.3,1367.818316895
ZWE,Zimbabwe,2014,32.3,29.8,80.8,1381.254041259
ZWE,Zimbabwe,2015,33.7,29.9,80.8,1387.126325950
ZWE,Zimbabwe,2016,42.5,29.9,81.7,1378.342561924
ZWE,Zimbabwe,2017,44,29.9,82,1422.919489469
ZWE,Zimbabwe,2018,45.4,30.1,79.7,1472.146038448
ZWE,Zimbabwe,2019,46.7,30.1,81,1357.530878188
ZWE,Zimbabwe,2020,52.7,30.3,84.1,1230.819333610
ZWE,Zimbabwe,2021,49,30.3,82.4,1312.200013588
ZWE,Zimbabwe,2022,50.1,30.5,,1369.197614956
ZWE,Zimbabwe,2023,62,30.7,,1418.471846288
