"Data Source","World Development Indicators",

"Last Updated Date","2026-07-13",

"Country Name","Country Code","Indicator Name","Indicator Code","1960","1961","1962","1963","1964","1965","1966","1967","1968","1969","1970","1971","1972","1973","1974","1975","1976","1977","1978","1979","1980","1981","1982","1983","1984","1985","1986","1987","1988","1989","1990","1991","1992","1993","1994","1995","1996","1997","1998","1999","2000","2001","2002","2003","2004","2005","2006","2007","2008","2009","2010","2011","2012","2013","2014","2015","2016","2017","2018","2019","2020","2021","2022","2023","2024","2025",
"Aruba","ABW","Access to clean fuels and technologies for cooking (% of population)","EG.CFT.ACCS.ZS","","","","","","","","","","","","","","","","","","","","","","","","","","","","","","","","","","","","","","","","","","","","","","","","","","","","","","","","","","","","","","","","","","",
"Africa Eastern and Southern","AFE","Access to clean fuels and technologies for cooking (% of population)","EG.CFT.ACCS.ZS","","","","","","","","","","","","","","","","","","","","","","","","","","","","","","","","","","","","","","","","","11.4947042784065","11.8410550659279","12.2025228093517","12.5733800013055","12.9586900678548","13.3711420200627","13.7827140589691","14.2541776273004","14.7365857921904","15.1715571055641","15.6201734437212","16.1231984574132","16.5997340024117","17.0610493136786","17.6341502067647","18.1458333903852","18.6851183805539","19.2056324304616","19.7427723256188","20.3326789734798","20.8628000665566","21.4196207400075","21.9964562319101","22.5414402127635","","",
"Afghanistan","AFG","Access to clean fuels and technologies for cooking (% of population)","EG.CFT.ACCS.ZS","","","","","","","","","","","","","","","","","","","","","","","","","","","","","","","","","","","","","","","","","6.2","7.1","8.3","9.35","10.8","12.1","13.6","15.3","16.7","18.3","19.8","21.3","22.9","24.4","25.8","27.5","28.9","30.15","31.7","33.3","34.6","35.9","37.1","38.6","","",
"Africa Western and Central","AFW","Access to clean fuels and technologies for cooking (% of population)","EG.CFT.ACCS.ZS","","","","","","","","","","","","","","","","","","","","","","","","","","","","","","","","","","","","","","","","","4.76777292260261","4.95021350266719","5.13662044881337","5.34207456705772","5.54153129984301","5.71681449490859","5.92178996514487","6.15597677258115","6.43642388982693","6.72495883008991","7.07918845817102","7.45347346204106","7.958545475267","8.53616503750751","9.24058059799702","10.2341774496212","11.3729680882487","12.7953876118393","14.4983961316588","16.4161557333045","18.3320081705312","20.1476120874473","21.7968144143329","23.0861438505293","","",
"Angola","AGO","Access to clean fuels and technologies for cooking (% of population)","EG.CFT.ACCS.ZS","","","","","","","","","","","","","","","","","","","","","","","","","","","","","","","","","","","","","","","","","40.3","41","41.4","41.7","42.1","42.8","43.2","43.35","43.9","44.1","44.7","44.9","45.6","46.1","46.8","47","48","48.2","48.8","49.2","49.4","49.8","50","50.2","","",
"Albania","ALB","Access to clean fuels and technologies for cooking (% of population)","EG.CFT.ACCS.ZS","","","","","","","","","","","","","","","","","","","","","","","","","","","","","","","","","","","","","","","","","36.6","39.3","42.3","45.4","48.6","51.2","54.4","57.8","60.6","63.2","65.9","68.6","70.8","72.8","74.7","76.5","78","79.7","80.9","82.1","83.4","84.5","85.4","86.1","","",
"Andorra","AND","Access to clean fuels and technologies for cooking (% of population)","EG.CFT.ACCS.ZS","","","","","","","","","","","","","","","","","","","","","","","","","","","","","","","","","","","","","","","","","100","100","100","100","100","100","100","100","100","100","100","100","100","100","100","100","100","100","100","100","100","100","100","100","","",
"Arab World","ARB","Access to clean fuels and technologies for cooking (% of population)","EG.CFT.ACCS.ZS","","","","","","","","","","","","","","","","","","","","","","","","","","","","","","","","","","","","","","","","","73.1696240435956","75.1428628342592","76.8306001761092","78.3074247454028","79.6911920750499","80.7034328218588","81.7111827056212","82.5885477659631","83.2770801582467","83.8921733507662","84.3023081007578","84.9244031500054","85.4363986856634","85.7756561671883","86.1069557322926","86.3040919190782","86.4793431723936","86.6379522000933","86.6601694019868","86.744828031453","86.7608769963874","86.6893216166095","86.763430122317","86.8229669353075","","",
"United Arab Emirates","ARE","Access to clean fuels and technologies for cooking (% of population)","EG.CFT.ACCS.ZS","","","","","","","","","","","","","","","","","","","","","","","","","","","","","","","","","","","","","","","","","100","100","100","100","100","100","100","100","100","100","100","100","100","100","100","100","100","100","100","100","100","100","100","100","","",
"Argentina","ARG","Access to clean fuels and technologies for cooking (% of population)","EG.CFT.ACCS.ZS","","","","","","","","","","","","","","","","","","","","","","","","","","","","","","","","","","","","","","","","","95.8","96.3","96.9","97.2","97.6","98","98.3","98.6","98.8","99.05","99.2","99.4","99.5","99.6","99.7","99.8","99.8","99.8","99.9","99.9","99.9","99.9","99.9","99.9","","",
"Armenia","ARM","Access to clean fuels and technologies for cooking (% of population)","EG.CFT.ACCS.ZS","","","","","","","","","","","","","","","","","","","","","","","","","","","","","","","","","","","","","","","","","79.3","82.2","84.7","87.1","89.05","90.8","92.3","93.4","94.3","95.2","95.7","96.3","96.8","97.1","97.4","97.6","97.8","98.1","98.2","98.4","98.5","98.6","98.7","98.8","","",
"American Samoa","ASM","Access to clean fuels and technologies for cooking (% of population)","EG.CFT.ACCS.ZS","","","","","","","","","","","","","","","","","","","","","","","","","","","","","","","","","","","","","","","","","","","","","","","","","","","","","","","","","","","","","","","","","","",
"Antigua and Barbuda","ATG","Access to clean fuels and technologies for cooking (% of population)","EG.CFT.ACCS.ZS","","","","","","","","","","","","","","","","","","","","","","","","","","","","","","","","","","","","","","","","","100","100","100","100","100","100","100","100","100","100","100","100","100","100","100","100","100","100","100","100","100","100","100","100","","",
"Australia","AUS","Access to clean fuels and technologies for cooking (% of population)","EG.CFT.ACCS.ZS","","","","","","","","","","","","","","","","","","","","","","","","","","","","","","","","","","","","","","","","","100","100","100","100","100","100","100","100","100","100","100","100","100","100","100","100","100","100","100","100","100","100","100","100","","",
"Austria","AUT","Access to clean fuels and technologies for cooking (% of population)","EG.CFT.ACCS.ZS","","","","","","","","","","","","","","","","","","","","","","","","","","","","","","","","","","","","","","","","","100","100","100","100","100","100","100","100","100","100","100","100","100","100","100","100","100","100","100","100","100","100","100","100","","",
"Azerbaijan","AZE","Access to clean fuels and technologies for cooking (% of population)","EG.CFT.ACCS.ZS","","","","","","","","","","","","","","","","","","","","","","","","","","","","","","","","","","","","","","","","","70.1","73.8","77","80","82.8","85.3","87.6","89.35","91","92.2","93.5","94.4","95.2","95.9","96.4","96.9","97.3","97.6","97.9","98.2","98.4","98.6","98.8","98.9","","",
"Burundi","BDI","Access to clean fuels and technologies for cooking (% of population)","EG.CFT.ACCS.ZS","","","","","","","","","","","","","","","","","","","","","","","","","","","","","","","","","","","","","","","","","0.3","0.3","0.3","0.3","0.2","0.3","0.2","0.2","0.2","0.2","0.2","0.2","0.2","0.2","0.2","0.2","0.2","0.2","0.2","0.15","0.1","0.1","0.2","0.1","","",
"Belgium","BEL","Access to clean fuels and technologies for cooking (% of population)","EG.CFT.ACCS.ZS","","","","","","","","","","","","","","","","","","","","","","","","","","","","","","","","","","","","","","","","","100","100","100","100","100","100","100","100","100","100","100","100","100","100","100","100","100","100","100","100","100","100","100","100","","",
"Benin","BEN","Access to clean fuels and technologies for cooking (% of population)","EG.CFT.ACCS.ZS","","","","","","","","","","","","","","","","","","","","","","","","","","","","","","","","","","","","","","","","","0.7","0.9","1.2","1.5","1.9","2.3","2.8","3.3","3.8","4.2","4.5","4.7","4.9","5","5.1","5.2","5.2","5.4","5.4","5.5","5.7","5.8","5.9","6","","",
"Burkina Faso","BFA","Access to clean fuels and technologies for cooking (% of population)","EG.CFT.ACCS.ZS","","","","","","","","","","","","","","","","","","","","","","","","","","","","","","","","","","","","","","","","","2.6","2.9","3.1","3.4","3.6","3.9","4.3","4.8","5","5.5","5.8","6.4","7.1","7.6","8.3","9","9.8","10.6","11.7","12.5","13.5","14.6","15.9","17","","",
"Bangladesh","BGD","Access to clean fuels and technologies for cooking (% of population)","EG.CFT.ACCS.ZS","","","","","","","","","","","","","","","","","","","","","","","","","","","","","","","","","","","","","","","","","7.7","8","8.3","8.7","9.1","9.4","10","10.4","11","11.7","12.6","13.4","14.5","15.5","16.8","18.1","19.4","20.6","22","23.1","24.6","25.9","27.2","28.4","","",
"Bulgaria","BGR","Access to clean fuels and technologies for cooking (% of population)","EG.CFT.ACCS.ZS","","","","","","","","","","","","","","","","","","","","","","","","","","","","","","","","","","","","","","","","","","","","","","","","","","","","","","","","","","","","","","","","","","",
"Bahrain","BHR","Access to clean fuels and technologies for cooking (% of population)","EG.CFT.ACCS.ZS","","","","","","","","","","","","","","","","","","","","","","","","","","","","","","","","","","","","","","","","","100","100","100","100","100","100","100","100","100","100","100","100","100","100","100","100","100","100","100","100","100","100","100","100","","",
"Bahamas, The","BHS","Access to clean fuels and technologies for cooking (% of population)","EG.CFT.ACCS.ZS","","","","","","","","","","","","","","","","","","","","","","","","","","","","","","","","","","","","","","","","","100","100","100","100","100","100","100","100","100","100","100","100","100","100","100","100","100","100","100","100","100","100","100","100","","",
"Bosnia and Herzegovina","BIH","Access to clean fuels and technologies for cooking (% of population)","EG.CFT.ACCS.ZS","","","","","","","","","","","","","","","","","","","","","","","","","","","","","","","","","","","","","","","","","53.8","52.7","51.6","51","50","49.15","47.7","46.6","46.3","45.2","44.95","43.3","43","42.7","42.1","41.7","41.6","41.3","40.85","40.3","40.2","39.9","39.3","39.5","","",
"Belarus","BLR","Access to clean fuels and technologies for cooking (% of population)","EG.CFT.ACCS.ZS","","","","","","","","","","","","","","","","","","","","","","","","","","","","","","","","","","","","","","","","","92.7","93.8","94.9","95.6","96.4","96.9","97.5","97.8","98.2","98.5","98.8","99","99.2","99.3","99.4","99.5","99.5","99.6","99.7","99.7","99.7","99.8","99.7","99.7","","",
"Belize","BLZ","Access to clean fuels and technologies for cooking (% of population)","EG.CFT.ACCS.ZS","","","","","","","","","","","","","","","","","","","","","","","","","","","","","","","","","","","","","","","","","79.6","80.5","81.2","81.9","82.4","82.6","83.1","83.1","83.3","83.2","83.4","83.6","83.5","83.3","83.4","83.5","83.4","83.4","83.3","83.4","83.2","83.2","83","82.9","","",
"Bermuda","BMU","Access to clean fuels and technologies for cooking (% of population)","EG.CFT.ACCS.ZS","","","","","","","","","","","","","","","","","","","","","","","","","","","","","","","","","","","","","","","","","","","","","","","","","","","","","","","","","","","","","","","","","","",
"Bolivia","BOL","Access to clean fuels and technologies for cooking (% of population)","EG.CFT.ACCS.ZS","","","","","","","","","","","","","","","","","","","","","","","","","","","","","","","","","","","","","","","","","63.1","64.1","65","66","67.2","68.5","70","71.7","73.2","74.9","76.4","77.8","78.9","80","81.1","82.2","83.3","84.3","85.4","86.6","87.5","88.7","89.7","90.6","","",
"Brazil","BRA","Access to clean fuels and technologies for cooking (% of population)","EG.CFT.ACCS.ZS","","","","","","","","","","","","","","","","","","","","","","","","","","","","","","","","","","","","","","","","","89","89.5","90.1","90.7","91.2","91.8","92.2","92.7","93.1","93.5","94","94.4","94.8","95","95.4","95.7","95.8","96.1","96.2","96.3","96.45","96.4","96.5","96.5","","",
"Barbados","BRB","Access to clean fuels and technologies for cooking (% of population)","EG.CFT.ACCS.ZS","","","","","","","","","","","","","","","","","","","","","","","","","","","","","","","","","","","","","","","","","100","100","100","100","100","100","100","100","100","100","100","100","100","100","100","100","100","100","100","100","100","100","100","100","","",
"Brunei Darussalam","BRN","Access to clean fuels and technologies for cooking (% of population)","EG.CFT.ACCS.ZS","","","","","","","","","","","","","","","","","","","","","","","","","","","","","","","","","","","","","","","","","100","100","100","100","100","100","100","100","100","100","100","100","100","100","100","100","100","100","100","100","100","100","100","100","","",
"Bhutan","BTN","Access to clean fuels and technologies for cooking (% of population)","EG.CFT.ACCS.ZS","","","","","","","","","","","","","","","","","","","","","","","","","","","","","","","","","","","","","","","","","26.45","30.3","34.1","38.2","42.5","46.7","50.6","54.9","58.6","62.4","65.8","69.1","72.2","74.9","77.7","80","82.2","84","85.7","87","88.3","89.5","90.6","91.6","","",
"Botswana","BWA","Access to clean fuels and technologies for cooking (% of population)","EG.CFT.ACCS.ZS","","","","","","","","","","","","","","","","","","","","","","","","","","","","","","","","","","","","","","","","","44.7","46.5","48.2","49.6","50.9","52.1","53.1","54.8","55.9","57.4","58.3","59.8","60.5","61.2","62","62.4","63.1","63.5","64.1","64.7","65.1","65.6","66","66.4","","",
"Central African Republic","CAF","Access to clean fuels and technologies for cooking (% of population)","EG.CFT.ACCS.ZS","","","","","","","","","","","","","","","","","","","","","","","","","","","","","","","","","","","","","","","","","0.6","0.6","0.5","0.5","0.5","0.5","0.5","0.5","0.5","0.5","0.5","0.5","0.6","0.6","0.6","0.6","0.7","0.7","0.7","0.8","0.8","0.9","1","1","","",
"Canada","CAN","Access to clean fuels and technologies for cooking (% of population)","EG.CFT.ACCS.ZS","","","","","","","","","","","","","","","","","","","","","","","","","","","","","","","","","","","","","","","","","100","100","100","100","100","100","100","100","100","100","100","100","100","100","100","100","100","100","100","100","100","100","100","100","","",
"Central Europe and the Baltics","CEB","Access to clean fuels and technologies for cooking (% of population)","EG.CFT.ACCS.ZS","","","","","","","","","","","","","","","","","","","","","","","","","","","","","","","","","","","","","","","","","100","100","100","100","100","100","100","100","100","100","100","100","100","100","100","100","100","100","100","100","100","100","100","100","","",
"Switzerland","CHE","Access to clean fuels and technologies for cooking (% of population)","EG.CFT.ACCS.ZS","","","","","","","","","","","","","","","","","","","","","","","","","","","","","","","","","","","","","","","","","100","100","100","100","100","100","100","100","100","100","100","100","100","100","100","100","100","100","100","100","100","100","100","100","","",
"Channel Islands","CHI","Access to clean fuels and technologies for cooking (% of population)","EG.CFT.ACCS.ZS","","","","","","","","","","","","","","","","","","","","","","","","","","","","","","","","","","","","","","","","","","","","","","","","","","","","","","","","","","","","","","","","","","",
"Chile","CHL","Access to clean fuels and technologies for cooking (% of population)","EG.CFT.ACCS.ZS","","","","","","","","","","","","","","","","","","","","","","","","","","","","","","","","","","","","","","","","","100","100","100","100","100","100","100","100","100","100","100","100","100","100","100","100","100","100","100","100","100","100","100","100","","",
"China","CHN","Access to clean fuels and technologies for cooking (% of population)","EG.CFT.ACCS.ZS","","","","","","","","","","","","","","","","","","","","","","","","","","","","","","","","","","","","","","","","","40.3","41.6","42.8","44.1","45.7","47.4","49.1","51.2","53.2","55.3","57.9","60.3","63.1","65.9","69","71.6","74.2","76.9","79.5","81.6","83.8","85.6","87.2","88.7","","",
"Cote d'Ivoire","CIV","Access to clean fuels and technologies for cooking (% of population)","EG.CFT.ACCS.ZS","","","","","","","","","","","","","","","","","","","","","","","","","","","","","","","","","","","","","","","","","15.9","15.9","16.1","16.1","16.1","16.3","16.3","16.8","17.2","17.8","18.7","19.4","20.9","22.4","24","25.9","28","30.2","32.3","34.7","36.9","39.35","41.7","44.1","","",
"Cameroon","CMR","Access to clean fuels and technologies for cooking (% of population)","EG.CFT.ACCS.ZS","","","","","","","","","","","","","","","","","","","","","","","","","","","","","","","","","","","","","","","","","10","10.8","11.8","12.7","13.7","14.6","15.6","16.5","17.5","18.4","19.2","20","20.8","21.4","22.1","22.8","23.6","24.35","25.3","26.3","27.4","28.4","29.4","30.7","","",
"Congo, Dem. Rep.","COD","Access to clean fuels and technologies for cooking (% of population)","EG.CFT.ACCS.ZS","","","","","","","","","","","","","","","","","","","","","","","","","","","","","","","","","","","","","","","","","1","1.2","1.5","1.6","1.8","2","2.3","2.4","2.7","2.9","3.1","3.3","3.4","3.6","3.8","3.9","4","4.1","4.2","4.4","4.4","4.6","4.8","5","","",
"Congo, Rep.","COG","Access to clean fuels and technologies for cooking (% of population)","EG.CFT.ACCS.ZS","","","","","","","","","","","","","","","","","","","","","","","","","","","","","","","","","","","","","","","","","7.9","8.5","9.2","9.9","10.5","11.4","12.3","13.4","14.5","15.55","16.9","18.4","20.2","22","23.9","25.8","27.9","29.8","31.85","33.7","35.4","37.5","38.8","40.1","","",
"Colombia","COL","Access to clean fuels and technologies for cooking (% of population)","EG.CFT.ACCS.ZS","","","","","","","","","","","","","","","","","","","","","","","","","","","","","","","","","","","","","","","","","78","78.9","79.8","80.6","81.2","81.9","82.5","83.1","83.7","84.5","85","85.8","86.5","87.1","88.1","88.7","89.2","89.7","90.1","90.6","90.9","91.4","91.5","91.8","","",
"Comoros","COM","Access to clean fuels and technologies for cooking (% of population)","EG.CFT.ACCS.ZS","","","","","","","","","","","","","","","","","","","","","","","","","","","","","","","","","","","","","","","","","0.5","0.7","0.8","1","1.2","1.4","1.7","2","2.3","2.7","3.2","3.6","4.1","4.5","5.1","5.5","6","6.6","7.1","7.7","8.3","9","9.7","10.4","","",
"Cabo Verde","CPV","Access to clean fuels and technologies for cooking (% of population)","EG.CFT.ACCS.ZS","","","","","","","","","","","","","","","","","","","","","","","","","","","","","","","","","","","","","","","","","62.3","62.7","63","63.6","64.4","65.1","66","66.8","67.9","68.9","69.9","71.1","71.8","73.1","74.3","75.3","76.6","77.7","78.9","79.7","81","82.1","83","83.9","","",
"Costa Rica","CRI","Access to clean fuels and technologies for cooking (% of population)","EG.CFT.ACCS.ZS","","","","","","","","","","","","","","","","","","","","","","","","","","","","","","","","","","","","","","","","","88.9","89.3","89.7","90.1","90.5","90.8","91.1","91.4","91.7","92","92.4","92.8","93.1","93.6","94","94.3","94.7","95.1","95.3","95.6","95.9","96.1","96.3","96.6","","",
"Caribbean small states","CSS","Access to clean fuels and technologies for cooking (% of population)","EG.CFT.ACCS.ZS","","","","","","","","","","","","","","","","","","","","","","","","","","","","","","","","","","","","","","","","","94.4851347583772","94.7450832901314","95.0320155091226","95.2647900142928","95.4578957248364","95.6222043241236","95.8306714897313","95.9724955871823","96.1267637357496","96.2321575471214","96.3488698367133","96.4731134912774","96.5608907293343","96.6247383905139","96.7029961418821","96.7431580335687","96.7846443707497","96.8152174002666","96.8253044814276","96.8535261146749","96.8179657488997","96.8005600594932","96.7487530990748","96.685309422501","","",
"Cuba","CUB","Access to clean fuels and technologies for cooking (% of population)","EG.CFT.ACCS.ZS","","","","","","","","","","","","","","","","","","","","","","","","","","","","","","","","","","","","","","","","","62.8","67","69.85","72.9","75.9","78.6","80.7","82.55","84.6","86.2","87.65","88.8","90.1","91","91.8","92.6","93.1","93.7","94.2","94.5","94.7","94.9","94.9","94.9","","",
"Curacao","CUW","Access to clean fuels and technologies for cooking (% of population)","EG.CFT.ACCS.ZS","","","","","","","","","","","","","","","","","","","","","","","","","","","","","","","","","","","","","","","","","","","","","","","","","","","","","","","","","","","","","","","","","","",
"Cayman Islands","CYM","Access to clean fuels and technologies for cooking (% of population)","EG.CFT.ACCS.ZS","","","","","","","","","","","","","","","","","","","","","","","","","","","","","","","","","","","","","","","","","","","","","","","","","","","","","","","","","","","","","","","","","","",
"Cyprus","CYP","Access to clean fuels and technologies for cooking (% of population)","EG.CFT.ACCS.ZS","","","","","","","","","","","","","","","","","","","","","","","","","","","","","","","","","","","","","","","","","100","100","100","100","100","100","100","100","100","100","100","100","100","100","100","100","100","100","100","100","100","100","100","100","","",
"Czechia","CZE","Access to clean fuels and technologies for cooking (% of population)","EG.CFT.ACCS.ZS","","","","","","","","","","","","","","","","","","","","","","","","","","","","","","","","","","","","","","","","","100","100","100","100","100","100","100","100","100","100","100","100","100","100","100","100","100","100","100","100","100","100","100","100","","",
"Germany","DEU","Access to clean fuels and technologies for cooking (% of population)","EG.CFT.ACCS.ZS","","","","","","","","","","","","","","","","","","","","","","","","","","","","","","","","","","","","","","","","","100","100","100","100","100","100","100","100","100","100","100","100","100","100","100","100","100","100","100","100","100","100","100","100","","",
"Djibouti","DJI","Access to clean fuels and technologies for cooking (% of population)","EG.CFT.ACCS.ZS","","","","","","","","","","","","","","","","","","","","","","","","","","","","","","","","","","","","","","","","","3.8","3.9","4.2","4.4","4.5","4.8","5","5.4","5.6","6","6.5","6.8","7.3","7.6","8","8.5","8.7","9","9.3","9.45","9.7","9.8","9.8","10","","",
"Dominica","DMA","Access to clean fuels and technologies for cooking (% of population)","EG.CFT.ACCS.ZS","","","","","","","","","","","","","","","","","","","","","","","","","","","","","","","","","","","","","","","","","79.6","80.7","82","82.9","84","84.8","85.6","86.5","86.9","87.5","88.1","88.3","88.6","89.1","89.2","89.2","89","88.65","88.5","88.2","87.7","87.1","86.8","86.2","","",
"Denmark","DNK","Access to clean fuels and technologies for cooking (% of population)","EG.CFT.ACCS.ZS","","","","","","","","","","","","","","","","","","","","","","","","","","","","","","","","","","","","","","","","","100","100","100","100","100","100","100","100","100","100","100","100","100","100","100","100","100","100","100","100","100","100","100","100","","",
"Dominican Republic","DOM","Access to clean fuels and technologies for cooking (% of population)","EG.CFT.ACCS.ZS","","","","","","","","","","","","","","","","","","","","","","","","","","","","","","","","","","","","","","","","","83.7","84.7","85.4","86","86.6","86.7","86.7","86.9","87","87.1","87.1","87.6","88","88.4","88.8","89.5","90.1","90.6","91.25","91.8","92.3","92.7","93.2","93.5","","",
"Algeria","DZA","Access to clean fuels and technologies for cooking (% of population)","EG.CFT.ACCS.ZS","","","","","","","","","","","","","","","","","","","","","","","","","","","","","","","","","","","","","","","","","96.5","97","97.45","97.8","98.1","98.4","98.6","98.8","99","99.2","99.2","99.3","99.4","99.5","99.5","99.6","99.6","99.6","99.7","99.7","99.7","99.7","99.7","99.7","","",
"East Asia & Pacific (excluding high income)","EAP","Access to clean fuels and technologies for cooking (% of population)","EG.CFT.ACCS.ZS","","","","","","","","","","","","","","","","","","","","","","","","","","","","","","","","","","","","","","","","","34.4312036123365","35.6759559855214","36.9082089549278","38.2359884957498","39.8271862653907","41.5811533681786","43.4163367909094","45.6297918165087","47.8218101399494","50.206604893496","52.9409812756053","55.6500637929087","58.6014785121759","61.6035280955815","64.7632419542567","67.539475180093","70.2677839723321","73.0157947159141","75.5547846027561","77.7140508600294","79.894584845175","81.692449244824","83.3048333335027","84.8209492500933","","",
"Early-demographic dividend","EAR","Access to clean fuels and technologies for cooking (% of population)","EG.CFT.ACCS.ZS","","","","","","","","","","","","","","","","","","","","","","","","","","","","","","","","","","","","","","","","","34.2094545761767","35.2440015317728","36.2510858983052","37.33120851441","38.3553055123658","39.3909202967819","40.4505631012035","41.7480460270443","42.9790094505989","44.4335962573989","45.7655627421535","47.3647252842715","49.1346617365335","51.2121744745033","52.9684725401812","55.2571061801681","57.426478985939","59.5459658374306","61.7312098497205","63.8794312906402","66.0584266650385","68.1126984948592","69.9427819751172","71.8113902892427","","",
"East Asia & Pacific","EAS","Access to clean fuels and technologies for cooking (% of population)","EG.CFT.ACCS.ZS","","","","","","","","","","","","","","","","","","","","","","","","","","","","","","","","","","","","","","","","","40.9591307624726","42.055712712202","43.1408229438317","44.3117526515662","45.7177976905377","47.2715659109721","48.9078918160483","50.892033004086","52.8615551501755","55.0015778854628","57.457049059057","59.8871002149955","62.5357303539811","65.2330700808929","68.0788185931607","70.5809942604462","73.0430431028612","75.523172177934","77.8183135320775","79.7718190041413","81.7442101916121","83.3660114813536","84.8268678976187","86.205219816791","","",
"Europe & Central Asia (excluding high income)","ECA","Access to clean fuels and technologies for cooking (% of population)","EG.CFT.ACCS.ZS","","","","","","","","","","","","","","","","","","","","","","","","","","","","","","","","","","","","","","","","","81.8326674621565","82.8113609398067","83.7649336901123","84.5876782094293","85.4060366819848","86.1911058790306","86.8462244943423","87.4585656339504","88.0487095749106","88.4964654182841","89.0449629158619","89.4735199723224","89.8087786616818","90.1537641057953","90.4566030909137","90.6906992684554","90.7937149591135","91.0284644205042","91.1065711237585","91.1968231424015","91.2794070563474","91.2481861715818","91.1755024472711","91.0639982362105","","",
"Europe & Central Asia","ECS","Access to clean fuels and technologies for cooking (% of population)","EG.CFT.ACCS.ZS","","","","","","","","","","","","","","","","","","","","","","","","","","","","","","","","","","","","","","","","","95.3960037460603","95.6321494038445","95.8650521577571","96.0673914300689","96.270216723274","96.4660957363461","96.6279800431251","96.7856590143101","96.9289084780956","97.0332796821624","97.1621804311578","97.2571693494436","97.3335924753934","97.4117289220116","97.4794341526268","97.530575920637","97.5471862900533","97.5986173874668","97.6081220352671","97.620703266831","97.6307412051968","97.6097000616403","97.6025860188589","97.5906638016646","","",
"Ecuador","ECU","Access to clean fuels and technologies for cooking (% of population)","EG.CFT.ACCS.ZS","","","","","","","","","","","","","","","","","","","","","","","","","","","","","","","","","","","","","","","","","88.4","89.3","90.1","90.9","91.5","92","92.4","92.8","93.1","93.3","93.8","93.8","94","94.1","94.3","94.4","94.4","94.5","94.6","94.6","94.6","94.6","94.7","94.7","","",
"Egypt, Arab Rep.","EGY","Access to clean fuels and technologies for cooking (% of population)","EG.CFT.ACCS.ZS","","","","","","","","","","","","","","","","","","","","","","","","","","","","","","","","","","","","","","","","","82.2","86.2","89.6","92.1","94.3","95.7","97","97.8","98.4","98.8","99.1","99.4","99.5","99.7","99.8","99.8","99.8","99.9","99.9","99.9","99.9","99.9","99.9","99.9","","",
"Euro area","EMU","Access to clean fuels and technologies for cooking (% of population)","EG.CFT.ACCS.ZS","","","","","","","","","","","","","","","","","","","","","","","","","","","","","","","","","","","","","","","","","100","100","100","100","100","100","100","100","100","100","100","100","100","100","100","100","100","100","100","100","100","100","100","100","","",
"Eritrea","ERI","Access to clean fuels and technologies for cooking (% of population)","EG.CFT.ACCS.ZS","","","","","","","","","","","","","","","","","","","","","","","","","","","","","","","","","","","","","","","","","3.5","3.9","4.4","4.8","5.3","5.7","6.3","6.8","7.3","7.7","8.2","8.5","9.2","9.4","9.9","10.2","10.6","11","11.2","11.4","11.7","12","11.9","12","","",
"Spain","ESP","Access to clean fuels and technologies for cooking (% of population)","EG.CFT.ACCS.ZS","","","","","","","","","","","","","","","","","","","","","","","","","","","","","","","","","","","","","","","","","100","100","100","100","100","100","100","100","100","100","100","100","100","100","100","100","100","100","100","100","100","100","100","100","","",
"Estonia","EST","Access to clean fuels and technologies for cooking (% of population)","EG.CFT.ACCS.ZS","","","","","","","","","","","","","","","","","","","","","","","","","","","","","","","","","","","","","","","","","100","100","100","100","100","100","100","100","100","100","100","100","100","100","100","100","100","100","100","100","100","100","100","100","","",
"Ethiopia","ETH","Access to clean fuels and technologies for cooking (% of population)","EG.CFT.ACCS.ZS","","","","","","","","","","","","","","","","","","","","","","","","","","","","","","","","","","","","","","","","","0.8","0.9","1","1","1.1","1.2","1.3","1.5","1.7","1.9","2.2","2.6","3","3.4","3.8","4.3","4.7","5.2","5.6","5.9","6.2","6.5","6.9","7.1","","",
"European Union","EUU","Access to clean fuels and technologies for cooking (% of population)","EG.CFT.ACCS.ZS","","","","","","","","","","","","","","","","","","","","","","","","","","","","","","","","","","","","","","","","","100","100","100","100","100","100","100","100","100","100","100","100","100","100","100","100","100","100","100","100","100","100","100","100","","",
"Finland","FIN","Access to clean fuels and technologies for cooking (% of population)","EG.CFT.ACCS.ZS","","","","","","","","","","","","","","","","","","","","","","","","","","","","","","","","","","","","","","","","","100","100","100","100","100","100","100","100","100","100","100","100","100","100","100","100","100","100","100","100","100","100","100","100","","",
"Fiji","FJI","Access to clean fuels and technologies for cooking (% of population)","EG.CFT.ACCS.ZS","","","","","","","","","","","","","","","","","","","","","","","","","","","","","","","","","","","","","","","","","28.4","28.4","28.6","28.8","29","29.4","29.9","30.2","31","31.8","32.9","34.1","35.7","37","38.6","40.55","42.1","44.1","45.8","47.9","49.5","51","52.8","54.1","","",
"France","FRA","Access to clean fuels and technologies for cooking (% of population)","EG.CFT.ACCS.ZS","","","","","","","","","","","","","","","","","","","","","","","","","","","","","","","","","","","","","","","","","100","100","100","100","100","100","100","100","100","100","100","100","100","100","100","100","100","100","100","100","100","100","100","100","","",
"Faroe Islands","FRO","Access to clean fuels and technologies for cooking (% of population)","EG.CFT.ACCS.ZS","","","","","","","","","","","","","","","","","","","","","","","","","","","","","","","","","","","","","","","","","","","","","","","","","","","","","","","","","","","","","","","","","","",
"Micronesia, Fed. Sts.","FSM","Access to clean fuels and technologies for cooking (% of population)","EG.CFT.ACCS.ZS","","","","","","","","","","","","","","","","","","","","","","","","","","","","","","","","","","","","","","","","","10.8","10.7","10.8","10.9","10.9","11","11.1","11.1","11.25","11.6","11.7","11.8","12.1","12.1","12.5","12.7","12.7","12.9","12.9","13.1","13.3","13.3","13.3","13.3","","",
"Gabon","GAB","Access to clean fuels and technologies for cooking (% of population)","EG.CFT.ACCS.ZS","","","","","","","","","","","","","","","","","","","","","","","","","","","","","","","","","","","","","","","","","64.1","66","67.8","69.3","71.1","72.6","74.4","76.1","77.6","79","80.5","81.8","83","84.1","85.2","86","87.1","87.7","88.8","89.4","90","90.5","91","91.4","","",
"United Kingdom","GBR","Access to clean fuels and technologies for cooking (% of population)","EG.CFT.ACCS.ZS","","","","","","","","","","","","","","","","","","","","","","","","","","","","","","","","","","","","","","","","","100","100","100","100","100","100","100","100","100","100","100","100","100","100","100","100","100","100","100","100","100","100","100","100","","",
"Georgia","GEO","Access to clean fuels and technologies for cooking (% of population)","EG.CFT.ACCS.ZS","","","","","","","","","","","","","","","","","","","","","","","","","","","","","","","","","","","","","","","","","46","47","48.6","50.4","52.4","54.15","56.3","58.4","60.9","63.05","66.1","68.5","71.3","74","76.9","79.4","81.7","84.1","86.3","87.9","89.6","90.9","92.2","93.2","","",
"Ghana","GHA","Access to clean fuels and technologies for cooking (% of population)","EG.CFT.ACCS.ZS","","","","","","","","","","","","","","","","","","","","","","","","","","","","","","","","","","","","","","","","","6.2","6.9","7.6","8.3","9","10","10.8","11.8","12.9","14","15.3","16.3","17.5","18.8","19.9","21.4","22.7","23.9","25.3","26.9","28.3","29.9","31.5","32.8","","",
"Gibraltar","GIB","Access to clean fuels and technologies for cooking (% of population)","EG.CFT.ACCS.ZS","","","","","","","","","","","","","","","","","","","","","","","","","","","","","","","","","","","","","","","","","","","","","","","","","","","","","","","","","","","","","","","","","","",
"Guinea","GIN","Access to clean fuels and technologies for cooking (% of population)","EG.CFT.ACCS.ZS","","","","","","","","","","","","","","","","","","","","","","","","","","","","","","","","","","","","","","","","","0.7","0.8","0.8","0.8","0.8","0.8","0.8","0.8","0.8","0.8","0.8","0.8","0.8","0.8","0.8","0.8","0.9","0.9","0.9","0.9","1","1","1","1","","",
"Gambia, The","GMB","Access to clean fuels and technologies for cooking (% of population)","EG.CFT.ACCS.ZS","","","","","","","","","","","","","","","","","","","","","","","","","","","","","","","","","","","","","","","","","3.6","3.6","3.5","3.5","3.4","3.3","3.2","3","2.9","2.8","2.6","2.4","2.3","2.2","2.2","2.1","2","1.9","1.9","1.8","1.7","1.7","1.7","1.6","","",
"Guinea-Bissau","GNB","Access to clean fuels and technologies for cooking (% of population)","EG.CFT.ACCS.ZS","","","","","","","","","","","","","","","","","","","","","","","","","","","","","","","","","","","","","","","","","1.4","1.3","1.2","1.2","1.2","1.2","1.2","1.1","1.15","1.1","1.2","1.1","1.1","1.1","1.1","1.1","1.1","1.1","1.1","1","1","0.95","0.9","0.8","","",
"Equatorial Guinea","GNQ","Access to clean fuels and technologies for cooking (% of population)","EG.CFT.ACCS.ZS","","","","","","","","","","","","","","","","","","","","","","","","","","","","","","","","","","","","","","","","","18.9","19.05","19.5","19.9","20.6","21.05","21.3","21.9","21.9","22.6","22.9","23.3","23.9","23.6","23.9","24.2","24.1","23.8","23.7","23.3","23","22.8","22.7","22.1","","",
"Greece","GRC","Access to clean fuels and technologies for cooking (% of population)","EG.CFT.ACCS.ZS","","","","","","","","","","","","","","","","","","","","","","","","","","","","","","","","","","","","","","","","","100","100","100","100","100","100","100","100","100","100","100","100","100","100","100","100","100","100","100","100","100","100","100","100","","",
"Grenada","GRD","Access to clean fuels and technologies for cooking (% of population)","EG.CFT.ACCS.ZS","","","","","","","","","","","","","","","","","","","","","","","","","","","","","","","","","","","","","","","","","92.2","92.6","92.9","93.1","93.2","93.1","93.2","93.2","93","92.8","92.5","92.3","92","91.5","91","90.5","89.9","89.3","88.7","87.9","87.2","86.3","85.1","84.2","","",
"Greenland","GRL","Access to clean fuels and technologies for cooking (% of population)","EG.CFT.ACCS.ZS","","","","","","","","","","","","","","","","","","","","","","","","","","","","","","","","","","","","","","","","","","","","","","","","","","","","","","","","","","","","","","","","","","",
"Guatemala","GTM","Access to clean fuels and technologies for cooking (% of population)","EG.CFT.ACCS.ZS","","","","","","","","","","","","","","","","","","","","","","","","","","","","","","","","","","","","","","","","","40.5","39.9","39.3","38.6","38.1","37.7","37.4","36.9","36.7","36.7","36.9","37","37.5","38.3","38.9","39.7","40.6","41.3","42.3","43","43.7","44.8","45.5","46.5","","",
"Guam","GUM","Access to clean fuels and technologies for cooking (% of population)","EG.CFT.ACCS.ZS","","","","","","","","","","","","","","","","","","","","","","","","","","","","","","","","","","","","","","","","","","","","","","","","","","","","","","","","","","","","","","","","","","",
"Guyana","GUY","Access to clean fuels and technologies for cooking (% of population)","EG.CFT.ACCS.ZS","","","","","","","","","","","","","","","","","","","","","","","","","","","","","","","","","","","","","","","","","100","100","100","100","100","100","100","100","100","100","100","100","100","100","100","100","100","100","100","100","100","100","100","100","","",
"High income","HIC","Access to clean fuels and technologies for cooking (% of population)","EG.CFT.ACCS.ZS","","","","","","","","","","","","","","","","","","","","","","","","","","","","","","","","","","","","","","","","","99.9639597012941","99.9648135146993","99.9657464909076","99.9667460461974","99.9677962553631","99.9685335679177","99.9693189706282","99.9701533237843","99.971007931837","99.9718582195497","99.973054449876","99.9742880688811","99.9752190460045","99.9768952538183","99.9782274763373","99.9792294493237","99.9806125877042","99.9819882251631","99.9826265950527","99.983658721548","99.9847102651449","99.985366410066","99.9861257359543","99.9872826461909","","",
"Hong Kong SAR, China","HKG","Access to clean fuels and technologies for cooking (% of population)","EG.CFT.ACCS.ZS","","","","","","","","","","","","","","","","","","","","","","","","","","","","","","","","","","","","","","","","","","","","","","","","","","","","","","","","","","","","","","","","","","",
"Honduras","HND","Access to clean fuels and technologies for cooking (% of population)","EG.CFT.ACCS.ZS","","","","","","","","","","","","","","","","","","","","","","","","","","","","","","","","","","","","","","","","","30.3","31.9","33.2","34.7","36","37.6","38.7","39.6","40.8","41.6","42.5","43.35","44","44.7","45.4","46","46.7","47","47.7","48.35","48.9","49.3","50.05","50.3","","",
"Heavily indebted poor countries (HIPC)","HPC","Access to clean fuels and technologies for cooking (% of population)","EG.CFT.ACCS.ZS","","","","","","","","","","","","","","","","","","","","","","","","","","","","","","","","","","","","","","","","","5.83075522546641","6.13834857647357","6.47044704705508","6.78762233532488","7.1432856905448","7.50693862681711","7.88867085747413","8.3313654991047","8.76632385576429","9.21267613259397","9.67673305596917","10.1672737994948","10.6854662098433","11.1524645806615","11.7184167809224","12.2868157315239","12.859737290645","13.4615760589952","14.0626581770411","14.7228487179098","15.3185705058773","15.9365315232518","16.5853361349134","17.1966568141317","","",
"Croatia","HRV","Access to clean fuels and technologies for cooking (% of population)","EG.CFT.ACCS.ZS","","","","","","","","","","","","","","","","","","","","","","","","","","","","","","","","","","","","","","","","","100","100","100","100","100","100","100","100","100","100","100","100","100","100","100","100","100","100","100","100","100","100","100","100","","",
"Haiti","HTI","Access to clean fuels and technologies for cooking (% of population)","EG.CFT.ACCS.ZS","","","","","","","","","","","","","","","","","","","","","","","","","","","","","","","","","","","","","","","","","2.6","2.7","2.8","3","3.1","3.3","3.4","3.4","3.5","3.6","3.6","3.7","3.8","3.8","3.8","3.9","4","4.1","4","4.2","4.2","4.4","4.4","4.5","","",
"Hungary","HUN","Access to clean fuels and technologies for cooking (% of population)","EG.CFT.ACCS.ZS","","","","","","","","","","","","","","","","","","","","","","","","","","","","","","","","","","","","","","","","","100","100","100","100","100","100","100","100","100","100","100","100","100","100","100","100","100","100","100","100","100","100","100","100","","",
"IBRD only","IBD","Access to clean fuels and technologies for cooking (% of population)","EG.CFT.ACCS.ZS","","","","","","","","","","","","","","","","","","","","","","","","","","","","","","","","","","","","","","","","","47.1856840059523","48.27422748134","49.3303453311889","50.4601085562525","51.6445318917388","52.8548285946238","54.0740993385836","55.5479301839674","56.9473938338618","58.5630119268107","60.2431893003624","62.0506551990597","64.076110538995","66.3197115491645","68.4430773538079","70.7178025788658","72.895550261228","75.0941606364217","77.2571703477183","79.2364077803898","81.2498280906558","83.0530088193925","84.6202879321422","86.1766537155871","","",
"IDA & IBRD total","IBT","Access to clean fuels and technologies for cooking (% of population)","EG.CFT.ACCS.ZS","","","","","","","","","","","","","","","","","","","","","","","","","","","","","","","","","","","","","","","","","39.3726559620993","40.2435510907082","41.0773997537649","41.9655514138186","42.900048598842","43.856636762205","44.8149685095215","45.9807788187873","47.0927903319086","48.3490358988008","49.670427027255","51.0783779186537","52.6703936782733","54.4159243751427","56.0812441007154","57.8868038151097","59.6281377788474","61.3910692514225","63.1510296387691","64.7900924576489","66.4288612426951","67.8978781991551","69.1746658485523","70.4180781353697","","",
"IDA total","IDA","Access to clean fuels and technologies for cooking (% of population)","EG.CFT.ACCS.ZS","","","","","","","","","","","","","","","","","","","","","","","","","","","","","","","","","","","","","","","","","11.9842631880855","12.4375488555348","12.8698230494959","13.3102298249096","13.7757759304303","14.2711800630305","14.7777591890648","15.3790300478622","16.0001666978151","16.5476753944215","17.1831208633156","17.7865250748114","18.4565164891307","19.0596971503112","19.7459473219619","20.5844608206153","21.502316875054","22.487392864378","23.6233112291931","24.8740363850571","26.0956331172755","27.3184357720847","28.4935930172518","29.582675719329","","",
"IDA blend","IDB","Access to clean fuels and technologies for cooking (% of population)","EG.CFT.ACCS.ZS","","","","","","","","","","","","","","","","","","","","","","","","","","","","","","","","","","","","","","","","","17.4572639450495","17.9561321297506","18.4536632466729","18.8876114985066","19.3506278672442","19.9354465361527","20.3748039754312","21.002463623658","21.7359550207022","22.2936575381151","22.9767844123455","23.5690443587775","24.3744302871574","25.1593662612926","26.0037420336089","27.2036674964734","28.539851744017","29.9636373391436","31.7404014506388","33.8468072263773","35.8293548872337","37.8595266691453","39.7101906744718","41.4111736806163","","",
"Indonesia","IDN","Access to clean fuels and technologies for cooking (% of population)","EG.CFT.ACCS.ZS","","","","","","","","","","","","","","","","","","","","","","","","","","","","","","","","","","","","","","","","","6.7","7.7","9.2","11","13.3","16.3","20","24.6","29.4","34.9","40.3","46.1","51.5","57","61.9","66.8","71.3","75.3","78.7","81.85","84.6","86.9","88.8","90.6","","",
"IDA only","IDX","Access to clean fuels and technologies for cooking (% of population)","EG.CFT.ACCS.ZS","","","","","","","","","","","","","","","","","","","","","","","","","","","","","","","","","","","","","","","","","9.05785622919094","9.47741368826119","9.8715922772751","10.3133396941795","10.7742213045091","11.2161367147813","11.7549353605788","12.3335042497927","12.8827040172898","13.4140528080022","14.0134350017872","14.6166126736293","15.2102690781587","15.7111549324389","16.3113431810031","16.955297009053","17.6533953941399","18.4093650308106","19.2076050149083","20.0091575769747","20.8348288687011","21.6349710760207","22.459763122293","23.2405833848446","","",
"Isle of Man","IMN","Access to clean fuels and technologies for cooking (% of population)","EG.CFT.ACCS.ZS","","","","","","","","","","","","","","","","","","","","","","","","","","","","","","","","","","","","","","","","","","","","","","","","","","","","","","","","","","","","","","","","","","",
"India","IND","Access to clean fuels and technologies for cooking (% of population)","EG.CFT.ACCS.ZS","","","","","","","","","","","","","","","","","","","","","","","","","","","","","","","","","","","","","","","","","22.7","23.8","24.9","26.2","27.3","28.3","29.3","30.7","31.9","33.6","35","36.95","39.3","42.4","44.8","48.4","51.8","55.3","59","62.7","66.5","70.2","73.4","76.7","","",
"Not classified","INX","Access to clean fuels and technologies for cooking (% of population)","EG.CFT.ACCS.ZS","","","","","","","","","","","","","","","","","","","","","","","","","","","","","","","","","","","","","","","","","","","","","","","","","","","","","","","","","","","","","","","","","","",
"Ireland","IRL","Access to clean fuels and technologies for cooking (% of population)","EG.CFT.ACCS.ZS","","","","","","","","","","","","","","","","","","","","","","","","","","","","","","","","","","","","","","","","","100","100","100","100","100","100","100","100","100","100","100","100","100","100","100","100","100","100","100","100","100","100","100","100","","",
"Iran, Islamic Rep.","IRN","Access to clean fuels and technologies for cooking (% of population)","EG.CFT.ACCS.ZS","","","","","","","","","","","","","","","","","","","","","","","","","","","","","","","","","","","","","","","","","90.9","92","92.8","93.7","94.55","95.1","95.6","96","96.4","96.7","96.9","96.9","97.1","97","97","97","97","96.9","96.8","96.5","96.4","96.2","95.9","95.7","","",
"Iraq","IRQ","Access to clean fuels and technologies for cooking (% of population)","EG.CFT.ACCS.ZS","","","","","","","","","","","","","","","","","","","","","","","","","","","","","","","","","","","","","","","","","64.4","69.6","74.5","78.8","82.8","85.9","88.8","90.9","92.7","94.2","95.4","96.3","97.1","97.7","98.1","98.5","98.7","98.9","99.1","99.3","99.3","99.4","99.4","99.5","","",
"Iceland","ISL","Access to clean fuels and technologies for cooking (% of population)","EG.CFT.ACCS.ZS","","","","","","","","","","","","","","","","","","","","","","","","","","","","","","","","","","","","","","","","","100","100","100","100","100","100","100","100","100","100","100","100","100","100","100","100","100","100","100","100","100","100","100","100","","",
"Israel","ISR","Access to clean fuels and technologies for cooking (% of population)","EG.CFT.ACCS.ZS","","","","","","","","","","","","","","","","","","","","","","","","","","","","","","","","","","","","","","","","","100","100","100","100","100","100","100","100","100","100","100","100","100","100","100","100","100","100","100","100","100","100","100","100","","",
"Italy","ITA","Access to clean fuels and technologies for cooking (% of population)","EG.CFT.ACCS.ZS","","","","","","","","","","","","","","","","","","","","","","","","","","","","","","","","","","","","","","","","","100","100","100","100","100","100","100","100","100","100","100","100","100","100","100","100","100","100","100","100","100","100","100","100","","",
"Jamaica","JAM","Access to clean fuels and technologies for cooking (% of population)","EG.CFT.ACCS.ZS","","","","","","","","","","","","","","","","","","","","","","","","","","","","","","","","","","","","","","","","","74","75.9","77.5","79","80.3","81.7","82.7","83.9","84.6","85.6","86.3","87.4","88","88.6","89.2","89.8","90.4","91.05","91.5","91.9","92.4","92.8","93","93","","",
"Jordan","JOR","Access to clean fuels and technologies for cooking (% of population)","EG.CFT.ACCS.ZS","","","","","","","","","","","","","","","","","","","","","","","","","","","","","","","","","","","","","","","","","99.8","99.8","99.8","99.8","99.8","99.9","99.9","99.9","99.9","99.9","99.9","99.9","99.9","99.9","99.9","99.9","99.9","99.8","99.8","99.8","99.7","99.6","99.5","99.4","","",
"Japan","JPN","Access to clean fuels and technologies for cooking (% of population)","EG.CFT.ACCS.ZS","","","","","","","","","","","","","","","","","","","","","","","","","","","","","","","","","","","","","","","","","100","100","100","100","100","100","100","100","100","100","100","100","100","100","100","100","100","100","100","100","100","100","100","100","","",
"Kazakhstan","KAZ","Access to clean fuels and technologies for cooking (% of population)","EG.CFT.ACCS.ZS","","","","","","","","","","","","","","","","","","","","","","","","","","","","","","","","","","","","","","","","","84.2","85.3","86.4","87.1","87.5","88.6","89.2","89.7","90.2","90.7","91.5","92.1","92.2","92.8","93","93.3","93.5","93.8","94","94","94.2","94.2","94.1","94.2","","",
"Kenya","KEN","Access to clean fuels and technologies for cooking (% of population)","EG.CFT.ACCS.ZS","","","","","","","","","","","","","","","","","","","","","","","","","","","","","","","","","","","","","","","","","1.7","2.1","2.5","3","3.4","3.9","4.5","5.1","5.8","6.4","7.1","7.9","8.8","9.9","11.2","12.6","14.2","16.1","18","20.6","23.05","25.8","28.5","31.6","","",
"Kyrgyz Republic","KGZ","Access to clean fuels and technologies for cooking (% of population)","EG.CFT.ACCS.ZS","","","","","","","","","","","","","","","","","","","","","","","","","","","","","","","","","","","","","","","","","53.3","54.9","57","58.5","60.5","62.5","64.5","66.4","68.2","69.7","71.3","72.4","73.7","74.5","75.5","76.3","76.6","77.4","77.8","78.1","78.6","78.9","79.1","79.6","","",
"Cambodia","KHM","Access to clean fuels and technologies for cooking (% of population)","EG.CFT.ACCS.ZS","","","","","","","","","","","","","","","","","","","","","","","","","","","","","","","","","","","","","","","","","3.4","4","4.6","5.2","5.9","6.6","7.5","8.4","9.2","10.3","11.7","13.1","14.7","16.4","18.5","21.1","23.8","27.1","31.1","35.5","40.6","46.3","52.15","58","","",
"Kiribati","KIR","Access to clean fuels and technologies for cooking (% of population)","EG.CFT.ACCS.ZS","","","","","","","","","","","","","","","","","","","","","","","","","","","","","","","","","","","","","","","","","0.7","0.8","0.9","1","1.2","1.4","1.6","1.9","2.2","2.5","3","3.5","4.1","4.7","5.5","6.3","7.1","8.3","9.4","10.7","11.9","13.3","14.6","16.4","","",
"St. Kitts and Nevis","KNA","Access to clean fuels and technologies for cooking (% of population)","EG.CFT.ACCS.ZS","","","","","","","","","","","","","","","","","","","","","","","","","","","","","","","","","","","","","","","","","100","100","100","100","100","100","100","100","100","100","100","100","100","100","100","100","100","100","100","100","100","100","100","100","","",
"Korea, Rep.","KOR","Access to clean fuels and technologies for cooking (% of population)","EG.CFT.ACCS.ZS","","","","","","","","","","","","","","","","","","","","","","","","","","","","","","","","","","","","","","","","","100","100","100","100","100","100","100","100","100","100","100","100","100","100","100","100","100","100","100","100","100","100","100","100","","",
"Kuwait","KWT","Access to clean fuels and technologies for cooking (% of population)","EG.CFT.ACCS.ZS","","","","","","","","","","","","","","","","","","","","","","","","","","","","","","","","","","","","","","","","","100","100","100","100","100","100","100","100","100","100","100","100","100","100","100","100","100","100","100","100","100","100","100","100","","",
"Latin America & Caribbean (excluding high income)","LAC","Access to clean fuels and technologies for cooking (% of population)","EG.CFT.ACCS.ZS","","","","","","","","","","","","","","","","","","","","","","","","","","","","","","","","","","","","","","","","","79.1020738571403","79.9571522501787","80.7153151687655","81.4222623070416","82.0017780090011","82.6268581785592","83.09675710798","83.5740880740851","83.9917336773512","84.3981548377207","84.8357550115522","85.2246516796738","85.6301700204153","85.9335680173028","86.3553136696987","86.7309728557535","87.0199931697905","87.2993087388266","87.5778596135638","87.8486720873456","88.0701599038257","88.2670946992169","88.4165447112929","88.5798434130318","","",
"Lao PDR","LAO","Access to clean fuels and technologies for cooking (% of population)","EG.CFT.ACCS.ZS","","","","","","","","","","","","","","","","","","","","","","","","","","","","","","","","","","","","","","","","","1.3","1.4","1.5","1.7","1.8","2.1","2.3","2.6","2.9","3.2","3.5","3.9","4.3","4.8","5.2","5.7","6.3","6.9","7.4","8.1","8.8","9.6","10.3","11.1","","",
"Lebanon","LBN","Access to clean fuels and technologies for cooking (% of population)","EG.CFT.ACCS.ZS","","","","","","","","","","","","","","","","","","","","","","","","","","","","","","","","","","","","","","","","","","","","","","","","","","","","","","","","","","","","","","","","","","",
"Liberia","LBR","Access to clean fuels and technologies for cooking (% of population)","EG.CFT.ACCS.ZS","","","","","","","","","","","","","","","","","","","","","","","","","","","","","","","","","","","","","","","","","0.5","0.5","0.5","0.5","0.4","0.4","0.4","0.4","0.3","0.4","0.4","0.4","0.4","0.4","0.4","0.4","0.5","0.5","0.5","0.5","0.6","0.7","0.8","0.8","","",
"Libya","LBY","Access to clean fuels and technologies for cooking (% of population)","EG.CFT.ACCS.ZS","","","","","","","","","","","","","","","","","","","","","","","","","","","","","","","","","","","","","","","","","","","","","","","","","","","","","","","","","","","","","","","","","","",
"St. Lucia","LCA","Access to clean fuels and technologies for cooking (% of population)","EG.CFT.ACCS.ZS","","","","","","","","","","","","","","","","","","","","","","","","","","","","","","","","","","","","","","","","","84.9","86.5","88.1","89.7","91","92.2","93.1","94","94.7","95.1","95.4","95.6","95.8","95.7","95.5","95.4","95.1","94.6","94.3","94","93.5","93","92.7","92.1","","",
"Latin America & Caribbean","LCN","Access to clean fuels and technologies for cooking (% of population)","EG.CFT.ACCS.ZS","","","","","","","","","","","","","","","","","","","","","","","","","","","","","","","","","","","","","","","","","80.1719842164313","80.9797644214384","81.6962719438844","82.3646206452242","82.9128671103401","83.502030447082","83.9464854802831","84.3983600528683","84.7941842384823","85.1796334356918","85.5957526252698","85.9658893840537","86.3509813444776","86.6412327742482","87.0430398631233","87.4008066221983","87.6782766828718","87.9480532943132","88.2167571926769","88.4782015326547","88.6903827852008","88.8775210450793","89.0197186234126","89.1755849668465","","",
"Least developed countries: UN classification","LDC","Access to clean fuels and technologies for cooking (% of population)","EG.CFT.ACCS.ZS","","","","","","","","","","","","","","","","","","","","","","","","","","","","","","","","","","","","","","","","","6.36595168801663","6.72941487461551","7.08092557560617","7.47649703069714","7.9043045720472","8.30672978271785","8.78703226218804","9.26435061108262","9.77561265862122","10.3039427062215","10.8922492216998","11.502640978155","12.1636433016276","12.8056011140777","13.5724846791378","14.3112344198194","15.0818557786226","15.8703956553741","16.686886065539","17.4800570312238","18.3062886335857","19.125355912973","19.9446613318465","20.7191495590139","","",
"Low income","LIC","Access to clean fuels and technologies for cooking (% of population)","EG.CFT.ACCS.ZS","","","","","","","","","","","","","","","","","","","","","","","","","","","","","","","","","","","","","","","","","8.72615653128773","9.01901475034988","9.27863714312631","9.57765164880377","9.93388300275694","10.2693883270998","10.7085936780337","11.2823015143184","11.7243571862871","12.1233197993696","12.5161701313438","12.9482326772177","13.2750082546186","13.3963188247596","13.6038277237174","13.8519365290176","14.1690963383532","14.5908012933693","15.0048063472541","15.4660940324014","15.8394238222809","16.2089663936524","16.6320875524969","17.0128671051344","","",
"Liechtenstein","LIE","Access to clean fuels and technologies for cooking (% of population)","EG.CFT.ACCS.ZS","","","","","","","","","","","","","","","","","","","","","","","","","","","","","","","","","","","","","","","","","","","","","","","","","","","","","","","","","","","","","","","","","","",
"Sri Lanka","LKA","Access to clean fuels and technologies for cooking (% of population)","EG.CFT.ACCS.ZS","","","","","","","","","","","","","","","","","","","","","","","","","","","","","","","","","","","","","","","","","16.4","17.3","17.8","18.5","18.9","19.5","19.9","20.2","20.5","21.1","22","22.7","23.4","24.2","25.4","26.3","27.4","28.6","30","31","32.1","33.2","34.2","35.4","","",
"Lower middle income","LMC","Access to clean fuels and technologies for cooking (% of population)","EG.CFT.ACCS.ZS","","","","","","","","","","","","","","","","","","","","","","","","","","","","","","","","","","","","","","","","","23.7867183204082","24.7464282895076","25.6778790338731","26.6764467298624","27.5655885430984","28.3913038598087","29.1981483230099","30.2164632537186","31.1622218833112","32.3246255139613","33.375145288247","34.688044475139","36.2745608440065","38.2576944114273","39.8940222479084","42.2217431566485","44.4780794448353","46.7856184023927","49.2806669043801","51.8265406474738","54.4133437129091","56.9454938195244","59.1675920083723","61.4112049555716","","",
"Low & middle income","LMY","Access to clean fuels and technologies for cooking (% of population)","EG.CFT.ACCS.ZS","","","","","","","","","","","","","","","","","","","","","","","","","","","","","","","","","","","","","","","","","36.2751471388274","37.2488737300881","38.1767004430444","39.1558213195656","40.1795063771382","41.2237284292751","42.2642231070011","43.5166540833274","44.7103706543766","46.0480015797223","47.4514338113192","48.9396436190983","50.6161990047251","52.4471108719441","54.193593233902","56.0832307918716","57.9036396880935","59.7451431416462","61.5829156215449","63.2934286331594","65.0058118820077","66.5437428246255","67.8762257339887","69.1739521929806","","",
"Lesotho","LSO","Access to clean fuels and technologies for cooking (% of population)","EG.CFT.ACCS.ZS","","","","","","","","","","","","","","","","","","","","","","","","","","","","","","","","","","","","","","","","","15.9","17.6","19","20.5","22.1","23.6","25.3","26.6","28.2","29.8","31.3","32.8","34.3","35.9","37.5","39.1","40.8","42.6","44.4","46.2","48.1","49.8","51.8","53.8","","",
"Late-demographic dividend","LTE","Access to clean fuels and technologies for cooking (% of population)","EG.CFT.ACCS.ZS","","","","","","","","","","","","","","","","","","","","","","","","","","","","","","","","","","","","","","","","","53.8699182726501","54.9575334780385","56.0016659016759","57.1014563862629","58.3887508270292","59.7567232337118","61.1106887049095","62.7186169774034","64.2634289861015","65.9017575993911","67.8530227272962","69.7080482424862","71.796462937997","73.9016228287233","76.1865550515488","78.1170575186487","79.9927004216327","81.9282209018955","83.7269255342653","85.2001138497893","86.6985571261653","87.8967564690471","88.9653604235263","89.9592806283074","","",
"Lithuania","LTU","Access to clean fuels and technologies for cooking (% of population)","EG.CFT.ACCS.ZS","","","","","","","","","","","","","","","","","","","","","","","","","","","","","","","","","","","","","","","","","100","100","100","100","100","100","100","100","100","100","100","100","100","100","100","100","100","100","100","100","100","100","100","100","","",
"Luxembourg","LUX","Access to clean fuels and technologies for cooking (% of population)","EG.CFT.ACCS.ZS","","","","","","","","","","","","","","","","","","","","","","","","","","","","","","","","","","","","","","","","","100","100","100","100","100","100","100","100","100","100","100","100","100","100","100","100","100","100","100","100","100","100","100","100","","",
"Latvia","LVA","Access to clean fuels and technologies for cooking (% of population)","EG.CFT.ACCS.ZS","","","","","","","","","","","","","","","","","","","","","","","","","","","","","","","","","","","","","","","","","100","100","100","100","100","100","100","100","100","100","100","100","100","100","100","100","100","100","100","100","100","100","100","100","","",
"Macao SAR, China","MAC","Access to clean fuels and technologies for cooking (% of population)","EG.CFT.ACCS.ZS","","","","","","","","","","","","","","","","","","","","","","","","","","","","","","","","","","","","","","","","","","","","","","","","","","","","","","","","","","","","","","","","","","",
"St. Martin (French part)","MAF","Access to clean fuels and technologies for cooking (% of population)","EG.CFT.ACCS.ZS","","","","","","","","","","","","","","","","","","","","","","","","","","","","","","","","","","","","","","","","","","","","","","","","","","","","","","","","","","","","","","","","","","",
"Morocco","MAR","Access to clean fuels and technologies for cooking (% of population)","EG.CFT.ACCS.ZS","","","","","","","","","","","","","","","","","","","","","","","","","","","","","","","","","","","","","","","","","89.8","90.9","91.7","92.4","93.3","94","94.7","95.3","95.7","96.3","96.6","96.9","97.3","97.5","97.7","97.9","98","98","98.1","98.3","98.2","98.1","98.1","98.1","","",
"Monaco","MCO","Access to clean fuels and technologies for cooking (% of population)","EG.CFT.ACCS.ZS","","","","","","","","","","","","","","","","","","","","","","","","","","","","","","","","","","","","","","","","","100","100","100","100","100","100","100","100","100","100","100","100","100","100","100","100","100","100","100","100","100","100","100","100","","",
"Moldova","MDA","Access to clean fuels and technologies for cooking (% of population)","EG.CFT.ACCS.ZS","","","","","","","","","","","","","","","","","","","","","","","","","","","","","","","","","","","","","","","","","63.1","67.1","70.3","74.3","77.9","81","84","86.3","88.6","90.3","91.9","93.2","94.3","95.1","95.8","96.3","96.8","97.2","97.5","97.7","97.9","98.1","98.2","98.3","","",
"Madagascar","MDG","Access to clean fuels and technologies for cooking (% of population)","EG.CFT.ACCS.ZS","","","","","","","","","","","","","","","","","","","","","","","","","","","","","","","","","","","","","","","","","1.2","1.2","1.2","1.1","1.1","1.1","1.1","1.1","1","1","1","1","1","1","1","1","1","1.1","1.2","1.2","1.3","1.4","1.5","1.6","","",
"Maldives","MDV","Access to clean fuels and technologies for cooking (% of population)","EG.CFT.ACCS.ZS","","","","","","","","","","","","","","","","","","","","","","","","","","","","","","","","","","","","","","","","","23.95","32.1","41.5","52","62.1","71","78.3","83.7","87.9","91","93.3","95","96.4","97.1","97.9","98.5","98.8","99.1","99.3","99.5","99.6","99.7","99.8","99.8","","",
"Middle East, North Africa, Afghanistan & Pakistan","MEA","Access to clean fuels and technologies for cooking (% of population)","EG.CFT.ACCS.ZS","","","","","","","","","","","","","","","","","","","","","","","","","","","","","","","","","","","","","","","","","62.6594010318437","64.2333545487115","65.521988699734","66.5805699282754","67.7157093040052","68.7053156996309","69.5430583494283","70.4006477735109","71.1644816425019","71.7336531606532","72.2247666884129","72.680299560102","73.2864771170311","73.8205516999457","74.2465013826845","74.8548951582627","75.4430603172851","75.8061271457959","76.2667761033233","76.7406469048732","77.1511351924818","77.5462596875773","78.0405170756645","78.617471658088","","",
"Mexico","MEX","Access to clean fuels and technologies for cooking (% of population)","EG.CFT.ACCS.ZS","","","","","","","","","","","","","","","","","","","","","","","","","","","","","","","","","","","","","","","","","82.6","83.4","83.9","84.3","84.5","84.8","84.9","85","85","84.9","84.9","84.8","84.8","84.7","84.7","84.7","84.8","84.7","84.8","85","85","85.05","85","85.1","","",
"Marshall Islands","MHL","Access to clean fuels and technologies for cooking (% of population)","EG.CFT.ACCS.ZS","","","","","","","","","","","","","","","","","","","","","","","","","","","","","","","","","","","","","","","","","7.3","9.7","12.6","16.8","21.5","27.7","34.1","41","47","52.5","56.25","59.8","61.6","63.3","64.1","64.9","64.9","64.8","64.9","65.6","65.2","64.9","65.2","64.8","","",
"Middle income","MIC","Access to clean fuels and technologies for cooking (% of population)","EG.CFT.ACCS.ZS","","","","","","","","","","","","","","","","","","","","","","","","","","","","","","","","","","","","","","","","","38.6283305994267","39.6904785022378","40.7150402481173","41.796267816714","42.9207063547285","44.0733942469601","45.2186508505581","46.5856348490906","47.9014425497449","49.3822041530033","50.9391498940332","52.588400257814","54.4558097078798","56.5140210324401","58.4732482576556","60.5947393742814","62.6447305428075","64.7180816579167","66.8013816026277","68.751103352608","70.7223395077985","72.5067011798659","74.0624071540849","75.5943176476884","","",
"North Macedonia","MKD","Access to clean fuels and technologies for cooking (% of population)","EG.CFT.ACCS.ZS","","","","","","","","","","","","","","","","","","","","","","","","","","","","","","","","","","","","","","","","","54.5","56.15","57.5","58.8","60.2","61.4","63.3","64.6","65.45","66.9","67.9","69.3","70.7","71.7","72.7","73.6","75","75.9","76.45","77.6","78.9","79.6","80.55","81.3","","",
"Mali","MLI","Access to clean fuels and technologies for cooking (% of population)","EG.CFT.ACCS.ZS","","","","","","","","","","","","","","","","","","","","","","","","","","","","","","","","","","","","","","","","","0.7","0.8","0.8","0.8","0.8","0.8","0.9","0.9","0.9","0.9","0.9","0.9","0.9","0.9","1","1","1","1","1","1.1","1.2","1.2","1.3","1.3","","",
"Malta","MLT","Access to clean fuels and technologies for cooking (% of population)","EG.CFT.ACCS.ZS","","","","","","","","","","","","","","","","","","","","","","","","","","","","","","","","","","","","","","","","","100","100","100","100","100","100","100","100","100","100","100","100","100","100","100","100","100","100","100","100","100","100","100","100","","",
"Myanmar","MMR","Access to clean fuels and technologies for cooking (% of population)","EG.CFT.ACCS.ZS","","","","","","","","","","","","","","","","","","","","","","","","","","","","","","","","","","","","","","","","","1.7","2","2.3","2.8","3.3","3.9","4.6","5.5","6.6","7.8","9.3","11.1","13","15.6","18.3","21.1","24.4","28","31.7","35.9","40.1","44.5","48.9","53.5","","",
"Middle East, North Africa, Afghanistan & Pakistan (excluding high income)","MNA","Access to clean fuels and technologies for cooking (% of population)","EG.CFT.ACCS.ZS","","","","","","","","","","","","","","","","","","","","","","","","","","","","","","","","","","","","","","","","","60.0173632781803","61.6500513820718","62.9826281569081","64.0757644252377","65.2573506373596","66.2826712905205","67.1338024323962","67.9880463243892","68.7459942221545","69.3134838738639","69.8808406724598","70.3300451012106","70.9300668302228","71.4389539260245","71.8665068815405","72.4594851020382","73.0524573852252","73.4556519668056","74.0097280563348","74.5579222241471","74.9889536943546","75.482319396557","75.9706034748614","76.5501871248102","","",
"Montenegro","MNE","Access to clean fuels and technologies for cooking (% of population)","EG.CFT.ACCS.ZS","","","","","","","","","","","","","","","","","","","","","","","","","","","","","","","","","","","","","","","","","66.85","66.9","66.8","66.8","66.4","65.9","65.4","64.7","64.2","63.7","63.3","62.8","62.4","62.3","62","61.9","61.6","61.8","61.6","61.5","61.5","61.7","61.9","61.4","","",
"Mongolia","MNG","Access to clean fuels and technologies for cooking (% of population)","EG.CFT.ACCS.ZS","","","","","","","","","","","","","","","","","","","","","","","","","","","","","","","","","","","","","","","","","22.2","23","23.7","24.7","25.8","26.9","28","29.7","31.3","33.1","34.9","36.7","38.6","40.1","41.9","43.8","45.6","47.2","48.9","50.3","51.8","53.1","54.3","55.8","","",
"Northern Mariana Islands","MNP","Access to clean fuels and technologies for cooking (% of population)","EG.CFT.ACCS.ZS","","","","","","","","","","","","","","","","","","","","","","","","","","","","","","","","","","","","","","","","","","","","","","","","","","","","","","","","","","","","","","","","","","",
"Mozambique","MOZ","Access to clean fuels and technologies for cooking (% of population)","EG.CFT.ACCS.ZS","","","","","","","","","","","","","","","","","","","","","","","","","","","","","","","","","","","","","","","","","1.9","2","2.1","2.2","2.3","2.4","2.5","2.6","2.7","2.9","3.1","3.3","3.6","3.7","4.1","4.3","4.5","4.9","5.2","5.6","6.1","6.5","6.9","7.4","","",
"Mauritania","MRT","Access to clean fuels and technologies for cooking (% of population)","EG.CFT.ACCS.ZS","","","","","","","","","","","","","","","","","","","","","","","","","","","","","","","","","","","","","","","","","29.8","31.3","32.9","34.4","35.7","37","38","39","39.8","40.35","41.1","41.8","42.6","42.9","43.8","44.4","44.9","45.5","46.1","46.8","47.5","48.1","48.9","49.4","","",
"Mauritius","MUS","Access to clean fuels and technologies for cooking (% of population)","EG.CFT.ACCS.ZS","","","","","","","","","","","","","","","","","","","","","","","","","","","","","","","","","","","","","","","","","92.7","93.7","94.4","95","95.6","96","96.4","96.7","97.2","97.4","97.6","97.8","98.1","98.3","98.4","98.5","98.6","98.7","98.8","98.9","99","99","99.1","99.1","","",
"Malawi","MWI","Access to clean fuels and technologies for cooking (% of population)","EG.CFT.ACCS.ZS","","","","","","","","","","","","","","","","","","","","","","","","","","","","","","","","","","","","","","","","","2.1","2.1","2","2.1","2.1","2.2","2.2","2.2","2.3","2.3","2.4","2.4","2.3","2.3","2.2","2.2","2.1","2.1","1.9","1.9","1.8","1.7","1.6","1.5","","",
"Malaysia","MYS","Access to clean fuels and technologies for cooking (% of population)","EG.CFT.ACCS.ZS","","","","","","","","","","","","","","","","","","","","","","","","","","","","","","","","","","","","","","","","","97.9","98.1","98.1","98.2","98.1","97.9","97.8","97.7","97.2","97","96.5","96.2","95.4","94.5","94","93.1","91.9","90.9","89.65","88.6","87.55","86.4","85.3","83.8","","",
"North America","NAC","Access to clean fuels and technologies for cooking (% of population)","EG.CFT.ACCS.ZS","","","","","","","","","","","","","","","","","","","","","","","","","","","","","","","","","","","","","","","","","100","100","100","100","100","100","100","100","100","100","100","100","100","100","100","100","100","100","100","100","100","100","100","100","","",
"Namibia","NAM","Access to clean fuels and technologies for cooking (% of population)","EG.CFT.ACCS.ZS","","","","","","","","","","","","","","","","","","","","","","","","","","","","","","","","","","","","","","","","","34","34.7","35.2","35.8","36.5","37.4","37.9","38.7","39.4","40.2","40.7","41.2","42","42.8","43.5","44.1","44.8","45.4","45.7","46.4","46.9","47.5","47.7","48","","",
"New Caledonia","NCL","Access to clean fuels and technologies for cooking (% of population)","EG.CFT.ACCS.ZS","","","","","","","","","","","","","","","","","","","","","","","","","","","","","","","","","","","","","","","","","","","","","","","","","","","","","","","","","","","","","","","","","","",
"Niger","NER","Access to clean fuels and technologies for cooking (% of population)","EG.CFT.ACCS.ZS","","","","","","","","","","","","","","","","","","","","","","","","","","","","","","","","","","","","","","","","","0.9","0.9","0.9","1","1","1","1.1","1.1","1.2","1.3","1.4","1.5","1.6","1.7","1.9","2.2","2.3","2.6","3","3.4","3.8","4.1","4.5","5.1","","",
"Nigeria","NGA","Access to clean fuels and technologies for cooking (% of population)","EG.CFT.ACCS.ZS","","","","","","","","","","","","","","","","","","","","","","","","","","","","","","","","","","","","","","","","","0.7","0.7","0.7","0.8","0.9","0.9","1","1.1","1.3","1.5","1.8","2.2","2.7","3.4","4.3","5.7","7.4","9.7","12.5","15.7","18.9","21.85","24.4","26.2","","",
"Nicaragua","NIC","Access to clean fuels and technologies for cooking (% of population)","EG.CFT.ACCS.ZS","","","","","","","","","","","","","","","","","","","","","","","","","","","","","","","","","","","","","","","","","33.9","34.9","36.2","37.2","38.1","39.2","40","41.1","42.1","43.2","44.6","45.7","47","48.3","49.7","51.1","52.3","53.6","54.6","55.8","56.8","57.7","58.6","59.6","","",
"Netherlands","NLD","Access to clean fuels and technologies for cooking (% of population)","EG.CFT.ACCS.ZS","","","","","","","","","","","","","","","","","","","","","","","","","","","","","","","","","","","","","","","","","100","100","100","100","100","100","100","100","100","100","100","100","100","100","100","100","100","100","100","100","100","100","100","100","","",
"Norway","NOR","Access to clean fuels and technologies for cooking (% of population)","EG.CFT.ACCS.ZS","","","","","","","","","","","","","","","","","","","","","","","","","","","","","","","","","","","","","","","","","100","100","100","100","100","100","100","100","100","100","100","100","100","100","100","100","100","100","100","100","100","100","100","100","","",
"Nepal","NPL","Access to clean fuels and technologies for cooking (% of population)","EG.CFT.ACCS.ZS","","","","","","","","","","","","","","","","","","","","","","","","","","","","","","","","","","","","","","","","","5","6.5","8","9.7","11.4","13.3","15","16.8","18.6","20","21.7","23.5","25.1","26.8","28.4","30.1","31.8","33.4","35.1","36.6","38.3","39.9","41.1","42.7","","",
"Naoero","NRU","Access to clean fuels and technologies for cooking (% of population)","EG.CFT.ACCS.ZS","","","","","","","","","","","","","","","","","","","","","","","","","","","","","","","","","","","","","","","","","100","100","100","100","100","100","100","100","100","100","100","100","100","100","100","100","100","100","100","100","100","100","100","100","","",
"New Zealand","NZL","Access to clean fuels and technologies for cooking (% of population)","EG.CFT.ACCS.ZS","","","","","","","","","","","","","","","","","","","","","","","","","","","","","","","","","","","","","","","","","100","100","100","100","100","100","100","100","100","100","100","100","100","100","100","100","100","100","100","100","100","100","100","100","","",
"OECD members","OED","Access to clean fuels and technologies for cooking (% of population)","EG.CFT.ACCS.ZS","","","","","","","","","","","","","","","","","","","","","","","","","","","","","","","","","","","","","","","","","97.2603668899076","97.3756621737854","97.4743897035085","97.5468704973012","97.5975022012663","97.6608002749819","97.6942787744463","97.7418144410793","97.7671365279707","97.7781139655798","97.7982311779782","97.8123013746259","97.8294903284593","97.8411740873227","97.8774871546163","97.8960906340967","97.9160920756957","97.9220196740799","97.9406252730566","97.9604655585654","97.9732314638211","97.9852573748899","97.978243132584","97.9965021958187","","",
"Oman","OMN","Access to clean fuels and technologies for cooking (% of population)","EG.CFT.ACCS.ZS","","","","","","","","","","","","","","","","","","","","","","","","","","","","","","","","","","","","","","","","","100","100","100","100","100","100","100","100","100","100","100","100","100","100","100","100","100","100","100","100","100","100","100","100","","",
"Other small states","OSS","Access to clean fuels and technologies for cooking (% of population)","EG.CFT.ACCS.ZS","","","","","","","","","","","","","","","","","","","","","","","","","","","","","","","","","","","","","","","","","58.8491725170557","59.0832646484594","59.3198971323781","59.8124629134441","60.4793712483942","61.0701339733683","61.547755437231","62.0369685094589","62.488720762172","62.9539797154883","63.3732456504254","63.7297378706659","64.1159157407817","64.5101568042598","64.8686011025606","65.2558289012197","65.6108724849429","65.972731800603","66.2963326641268","66.5430831018343","66.8272529938595","67.0216101657414","67.3696369991192","67.5996228240947","","",
"Pakistan","PAK","Access to clean fuels and technologies for cooking (% of population)","EG.CFT.ACCS.ZS","","","","","","","","","","","","","","","","","","","","","","","","","","","","","","","","","","","","","","","","","23.4","24.6","25.8","26.8","27.9","29.3","30.3","31.7","33.2","34.3","35.6","36.6","38","39.2","40.3","41.8","43.4","44.5","46.1","47.9","49.5","51.3","53","54.9","","",
"Panama","PAN","Access to clean fuels and technologies for cooking (% of population)","EG.CFT.ACCS.ZS","","","","","","","","","","","","","","","","","","","","","","","","","","","","","","","","","","","","","","","","","100","100","100","100","100","100","100","100","100","100","100","100","100","100","100","100","100","100","100","100","100","100","100","100","","",
"Peru","PER","Access to clean fuels and technologies for cooking (% of population)","EG.CFT.ACCS.ZS","","","","","","","","","","","","","","","","","","","","","","","","","","","","","","","","","","","","","","","","","41.1","45.15","48.5","51.7","54.2","56.5","58.7","60.6","62.2","64","65.7","67.4","69.4","71.3","73.4","75.8","78.1","80","82.2","84.4","86.5","88.4","90.1","91.8","","",
"Philippines","PHL","Access to clean fuels and technologies for cooking (% of population)","EG.CFT.ACCS.ZS","","","","","","","","","","","","","","","","","","","","","","","","","","","","","","","","","","","","","","","","","37.4","38.6","39.3","39.9","40.1","40.3","40.3","40.1","40","40","40.2","40.7","41.6","42.4","44","45.1","46.6","48.5","50.2","51.8","54","55.6","57.6","59.5","","",
"Palau","PLW","Access to clean fuels and technologies for cooking (% of population)","EG.CFT.ACCS.ZS","","","","","","","","","","","","","","","","","","","","","","","","","","","","","","","","","","","","","","","","","100","100","100","100","100","100","100","100","100","100","100","100","100","100","100","100","100","100","100","100","100","100","100","100","","",
"Papua New Guinea","PNG","Access to clean fuels and technologies for cooking (% of population)","EG.CFT.ACCS.ZS","","","","","","","","","","","","","","","","","","","","","","","","","","","","","","","","","","","","","","","","","5.4","5.4","5.6","5.7","5.8","6","6.2","6.5","6.9","7.3","7.6","8","8.2","8.5","8.7","9","9","9.3","9.5","9.6","9.8","9.9","10.2","10.5","","",
"Poland","POL","Access to clean fuels and technologies for cooking (% of population)","EG.CFT.ACCS.ZS","","","","","","","","","","","","","","","","","","","","","","","","","","","","","","","","","","","","","","","","","100","100","100","100","100","100","100","100","100","100","100","100","100","100","100","100","100","100","100","100","100","100","100","100","","",
"Pre-demographic dividend","PRE","Access to clean fuels and technologies for cooking (% of population)","EG.CFT.ACCS.ZS","","","","","","","","","","","","","","","","","","","","","","","","","","","","","","","","","","","","","","","","","7.12276644522814","7.60296853958704","8.08763848741935","8.56463072936921","9.04806683824085","9.47341378307489","9.86459273615638","10.1949709698135","10.632166698047","11.1100256411853","11.5961308955045","12.1202761946377","12.743115242231","13.3679991133714","14.0974119782321","14.8779248576569","15.7630314965697","16.7856078288273","17.9233308475846","19.213434861238","20.4345633155012","21.6317234798221","22.7421583227771","23.7043373748277","","",
"Puerto Rico (US)","PRI","Access to clean fuels and technologies for cooking (% of population)","EG.CFT.ACCS.ZS","","","","","","","","","","","","","","","","","","","","","","","","","","","","","","","","","","","","","","","","","","","","","","","","","","","","","","","","","","","","","","","","","","",
"Korea, Dem. People's Rep.","PRK","Access to clean fuels and technologies for cooking (% of population)","EG.CFT.ACCS.ZS","","","","","","","","","","","","","","","","","","","","","","","","","","","","","","","","","","","","","","","","","1.3","1.6","1.8","2.1","2.5","3","3.4","3.9","4.5","5.1","5.7","6.2","6.8","7.3","8","8.7","9.3","9.9","10.7","11.4","12.1","13.1","13.6","14.5","","",
"Portugal","PRT","Access to clean fuels and technologies for cooking (% of population)","EG.CFT.ACCS.ZS","","","","","","","","","","","","","","","","","","","","","","","","","","","","","","","","","","","","","","","","","100","100","100","100","100","100","100","100","100","100","100","100","100","100","100","100","100","100","100","100","100","100","100","100","","",
"Paraguay","PRY","Access to clean fuels and technologies for cooking (% of population)","EG.CFT.ACCS.ZS","","","","","","","","","","","","","","","","","","","","","","","","","","","","","","","","","","","","","","","","","48","48","48.2","48.7","49.2","50.2","51.2","52.8","54.2","55.6","57.4","59","60.7","62.2","63.6","64.9","66","67.2","68.1","68.8","69.35","70.2","70.7","71.3","","",
"West Bank and Gaza","PSE","Access to clean fuels and technologies for cooking (% of population)","EG.CFT.ACCS.ZS","","","","","","","","","","","","","","","","","","","","","","","","","","","","","","","","","","","","","","","","","","","","","","","","","","","","","","","","","","","","","","","","","","",
"Pacific island small states","PSS","Access to clean fuels and technologies for cooking (% of population)","EG.CFT.ACCS.ZS","","","","","","","","","","","","","","","","","","","","","","","","","","","","","","","","","","","","","","","","","20.296878136822","20.5293630989751","20.88781877111","21.2144242268197","21.5809256561975","22.0529627945064","22.5835161204321","22.9941284717996","23.5626549544592","24.1564051190388","24.7836148701035","25.3783861339938","26.1560585291021","26.7943835134127","27.5126532200545","28.3473889702693","29.0377285198043","29.7906673667998","30.445184773146","31.3101429891741","32.0091516080388","32.6452913033857","33.3774349795505","34.0194482869408","","",
"Post-demographic dividend","PST","Access to clean fuels and technologies for cooking (% of population)","EG.CFT.ACCS.ZS","","","","","","","","","","","","","","","","","","","","","","","","","","","","","","","","","","","","","","","","","98.892129550053","98.9766168672306","99.0410511814616","99.1052889212439","99.1734745896825","99.2267864866208","99.2731377044015","99.3110312402765","99.3534631882645","99.3859942205879","99.419333728341","99.4423375951855","99.4678601544773","99.4915382347173","99.5085048969645","99.5220157452014","99.5323762882667","99.5435882644534","99.5532046201609","99.5596202154647","99.5742071726446","99.5728889179422","99.5876048572938","99.5986910139536","","",
"French Polynesia","PYF","Access to clean fuels and technologies for cooking (% of population)","EG.CFT.ACCS.ZS","","","","","","","","","","","","","","","","","","","","","","","","","","","","","","","","","","","","","","","","","","","","","","","","","","","","","","","","","","","","","","","","","","",
"Qatar","QAT","Access to clean fuels and technologies for cooking (% of population)","EG.CFT.ACCS.ZS","","","","","","","","","","","","","","","","","","","","","","","","","","","","","","","","","","","","","","","","","100","100","100","100","100","100","100","100","100","100","100","100","100","100","100","100","100","100","100","100","100","100","100","100","","",
"Romania","ROU","Access to clean fuels and technologies for cooking (% of population)","EG.CFT.ACCS.ZS","","","","","","","","","","","","","","","","","","","","","","","","","","","","","","","","","","","","","","","","","100","100","100","100","100","100","100","100","100","100","100","100","100","100","100","100","100","100","100","100","100","100","100","100","","",
"Russian Federation","RUS","Access to clean fuels and technologies for cooking (% of population)","EG.CFT.ACCS.ZS","","","","","","","","","","","","","","","","","","","","","","","","","","","","","","","","","","","","","","","","","100","100","100","100","100","100","100","100","100","100","100","100","100","100","100","100","100","100","100","100","100","100","100","100","","",
"Rwanda","RWA","Access to clean fuels and technologies for cooking (% of population)","EG.CFT.ACCS.ZS","","","","","","","","","","","","","","","","","","","","","","","","","","","","","","","","","","","","","","","","","0.1","0.1","0.1","0.1","0.1","0.2","0.2","0.2","0.2","0.2","0.3","0.4","0.5","0.6","0.8","1","1.3","1.7","2.4","3.3","4.3","5.7","7.3","9.3","","",
"South Asia","SAS","Access to clean fuels and technologies for cooking (% of population)","EG.CFT.ACCS.ZS","","","","","","","","","","","","","","","","","","","","","","","","","","","","","","","","","","","","","","","","","20.6214165645212","21.6461575228923","22.6667020836102","23.8776355504079","24.9146507408273","25.8629623691407","26.8371577241679","28.1345902872613","29.2820199482298","30.8686638104964","32.2305554202238","34.0536415832734","36.2481085810133","39.0901270999806","41.3563103084917","44.6552505915235","47.7852760570284","50.9932969202059","54.3997607304664","57.7624633701574","61.253259249948","64.6274277793323","67.5580327508597","70.5783520488242","","",
"Saudi Arabia","SAU","Access to clean fuels and technologies for cooking (% of population)","EG.CFT.ACCS.ZS","","","","","","","","","","","","","","","","","","","","","","","","","","","","","","","","","","","","","","","","","100","100","100","100","100","100","100","100","100","100","100","100","100","100","100","100","100","100","100","100","100","100","100","100","","",
"Sudan","SDN","Access to clean fuels and technologies for cooking (% of population)","EG.CFT.ACCS.ZS","","","","","","","","","","","","","","","","","","","","","","","","","","","","","","","","","","","","","","","","","7.2","8.8","10.4","12.7","15","17.3","19.8","23.1","26.2","29.3","32.2","35.8","39.2","41.8","45.75","48.4","51.85","55.2","57.6","60.8","63.4","65.7","68.2","70.55","","",
"Senegal","SEN","Access to clean fuels and technologies for cooking (% of population)","EG.CFT.ACCS.ZS","","","","","","","","","","","","","","","","","","","","","","","","","","","","","","","","","","","","","","","","","34.8","35.9","36.9","37.3","37.5","37.4","37","36.2","35.6","34.5","33.3","32.1","31.1","30.1","29.2","28.5","28.3","28.4","28.8","29.7","30.7","32.1","33.5","34.8","","",
"Singapore","SGP","Access to clean fuels and technologies for cooking (% of population)","EG.CFT.ACCS.ZS","","","","","","","","","","","","","","","","","","","","","","","","","","","","","","","","","","","","","","","","","100","100","100","100","100","100","100","100","100","100","100","100","100","100","100","100","100","100","100","100","100","100","100","100","","",
"Solomon Islands","SLB","Access to clean fuels and technologies for cooking (% of population)","EG.CFT.ACCS.ZS","","","","","","","","","","","","","","","","","","","","","","","","","","","","","","","","","","","","","","","","","8.6","8.5","8.6","8.4","8.4","8.4","8.3","8.3","8.1","8.2","8.2","8.1","8.2","8.3","8.3","8.4","8.6","8.5","8.5","8.6","8.6","8.6","8.6","8.7","","",
"Sierra Leone","SLE","Access to clean fuels and technologies for cooking (% of population)","EG.CFT.ACCS.ZS","","","","","","","","","","","","","","","","","","","","","","","","","","","","","","","","","","","","","","","","","0","0.1","0.1","0.1","0.2","0.2","0.3","0.3","0.3","0.4","0.4","0.5","0.5","0.5","0.5","0.6","0.6","0.7","0.7","0.7","0.8","0.8","0.8","0.9","","",
"El Salvador","SLV","Access to clean fuels and technologies for cooking (% of population)","EG.CFT.ACCS.ZS","","","","","","","","","","","","","","","","","","","","","","","","","","","","","","","","","","","","","","","","","58.4","60.6","62.3","64.1","66.1","67.8","69.5","71.2","73.1","74.9","76.7","78.5","80.4","82.15","83.9","85.5","87.2","88.6","89.9","90.9","92","92.9","93.7","94.4","","",
"San Marino","SMR","Access to clean fuels and technologies for cooking (% of population)","EG.CFT.ACCS.ZS","","","","","","","","","","","","","","","","","","","","","","","","","","","","","","","","","","","","","","","","","100","100","100","100","100","100","100","100","100","100","100","100","100","100","100","100","100","100","100","100","100","100","100","100","","",
"Somalia, Fed. Rep.","SOM","Access to clean fuels and technologies for cooking (% of population)","EG.CFT.ACCS.ZS","","","","","","","","","","","","","","","","","","","","","","","","","","","","","","","","","","","","","","","","","0.4","0.4","0.4","0.5","0.5","0.6","0.6","0.7","0.8","0.9","1.1","1.25","1.4","1.6","1.8","2.1","2.3","2.6","3","3.5","3.7","4.3","4.8","5.4","","",
"Serbia","SRB","Access to clean fuels and technologies for cooking (% of population)","EG.CFT.ACCS.ZS","","","","","","","","","","","","","","","","","","","","","","","","","","","","","","","","","","","","","","","","","57.5","58.6","59.6","60.6","61.6","62.6","63.4","64.4","65.3","66.4","67.5","68.6","69.7","70.8","71.8","73.2","74.3","75.7","76.9","78.5","79.5","81.1","82","83.1","","",
"Sub-Saharan Africa (excluding high income)","SSA","Access to clean fuels and technologies for cooking (% of population)","EG.CFT.ACCS.ZS","","","","","","","","","","","","","","","","","","","","","","","","","","","","","","","","","","","","","","","","","8.77028662827487","9.0473367349266","9.33465305028353","9.63566192099824","9.94275837887136","10.2560233778654","10.5808900000375","10.95361127987","11.3518589972429","11.7262645135251","12.1352896917816","12.5835158528743","13.0701388557937","13.5794631092322","14.2058613712045","14.9141732480598","15.6975576012397","16.586264202437","17.6013481474622","18.7345614426566","19.8297859635877","20.8981580058805","21.9081497468218","22.7540464456045","","",
"South Sudan","SSD","Access to clean fuels and technologies for cooking (% of population)","EG.CFT.ACCS.ZS","","","","","","","","","","","","","","","","","","","","","","","","","","","","","","","","","","","","","","","","","0.4","0.3","0.3","0.2","0.2","0.1","0.1","0.1","0","0","0","0","0","0","0","0","0","0","0","0","0","0","0","0","","",
"Sub-Saharan Africa","SSF","Access to clean fuels and technologies for cooking (% of population)","EG.CFT.ACCS.ZS","","","","","","","","","","","","","","","","","","","","","","","","","","","","","","","","","","","","","","","","","8.78115898018427","9.05789934370534","9.34522109759063","9.6457991577916","9.95255407815538","10.2655660953142","10.5903362897121","10.9628102250334","11.3609682708459","11.7351228730365","12.1441099636526","12.5918323397053","13.0782658840985","13.5874708047307","14.2137196633442","14.9219305893641","15.7051433783253","16.5936651993477","17.6085362866856","18.7415300243425","19.8365435111527","20.9047114563922","21.9157719504333","22.761396231097","","",
"Small states","SST","Access to clean fuels and technologies for cooking (% of population)","EG.CFT.ACCS.ZS","","","","","","","","","","","","","","","","","","","","","","","","","","","","","","","","","","","","","","","","","62.792334618019","62.9798525683482","63.1964039280002","63.5692786977837","64.0507997073952","64.3785944846566","64.7569245268679","65.1160686554294","65.4798745729784","65.8405629728095","66.1766996335746","66.4651564438575","66.7886752877075","67.0980547353478","67.39809496556","67.7211080348207","68.0057576102462","68.2968499307678","68.5718095540702","68.832538403604","69.0543558887698","69.2169120032226","69.477297247824","69.6544059880001","","",
"Sao Tome and Principe","STP","Access to clean fuels and technologies for cooking (% of population)","EG.CFT.ACCS.ZS","","","","","","","","","","","","","","","","","","","","","","","","","","","","","","","","","","","","","","","","","0.3","0.3","0.4","0.4","0.5","0.6","0.6","0.7","0.8","1","1.1","1.3","1.5","1.7","1.9","2.1","2.3","2.6","2.9","3.2","3.5","3.9","4.2","4.6","","",
"Suriname","SUR","Access to clean fuels and technologies for cooking (% of population)","EG.CFT.ACCS.ZS","","","","","","","","","","","","","","","","","","","","","","","","","","","","","","","","","","","","","","","","","75.2","76.6","78.3","79.6","80.6","82.1","83.3","84.3","85.4","86.4","87.3","88.3","89.2","90.1","91","91.6","92.4","93.2","93.7","94.2","94.6","95.1","95.4","95.7","","",
"Slovak Republic","SVK","Access to clean fuels and technologies for cooking (% of population)","EG.CFT.ACCS.ZS","","","","","","","","","","","","","","","","","","","","","","","","","","","","","","","","","","","","","","","","","100","100","100","100","100","100","100","100","100","100","100","100","100","100","100","100","100","100","100","100","100","100","100","100","","",
"Slovenia","SVN","Access to clean fuels and technologies for cooking (% of population)","EG.CFT.ACCS.ZS","","","","","","","","","","","","","","","","","","","","","","","","","","","","","","","","","","","","","","","","","100","100","100","100","100","100","100","100","100","100","100","100","100","100","100","100","100","100","100","100","100","100","100","100","","",
"Sweden","SWE","Access to clean fuels and technologies for cooking (% of population)","EG.CFT.ACCS.ZS","","","","","","","","","","","","","","","","","","","","","","","","","","","","","","","","","","","","","","","","","100","100","100","100","100","100","100","100","100","100","100","100","100","100","100","100","100","100","100","100","100","100","100","100","","",
"Eswatini","SWZ","Access to clean fuels and technologies for cooking (% of population)","EG.CFT.ACCS.ZS","","","","","","","","","","","","","","","","","","","","","","","","","","","","","","","","","","","","","","","","","24.9","26.4","27.8","29.1","30.3","31.7","32.9","34.5","35.9","37.6","39.2","40.6","42","43.6","44.5","45.7","47","47.75","48.4","48.7","49.4","49.5","49.9","50.3","","",
"Sint Maarten (Dutch part)","SXM","Access to clean fuels and technologies for cooking (% of population)","EG.CFT.ACCS.ZS","","","","","","","","","","","","","","","","","","","","","","","","","","","","","","","","","","","","","","","","","","","","","","","","","","","","","","","","","","","","","","","","","","",
"Seychelles","SYC","Access to clean fuels and technologies for cooking (% of population)","EG.CFT.ACCS.ZS","","","","","","","","","","","","","","","","","","","","","","","","","","","","","","","","","","","","","","","","","100","100","100","100","100","100","100","100","100","100","100","100","100","100","100","100","100","100","100","100","100","100","100","100","","",
"Syrian Arab Republic","SYR","Access to clean fuels and technologies for cooking (% of population)","EG.CFT.ACCS.ZS","","","","","","","","","","","","","","","","","","","","","","","","","","","","","","","","","","","","","","","","","98.4","98.7","98.7","98.8","98.9","98.8","98.8","98.7","98.6","98.5","98.2","98","97.7","97.3","96.7","96.2","95.6","95.05","94.3","93.2","92.4","91.1","90.1","88.8","","",
"Turks and Caicos Islands","TCA","Access to clean fuels and technologies for cooking (% of population)","EG.CFT.ACCS.ZS","","","","","","","","","","","","","","","","","","","","","","","","","","","","","","","","","","","","","","","","","","","","","","","","","","","","","","","","","","","","","","","","","","",
"Chad","TCD","Access to clean fuels and technologies for cooking (% of population)","EG.CFT.ACCS.ZS","","","","","","","","","","","","","","","","","","","","","","","","","","","","","","","","","","","","","","","","","2.7","2.6","2.4","2.3","2.3","2.3","2.2","2.3","2.4","2.5","2.7","2.9","3.1","3.5","3.8","4.3","4.7","5.2","5.9","6.6","7.4","8","8.8","9.7","","",
"East Asia & Pacific (IDA & IBRD countries)","TEA","Access to clean fuels and technologies for cooking (% of population)","EG.CFT.ACCS.ZS","","","","","","","","","","","","","","","","","","","","","","","","","","","","","","","","","","","","","","","","","34.8689975493882","36.1247497412333","37.3689055994986","38.7089819690308","40.3150545534079","42.0842175653892","43.9366085914302","46.1706402672591","48.3814990417697","50.7875303823165","53.5474344270039","56.2826084410723","59.2612022730177","62.292307844699","65.48072427121","68.2810508516685","71.0340454852691","73.8066416796618","76.3656952569493","78.5419907167146","80.7403366094001","82.5485831341568","84.1759836820185","85.7011387493324","","",
"Europe & Central Asia (IDA & IBRD countries)","TEC","Access to clean fuels and technologies for cooking (% of population)","EG.CFT.ACCS.ZS","","","","","","","","","","","","","","","","","","","","","","","","","","","","","","","","","","","","","","","","","90.8120804234276","91.2660334188417","91.7118029986187","92.0987607918952","92.4887612428236","92.8664914923515","93.1793920370283","93.4796665509129","93.7604742331083","93.9707174749421","94.2335081899067","94.4385474404054","94.5982060819684","94.7634360707729","94.9066956143422","95.0136822147691","95.0505016188185","95.1587030045879","95.1812693900644","95.2097368046776","95.2308180277035","95.1877417611059","95.1512774990179","95.0995313124947","","",
"Togo","TGO","Access to clean fuels and technologies for cooking (% of population)","EG.CFT.ACCS.ZS","","","","","","","","","","","","","","","","","","","","","","","","","","","","","","","","","","","","","","","","","0.3","0.4","0.5","0.7","0.9","1.1","1.5","1.9","2.3","2.8","3.4","3.9","4.65","5.2","6","6.8","7.5","8.1","9","9.7","10.6","11.4","12.3","13.2","","",
"Thailand","THA","Access to clean fuels and technologies for cooking (% of population)","EG.CFT.ACCS.ZS","","","","","","","","","","","","","","","","","","","","","","","","","","","","","","","","","","","","","","","","","59.9","61.3","62.9","64.4","65.6","67","68.2","69.6","70.8","71.8","73.1","74.3","75.5","76.7","77.7","78.9","80","81.1","82","83.2","84.4","85.2","86","86.8","","",
"Tajikistan","TJK","Access to clean fuels and technologies for cooking (% of population)","EG.CFT.ACCS.ZS","","","","","","","","","","","","","","","","","","","","","","","","","","","","","","","","","","","","","","","","","36.3","39.95","43.5","47.5","51","54.3","57.7","60.7","63.65","66.3","68.6","71","72.8","74.9","76.6","78.1","79.7","81.2","82.35","83.8","84.8","85.8","86.9","87.9","","",
"Turkmenistan","TKM","Access to clean fuels and technologies for cooking (% of population)","EG.CFT.ACCS.ZS","","","","","","","","","","","","","","","","","","","","","","","","","","","","","","","","","","","","","","","","","99.3","99.4","99.5","99.6","99.7","99.7","99.8","99.8","99.9","99.9","99.9","99.9","99.9","99.9","99.9","99.9","99.9","99.9","99.9","99.9","99.9","99.9","99.8","99.8","","",
"Latin America & the Caribbean (IDA & IBRD countries)","TLA","Access to clean fuels and technologies for cooking (% of population)","EG.CFT.ACCS.ZS","","","","","","","","","","","","","","","","","","","","","","","","","","","","","","","","","","","","","","","","","80.5417474075948","81.2719761325367","81.9397588432275","82.5551422152096","83.0499605749739","83.5939014764175","84.0033243765903","84.426148544084","84.7883649075869","85.1497429353928","85.5459103453107","85.9014677282242","86.269717666365","86.5493107846977","86.94482026257","87.2955551456013","87.5701343308668","87.8351618632681","88.1009986682024","88.3630737779713","88.5766734727663","88.7648914752994","88.9109136403272","89.0706556715774","","",
"Timor-Leste","TLS","Access to clean fuels and technologies for cooking (% of population)","EG.CFT.ACCS.ZS","","","","","","","","","","","","","","","","","","","","","","","","","","","","","","","","","","","","","","","","","0.9","1.1","1.3","1.5","1.8","2","2.4","2.8","3.2","3.9","4.5","5.2","5.9","6.8","7.8","8.9","9.9","11.2","12.4","13.6","14.9","16.3","17.8","19.1","","",
"Middle East, North Africa, Afghanistan & Pakistan (IDA & IBRD)","TMN","Access to clean fuels and technologies for cooking (% of population)","EG.CFT.ACCS.ZS","","","","","","","","","","","","","","","","","","","","","","","","","","","","","","","","","","","","","","","","","60.0173632781803","61.6500513820718","62.9826281569081","64.0757644252377","65.2573506373596","66.2826712905205","67.1338024323962","67.9880463243892","68.7459942221545","69.3134838738639","69.8808406724598","70.3300451012106","70.9300668302228","71.4389539260245","71.8665068815405","72.4594851020382","73.0524573852252","73.4556519668056","74.0097280563348","74.5579222241471","74.9889536943546","75.482319396557","75.9706034748614","76.5501871248102","","",
"Tonga","TON","Access to clean fuels and technologies for cooking (% of population)","EG.CFT.ACCS.ZS","","","","","","","","","","","","","","","","","","","","","","","","","","","","","","","","","","","","","","","","","33.7","36.4","39.1","41.8","44.2","46.8","49.8","52.2","54.5","56.9","59.4","62","64.9","68","70.65","73.2","75.95","78.5","81","83.2","85.2","87","88.6","90.1","","",
"South Asia (IDA & IBRD)","TSA","Access to clean fuels and technologies for cooking (% of population)","EG.CFT.ACCS.ZS","","","","","","","","","","","","","","","","","","","","","","","","","","","","","","","","","","","","","","","","","20.6214165645212","21.6461575228923","22.6667020836102","23.8776355504079","24.9146507408273","25.8629623691407","26.8371577241679","28.1345902872613","29.2820199482298","30.8686638104964","32.2305554202237","34.0536415832734","36.2481085810133","39.0901270999806","41.3563103084917","44.6552505915235","47.7852760570284","50.9932969202059","54.3997607304664","57.7624633701574","61.253259249948","64.6274277793323","67.5580327508597","70.5783520488242","","",
"Sub-Saharan Africa (IDA & IBRD countries)","TSS","Access to clean fuels and technologies for cooking (% of population)","EG.CFT.ACCS.ZS","","","","","","","","","","","","","","","","","","","","","","","","","","","","","","","","","","","","","","","","","8.78115898018427","9.05789934370534","9.34522109759063","9.6457991577916","9.95255407815538","10.2655660953142","10.5903362897121","10.9628102250334","11.3609682708459","11.7351228730365","12.1441099636526","12.5918323397053","13.0782658840985","13.5874708047307","14.2137196633442","14.9219305893641","15.7051433783253","16.5936651993477","17.6085362866855","18.7415300243425","19.8365435111527","20.9047114563922","21.9157719504333","22.761396231097","","",
"Trinidad and Tobago","TTO","Access to clean fuels and technologies for cooking (% of population)","EG.CFT.ACCS.ZS","","","","","","","","","","","","","","","","","","","","","","","","","","","","","","","","","","","","","","","","","100","100","100","100","100","100","100","100","100","100","100","100","100","100","100","100","100","100","100","100","100","100","100","100","","",
"Tunisia","TUN","Access to clean fuels and technologies for cooking (% of population)","EG.CFT.ACCS.ZS","","","","","","","","","","","","","","","","","","","","","","","","","","","","","","","","","","","","","","","","","91.1","93.1","94.7","95.8","96.8","97.4","98.1","98.5","98.9","99.1","99.3","99.5","99.6","99.7","99.8","99.8","99.8","99.9","99.9","99.9","99.9","99.9","99.9","99.9","","",
"Turkiye","TUR","Access to clean fuels and technologies for cooking (% of population)","EG.CFT.ACCS.ZS","","","","","","","","","","","","","","","","","","","","","","","","","","","","","","","","","","","","","","","","","89.7","90.4","91.2","91.7","92.2","92.7","93","93.5","93.8","93.9","94.2","94.4","94.5","94.7","94.9","95","95","95.1","95.2","95.1","95.3","95.3","95.3","95.3","","",
"Tuvalu","TUV","Access to clean fuels and technologies for cooking (% of population)","EG.CFT.ACCS.ZS","","","","","","","","","","","","","","","","","","","","","","","","","","","","","","","","","","","","","","","","","7.3","8.9","10.4","12.8","15.3","18.4","22.4","27.2","32.95","38.6","44.6","50.5","55.3","60","63.6","66.9","69.4","71.3","73.5","73.95","75","76.4","76.75","77","","",
"Tanzania","TZA","Access to clean fuels and technologies for cooking (% of population)","EG.CFT.ACCS.ZS","","","","","","","","","","","","","","","","","","","","","","","","","","","","","","","","","","","","","","","","","0.6","0.6","0.7","0.7","0.8","0.8","0.9","1","1.1","1.2","1.4","1.7","2","2.4","2.8","3.4","4","4.6","5.4","6","6.9","7.8","8.7","9.8","","",
"Uganda","UGA","Access to clean fuels and technologies for cooking (% of population)","EG.CFT.ACCS.ZS","","","","","","","","","","","","","","","","","","","","","","","","","","","","","","","","","","","","","","","","","0.8","0.8","0.8","0.8","0.8","0.8","0.8","0.8","0.8","0.8","0.9","0.9","0.9","0.9","0.9","1","1.1","1.1","1.2","1.3","1.4","1.5","1.6","1.8","","",
"Ukraine","UKR","Access to clean fuels and technologies for cooking (% of population)","EG.CFT.ACCS.ZS","","","","","","","","","","","","","","","","","","","","","","","","","","","","","","","","","","","","","","","","","91.2","91.7","92.1","92.5","93","93.3","93.65","93.9","94.1","94.3","94.5","94.7","94.8","95","95.1","95.1","95.1","95.1","95.1","95.1","95.3","95.1","95.1","94.9","","",
"Upper middle income","UMC","Access to clean fuels and technologies for cooking (% of population)","EG.CFT.ACCS.ZS","","","","","","","","","","","","","","","","","","","","","","","","","","","","","","","","","","","","","","","","","50.1244168214663","51.3849754995703","52.60304219715","53.8692558945957","55.3024052361631","56.8379673061588","58.3786508127774","60.1609238381713","61.9058526912807","63.7769783237814","65.8927340089099","67.954251518824","70.1729127341165","72.4028708545472","74.7453686971051","76.7870659990815","78.7598830679849","80.7249457185032","82.5379525703239","84.0538127341647","85.5834916970221","86.8053045240072","87.881479852804","88.8927334378369","","",
"Uruguay","URY","Access to clean fuels and technologies for cooking (% of population)","EG.CFT.ACCS.ZS","","","","","","","","","","","","","","","","","","","","","","","","","","","","","","","","","","","","","","","","","100","100","100","100","100","100","100","100","100","100","100","100","100","100","100","100","100","100","100","100","100","100","100","100","","",
"United States","USA","Access to clean fuels and technologies for cooking (% of population)","EG.CFT.ACCS.ZS","","","","","","","","","","","","","","","","","","","","","","","","","","","","","","","","","","","","","","","","","100","100","100","100","100","100","100","100","100","100","100","100","100","100","100","100","100","100","100","100","100","100","100","100","","",
"Uzbekistan","UZB","Access to clean fuels and technologies for cooking (% of population)","EG.CFT.ACCS.ZS","","","","","","","","","","","","","","","","","","","","","","","","","","","","","","","","","","","","","","","","","83","83.5","83.9","84.2","84.6","85.1","85.2","85.2","85.4","85.4","85.4","85.3","85.2","84.7","84.5","84.2","83.4","83.2","82.25","81.95","80.7","79.8","79","78.1","","",
"St. Vincent and the Grenadines","VCT","Access to clean fuels and technologies for cooking (% of population)","EG.CFT.ACCS.ZS","","","","","","","","","","","","","","","","","","","","","","","","","","","","","","","","","","","","","","","","","96","96.1","96","95.8","95.9","95.8","95.9","95.7","95.7","95.6","95.5","95.3","95.1","94.8","94.5","94.1","93.9","93.3","92.7","92.4","91.9","90.8","90.4","89.5","","",
"Venezuela, RB","VEN","Access to clean fuels and technologies for cooking (% of population)","EG.CFT.ACCS.ZS","","","","","","","","","","","","","","","","","","","","","","","","","","","","","","","","","","","","","","","","","97.6","97.4","97.3","97.25","97.2","97.1","97.1","96.9","97","96.9","96.8","96.7","96.5","96.5","96.3","96.1","95.8","95.5","95.4","94.9","94.55","94.4","93.9","93.5","","",
"British Virgin Islands","VGB","Access to clean fuels and technologies for cooking (% of population)","EG.CFT.ACCS.ZS","","","","","","","","","","","","","","","","","","","","","","","","","","","","","","","","","","","","","","","","","","","","","","","","","","","","","","","","","","","","","","","","","","",
"Virgin Islands (U.S.)","VIR","Access to clean fuels and technologies for cooking (% of population)","EG.CFT.ACCS.ZS","","","","","","","","","","","","","","","","","","","","","","","","","","","","","","","","","","","","","","","","","","","","","","","","","","","","","","","","","","","","","","","","","","",
"Viet Nam","VNM","Access to clean fuels and technologies for cooking (% of population)","EG.CFT.ACCS.ZS","","","","","","","","","","","","","","","","","","","","","","","","","","","","","","","","","","","","","","","","","13.2","16","19.2","22.2","25.8","29.4","33.3","37","41.2","46.05","50.9","56.6","62.3","68.6","74.5","79.7","84.4","88.6","91.7","94.1","95.9","97.2","98.1","98.7","","",
"Vanuatu","VUT","Access to clean fuels and technologies for cooking (% of population)","EG.CFT.ACCS.ZS","","","","","","","","","","","","","","","","","","","","","","","","","","","","","","","","","","","","","","","","","13.3","13.5","13.6","13.5","13.6","13.5","13.4","13.2","13.1","13","12.9","12.9","13","13","13.4","13.7","14.3","14.8","15.5","16.1","17.2","18.1","19.3","20.6","","",
"World","WLD","Access to clean fuels and technologies for cooking (% of population)","EG.CFT.ACCS.ZS","","","","","","","","","","","","","","","","","","","","","","","","","","","","","","","","","","","","","","","","","48.9286928691756","49.6062889753054","50.2556070527256","50.9533746800582","51.6934244165364","52.4550708081118","53.2237878369147","54.1760680117105","55.0860356503379","56.1093644468333","57.1761985836823","58.3162544146778","59.6245656663647","61.0665176120609","62.4431784229337","63.9495403410313","65.4027850677184","66.8675305485826","68.3299921154472","69.6959280065216","71.0667001168458","72.2836981445827","73.3664980176387","74.4314693135029","","",
"Samoa","WSM","Access to clean fuels and technologies for cooking (% of population)","EG.CFT.ACCS.ZS","","","","","","","","","","","","","","","","","","","","","","","","","","","","","","","","","","","","","","","","","17.6","18.5","19.3","20.3","21.1","21.9","23","23.8","24.85","25.6","26.6","27.5","28.5","29.7","30.7","31.8","32.8","33.7","34.5","35.6","36.6","37.8","38.6","39.7","","",
"Kosovo","XKX","Access to clean fuels and technologies for cooking (% of population)","EG.CFT.ACCS.ZS","","","","","","","","","","","","","","","","","","","","","","","","","","","","","","","","","","","","","","","","","","","","","","","","","","","","","","","","","","","","","","","","","","",
"Yemen, Rep.","YEM","Access to clean fuels and technologies for cooking (% of population)","EG.CFT.ACCS.ZS","","","","","","","","","","","","","","","","","","","","","","","","","","","","","","","","","","","","","","","","","54.25","55.2","55.7","56.6","57.55","58","58.4","58.9","59","59.3","59.2","59.1","58.7","58.4","57.8","57","55.8","55","54.1","52.7","51.3","50.1","48.8","47.3","","",
"South Africa","ZAF","Access to clean fuels and technologies for cooking (% of population)","EG.CFT.ACCS.ZS","","","","","","","","","","","","","","","","","","","","","","","","","","","","","","","","","","","","","","","","","56.7","58.6","60.7","62.9","65.1","67.4","69.5","71.8","73.9","75.8","77.5","79.2","80.5","81.8","83","83.9","85","85.8","86.6","87.3","88.1","88.7","89.2","89.8","","",
"Zambia","ZMB","Access to clean fuels and technologies for cooking (% of population)","EG.CFT.ACCS.ZS","","","","","","","","","","","","","","","","","","","","","","","","","","","","","","","","","","","","","","","","","13.8","14.3","14.6","15","15.5","15.6","15.9","16.2","16.2","16.2","16.1","15.8","15.4","15.1","14.5","14","13.3","12.8","12.1","11.5","10.9","10.2","9.7","9.2","","",
"Zimbabwe","ZWE","Access to clean fuels and technologies for cooking (% of population)","EG.CFT.ACCS.ZS","","","","","","","","","","","","","","","","","","","","","","","","","","","","","","","","","","","","","","","","","33.6","33.7","33.5","33.2","32.4","32.1","31.7","31.3","31.1","30.8","30.4","30.3","30","30.1","29.8","29.9","29.9","29.9","30.1","30.1","30.3","30.3","30.5","30.7","","",
